psgcCode,correspondenceCode,officialName,displayName,geographicLevel,parentPsgcCode,regionPsgcCode,provincePsgcCode,cityMunicipalityPsgcCode,cityClassification,incomeClassification,oldName,sourceStatus,urbanRural,sourceVersion,suggestedSlug
0304900000,034900000,Nueva Ecija,Nueva Ecija,province,0300000000,0300000000,0304900000,,,1st,,,,PSGC-2026-Q2-2026-06-30,nueva-ecija
0304901000,034901000,Aliaga,Aliaga,municipality,0304900000,0300000000,0304900000,0304901000,,1st,,,,PSGC-2026-Q2-2026-06-30,aliaga-nueva-ecija
0304901003,034901003,Betes,Betes,barangay,0304901000,0300000000,0304900000,0304901000,,,,,R,PSGC-2026-Q2-2026-06-30,betes
0304901004,034901004,Bibiclat,Bibiclat,barangay,0304901000,0300000000,0304900000,0304901000,,,,,U,PSGC-2026-Q2-2026-06-30,bibiclat-nueva-ecija
0304901005,034901005,Bucot,Bucot,barangay,0304901000,0300000000,0304900000,0304901000,,,,,U,PSGC-2026-Q2-2026-06-30,bucot
0304901010,034901010,La Purisima,La Purisima,barangay,0304901000,0300000000,0304900000,0304901000,,,,,R,PSGC-2026-Q2-2026-06-30,la-purisima-nueva-ecija
0304901015,034901015,Magsaysay,Magsaysay,barangay,0304901000,0300000000,0304900000,0304901000,,,,,R,PSGC-2026-Q2-2026-06-30,magsaysay-nueva-ecija
0304901016,034901016,Macabucod,Macabucod,barangay,0304901000,0300000000,0304900000,0304901000,,,,,R,PSGC-2026-Q2-2026-06-30,macabucod
0304901018,034901018,Pantoc,Pantoc,barangay,0304901000,0300000000,0304900000,0304901000,,,,,R,PSGC-2026-Q2-2026-06-30,pantoc-nueva-ecija
0304901020,034901020,Poblacion Centro,Poblacion Centro,barangay,0304901000,0300000000,0304900000,0304901000,,,,,R,PSGC-2026-Q2-2026-06-30,poblacion-centro
0304901021,034901021,Poblacion East I,Poblacion East I,barangay,0304901000,0300000000,0304900000,0304901000,,,,,R,PSGC-2026-Q2-2026-06-30,poblacion-east-i
0304901022,034901022,Poblacion East II,Poblacion East II,barangay,0304901000,0300000000,0304900000,0304901000,,,,,R,PSGC-2026-Q2-2026-06-30,poblacion-east-ii
0304901023,034901023,Poblacion West III,Poblacion West III,barangay,0304901000,0300000000,0304900000,0304901000,,,,,R,PSGC-2026-Q2-2026-06-30,poblacion-west-iii
0304901024,034901024,Poblacion West IV,Poblacion West IV,barangay,0304901000,0300000000,0304900000,0304901000,,,,,R,PSGC-2026-Q2-2026-06-30,poblacion-west-iv
0304901027,034901027,San Carlos,San Carlos,barangay,0304901000,0300000000,0304900000,0304901000,,,,,R,PSGC-2026-Q2-2026-06-30,san-carlos-nueva-ecija
0304901028,034901028,San Emiliano,San Emiliano,barangay,0304901000,0300000000,0304900000,0304901000,,,,,R,PSGC-2026-Q2-2026-06-30,san-emiliano
0304901029,034901029,San Eustacio,San Eustacio,barangay,0304901000,0300000000,0304900000,0304901000,,,,,R,PSGC-2026-Q2-2026-06-30,san-eustacio
0304901030,034901030,San Felipe Bata,San Felipe Bata,barangay,0304901000,0300000000,0304900000,0304901000,,,,,R,PSGC-2026-Q2-2026-06-30,san-felipe-bata
0304901031,034901031,San Felipe Matanda,San Felipe Matanda,barangay,0304901000,0300000000,0304900000,0304901000,,,,,R,PSGC-2026-Q2-2026-06-30,san-felipe-matanda
0304901032,034901032,San Juan,San Juan,barangay,0304901000,0300000000,0304900000,0304901000,,,,,U,PSGC-2026-Q2-2026-06-30,san-juan-nueva-ecija
0304901033,034901033,San Pablo Bata,San Pablo Bata,barangay,0304901000,0300000000,0304900000,0304901000,,,,,R,PSGC-2026-Q2-2026-06-30,san-pablo-bata
0304901034,034901034,San Pablo Matanda,San Pablo Matanda,barangay,0304901000,0300000000,0304900000,0304901000,,,,,R,PSGC-2026-Q2-2026-06-30,san-pablo-matanda
0304901035,034901035,Santa Monica,Santa Monica,barangay,0304901000,0300000000,0304900000,0304901000,,,,,R,PSGC-2026-Q2-2026-06-30,santa-monica-nueva-ecija
0304901036,034901036,Santiago,Santiago,barangay,0304901000,0300000000,0304900000,0304901000,,,,,R,PSGC-2026-Q2-2026-06-30,santiago-nueva-ecija
0304901038,034901038,Santo Rosario,Santo Rosario,barangay,0304901000,0300000000,0304900000,0304901000,,,,,R,PSGC-2026-Q2-2026-06-30,santo-rosario-nueva-ecija
0304901039,034901039,Santo Tomas,Santo Tomas,barangay,0304901000,0300000000,0304900000,0304901000,,,,,U,PSGC-2026-Q2-2026-06-30,santo-tomas-nueva-ecija
0304901040,034901040,Sunson,Sunson,barangay,0304901000,0300000000,0304900000,0304901000,,,,,R,PSGC-2026-Q2-2026-06-30,sunson
0304901042,034901042,Umangan,Umangan,barangay,0304901000,0300000000,0304900000,0304901000,,,,,R,PSGC-2026-Q2-2026-06-30,umangan-nueva-ecija
0304902000,034902000,Bongabon,Bongabon,municipality,0304900000,0300000000,0304900000,0304902000,,1st,,,,PSGC-2026-Q2-2026-06-30,bongabon
0304902001,034902001,Antipolo,Antipolo,barangay,0304902000,0300000000,0304900000,0304902000,,,,,R,PSGC-2026-Q2-2026-06-30,antipolo-nueva-ecija
0304902002,034902002,Ariendo,Ariendo,barangay,0304902000,0300000000,0304900000,0304902000,,,,,R,PSGC-2026-Q2-2026-06-30,ariendo
0304902003,034902003,Bantug,Bantug,barangay,0304902000,0300000000,0304900000,0304902000,,,,,R,PSGC-2026-Q2-2026-06-30,bantug-nueva-ecija
0304902004,034902004,Calaanan,Calaanan,barangay,0304902000,0300000000,0304900000,0304902000,,,,,R,PSGC-2026-Q2-2026-06-30,calaanan
0304902005,034902005,Commercial,Commercial,barangay,0304902000,0300000000,0304900000,0304902000,,,,Pob.,R,PSGC-2026-Q2-2026-06-30,commercial
0304902006,034902006,Cruz,Cruz,barangay,0304902000,0300000000,0304900000,0304902000,,,,,R,PSGC-2026-Q2-2026-06-30,cruz-nueva-ecija
0304902007,034902007,Digmala,Digmala,barangay,0304902000,0300000000,0304900000,0304902000,,,,,R,PSGC-2026-Q2-2026-06-30,digmala
0304902008,034902008,Curva,Curva,barangay,0304902000,0300000000,0304900000,0304902000,,,J. Tomacruz,,R,PSGC-2026-Q2-2026-06-30,curva-nueva-ecija
0304902009,034902009,Kaingin,Kaingin,barangay,0304902000,0300000000,0304900000,0304902000,,,,Pob.,R,PSGC-2026-Q2-2026-06-30,kaingin-nueva-ecija
0304902010,034902010,Labi,Labi,barangay,0304902000,0300000000,0304900000,0304902000,,,,,R,PSGC-2026-Q2-2026-06-30,labi
0304902011,034902011,Larcon,Larcon,barangay,0304902000,0300000000,0304900000,0304902000,,,,,R,PSGC-2026-Q2-2026-06-30,larcon
0304902012,034902012,Lusok,Lusok,barangay,0304902000,0300000000,0304900000,0304902000,,,,,R,PSGC-2026-Q2-2026-06-30,lusok-nueva-ecija
0304902013,034902013,Macabaclay,Macabaclay,barangay,0304902000,0300000000,0304900000,0304902000,,,,,R,PSGC-2026-Q2-2026-06-30,macabaclay
0304902014,034902014,Magtanggol,Magtanggol,barangay,0304902000,0300000000,0304900000,0304902000,,,,Pob.,R,PSGC-2026-Q2-2026-06-30,magtanggol-nueva-ecija
0304902015,034902015,Mantile,Mantile,barangay,0304902000,0300000000,0304900000,0304902000,,,,Pob.,R,PSGC-2026-Q2-2026-06-30,mantile
0304902016,034902016,Olivete,Olivete,barangay,0304902000,0300000000,0304900000,0304902000,,,,,R,PSGC-2026-Q2-2026-06-30,olivete
0304902017,034902017,Palo Maria,Palo Maria,barangay,0304902000,0300000000,0304900000,0304902000,,,,Pob.,R,PSGC-2026-Q2-2026-06-30,palo-maria
0304902018,034902018,Pesa,Pesa,barangay,0304902000,0300000000,0304900000,0304902000,,,,,R,PSGC-2026-Q2-2026-06-30,pesa
0304902020,034902020,Rizal,Rizal,barangay,0304902000,0300000000,0304900000,0304902000,,,,Pob.,R,PSGC-2026-Q2-2026-06-30,rizal-nueva-ecija-0304902020
0304902021,034902021,Sampalucan,Sampalucan,barangay,0304902000,0300000000,0304900000,0304902000,,,,Pob.,R,PSGC-2026-Q2-2026-06-30,sampalucan
0304902022,034902022,San Roque,San Roque,barangay,0304902000,0300000000,0304900000,0304902000,,,,Pob.,R,PSGC-2026-Q2-2026-06-30,san-roque-nueva-ecija
0304902023,034902023,Santor,Santor,barangay,0304902000,0300000000,0304900000,0304902000,,,,,U,PSGC-2026-Q2-2026-06-30,santor-nueva-ecija
0304902024,034902024,Sinipit,Sinipit,barangay,0304902000,0300000000,0304900000,0304902000,,,,Pob.,R,PSGC-2026-Q2-2026-06-30,sinipit-nueva-ecija
0304902025,034902025,Sisilang na Ligaya,Sisilang na Ligaya,barangay,0304902000,0300000000,0304900000,0304902000,,,,Pob.,R,PSGC-2026-Q2-2026-06-30,sisilang-na-ligaya
0304902026,034902026,Social,Social,barangay,0304902000,0300000000,0304900000,0304902000,,,,Pob.,R,PSGC-2026-Q2-2026-06-30,social
0304902027,034902027,Tugatug,Tugatug,barangay,0304902000,0300000000,0304900000,0304902000,,,,,R,PSGC-2026-Q2-2026-06-30,tugatug
0304902028,034902028,Tulay na Bato,Tulay na Bato,barangay,0304902000,0300000000,0304900000,0304902000,,,,Pob.,R,PSGC-2026-Q2-2026-06-30,tulay-na-bato
0304902029,034902029,Vega,Vega,barangay,0304902000,0300000000,0304900000,0304902000,,,,,U,PSGC-2026-Q2-2026-06-30,vega
0304903000,034903000,City of Cabanatuan,Cabanatuan City,city,0304900000,0300000000,0304900000,0304903000,Component City,1st,,,,PSGC-2026-Q2-2026-06-30,cabanatuan-city
0304903002,034903002,Aduas Centro,Aduas Centro,barangay,0304903000,0300000000,0304900000,0304903000,,,Aduas,,U,PSGC-2026-Q2-2026-06-30,aduas-centro
0304903003,034903003,Bagong Sikat,Bagong Sikat,barangay,0304903000,0300000000,0304900000,0304903000,,,,,U,PSGC-2026-Q2-2026-06-30,bagong-sikat-nueva-ecija
0304903005,034903005,Bagong Buhay,Bagong Buhay,barangay,0304903000,0300000000,0304900000,0304903000,,,,,R,PSGC-2026-Q2-2026-06-30,bagong-buhay-nueva-ecija
0304903006,034903006,Bakero,Bakero,barangay,0304903000,0300000000,0304900000,0304903000,,,,,R,PSGC-2026-Q2-2026-06-30,bakero
0304903007,034903007,Bakod Bayan,Bakod Bayan,barangay,0304903000,0300000000,0304900000,0304903000,,,,,U,PSGC-2026-Q2-2026-06-30,bakod-bayan
0304903008,034903008,Balite,Balite,barangay,0304903000,0300000000,0304900000,0304903000,,,,,R,PSGC-2026-Q2-2026-06-30,balite-nueva-ecija
0304903009,034903009,Bangad,Bangad,barangay,0304903000,0300000000,0304900000,0304903000,,,,,U,PSGC-2026-Q2-2026-06-30,bangad-nueva-ecija
0304903010,034903010,Bantug Bulalo,Bantug Bulalo,barangay,0304903000,0300000000,0304900000,0304903000,,,,,R,PSGC-2026-Q2-2026-06-30,bantug-bulalo
0304903011,034903011,Bantug Norte,Bantug Norte,barangay,0304903000,0300000000,0304900000,0304903000,,,,,U,PSGC-2026-Q2-2026-06-30,bantug-norte
0304903012,034903012,Barlis,Barlis,barangay,0304903000,0300000000,0304900000,0304903000,,,,,R,PSGC-2026-Q2-2026-06-30,barlis
0304903013,034903013,Barrera District,Barrera District,barangay,0304903000,0300000000,0304900000,0304903000,,,,Pob.,U,PSGC-2026-Q2-2026-06-30,barrera-district
0304903015,034903015,Bernardo District,Bernardo District,barangay,0304903000,0300000000,0304900000,0304903000,,,,Pob.,U,PSGC-2026-Q2-2026-06-30,bernardo-district
0304903016,034903016,Bitas,Bitas,barangay,0304903000,0300000000,0304900000,0304903000,,,,,U,PSGC-2026-Q2-2026-06-30,bitas
0304903017,034903017,Bonifacio District,Bonifacio District,barangay,0304903000,0300000000,0304900000,0304903000,,,,Pob.,R,PSGC-2026-Q2-2026-06-30,bonifacio-district-nueva-ecija
0304903018,034903018,Buliran,Buliran,barangay,0304903000,0300000000,0304900000,0304903000,,,,,R,PSGC-2026-Q2-2026-06-30,buliran-nueva-ecija
0304903019,034903019,Caalibangbangan,Caalibangbangan,barangay,0304903000,0300000000,0304900000,0304903000,,,,,U,PSGC-2026-Q2-2026-06-30,caalibangbangan
0304903020,034903020,Cabu,Cabu,barangay,0304903000,0300000000,0304900000,0304903000,,,,,U,PSGC-2026-Q2-2026-06-30,cabu
0304903022,034903022,Campo Tinio,Campo Tinio,barangay,0304903000,0300000000,0304900000,0304903000,,,,,U,PSGC-2026-Q2-2026-06-30,campo-tinio
0304903023,034903023,Kapitan Pepe,Kapitan Pepe,barangay,0304903000,0300000000,0304900000,0304903000,,,,Pob.,U,PSGC-2026-Q2-2026-06-30,kapitan-pepe
0304903024,034903024,Cinco-Cinco,Cinco-Cinco,barangay,0304903000,0300000000,0304900000,0304903000,,,,,R,PSGC-2026-Q2-2026-06-30,cinco-cinco
0304903025,034903025,City Supermarket,City Supermarket,barangay,0304903000,0300000000,0304900000,0304903000,,,,Pob.,U,PSGC-2026-Q2-2026-06-30,city-supermarket
0304903026,034903026,Caudillo,Caudillo,barangay,0304903000,0300000000,0304900000,0304903000,,,,,R,PSGC-2026-Q2-2026-06-30,caudillo
0304903027,034903027,Communal,Communal,barangay,0304903000,0300000000,0304900000,0304903000,,,,,R,PSGC-2026-Q2-2026-06-30,communal-nueva-ecija
0304903028,034903028,Cruz Roja,Cruz Roja,barangay,0304903000,0300000000,0304900000,0304903000,,,,,U,PSGC-2026-Q2-2026-06-30,cruz-roja
0304903029,034903029,Daang Sarile,Daang Sarile,barangay,0304903000,0300000000,0304900000,0304903000,,,,,U,PSGC-2026-Q2-2026-06-30,daang-sarile
0304903030,034903030,Dalampang,Dalampang,barangay,0304903000,0300000000,0304900000,0304903000,,,,,R,PSGC-2026-Q2-2026-06-30,dalampang
0304903031,034903031,Dicarma,Dicarma,barangay,0304903000,0300000000,0304900000,0304903000,,,,Pob.,U,PSGC-2026-Q2-2026-06-30,dicarma
0304903032,034903032,Dimasalang,Dimasalang,barangay,0304903000,0300000000,0304900000,0304903000,,,,Pob.,U,PSGC-2026-Q2-2026-06-30,dimasalang-nueva-ecija
0304903033,034903033,Dionisio S. Garcia,Dionisio S. Garcia,barangay,0304903000,0300000000,0304900000,0304903000,,,,,U,PSGC-2026-Q2-2026-06-30,dionisio-s-garcia
0304903035,034903035,Fatima,Fatima,barangay,0304903000,0300000000,0304900000,0304903000,,,,Pob.,U,PSGC-2026-Q2-2026-06-30,fatima-nueva-ecija
0304903036,034903036,General Luna,General Luna,barangay,0304903000,0300000000,0304900000,0304903000,,,,Pob.,U,PSGC-2026-Q2-2026-06-30,general-luna-nueva-ecija
0304903037,034903037,Ibabao Bana,Ibabao Bana,barangay,0304903000,0300000000,0304900000,0304903000,,,,,R,PSGC-2026-Q2-2026-06-30,ibabao-bana
0304903038,034903038,Imelda District,Imelda District,barangay,0304903000,0300000000,0304900000,0304903000,,,,,U,PSGC-2026-Q2-2026-06-30,imelda-district
0304903039,034903039,Isla,Isla,barangay,0304903000,0300000000,0304900000,0304903000,,,,Pob.,R,PSGC-2026-Q2-2026-06-30,isla-nueva-ecija
0304903040,034903040,Calawagan,Calawagan,barangay,0304903000,0300000000,0304900000,0304903000,,,Kalawagan,,R,PSGC-2026-Q2-2026-06-30,calawagan
0304903041,034903041,Kalikid Norte,Kalikid Norte,barangay,0304903000,0300000000,0304900000,0304903000,,,,,R,PSGC-2026-Q2-2026-06-30,kalikid-norte
0304903042,034903042,Kalikid Sur,Kalikid Sur,barangay,0304903000,0300000000,0304900000,0304903000,,,,,U,PSGC-2026-Q2-2026-06-30,kalikid-sur
0304903043,034903043,Lagare,Lagare,barangay,0304903000,0300000000,0304900000,0304903000,,,,,R,PSGC-2026-Q2-2026-06-30,lagare
0304903044,034903044,M. S. Garcia,M. S. Garcia,barangay,0304903000,0300000000,0304900000,0304903000,,,,,U,PSGC-2026-Q2-2026-06-30,m-s-garcia
0304903046,034903046,Mabini Extension,Mabini Extension,barangay,0304903000,0300000000,0304900000,0304903000,,,,,U,PSGC-2026-Q2-2026-06-30,mabini-extension
0304903047,034903047,Mabini Homesite,Mabini Homesite,barangay,0304903000,0300000000,0304900000,0304903000,,,,,U,PSGC-2026-Q2-2026-06-30,mabini-homesite
0304903048,034903048,Macatbong,Macatbong,barangay,0304903000,0300000000,0304900000,0304903000,,,,,R,PSGC-2026-Q2-2026-06-30,macatbong
0304903049,034903049,Magsaysay District,Magsaysay District,barangay,0304903000,0300000000,0304900000,0304903000,,,,,U,PSGC-2026-Q2-2026-06-30,magsaysay-district-nueva-ecija
0304903050,034903050,Matadero,Matadero,barangay,0304903000,0300000000,0304900000,0304903000,,,,Pob.,R,PSGC-2026-Q2-2026-06-30,matadero-nueva-ecija
0304903051,034903051,Lourdes,Lourdes,barangay,0304903000,0300000000,0304900000,0304903000,,,Matungal-tungal,,R,PSGC-2026-Q2-2026-06-30,lourdes-nueva-ecija
0304903052,034903052,Mayapyap Norte,Mayapyap Norte,barangay,0304903000,0300000000,0304900000,0304903000,,,,,R,PSGC-2026-Q2-2026-06-30,mayapyap-norte
0304903053,034903053,Mayapyap Sur,Mayapyap Sur,barangay,0304903000,0300000000,0304900000,0304903000,,,,,U,PSGC-2026-Q2-2026-06-30,mayapyap-sur
0304903054,034903054,Melojavilla,Melojavilla,barangay,0304903000,0300000000,0304900000,0304903000,,,,Pob.,U,PSGC-2026-Q2-2026-06-30,melojavilla
0304903055,034903055,Obrero,Obrero,barangay,0304903000,0300000000,0304900000,0304903000,,,,,R,PSGC-2026-Q2-2026-06-30,obrero-nueva-ecija
0304903056,034903056,Padre Crisostomo,Padre Crisostomo,barangay,0304903000,0300000000,0304900000,0304903000,,,,,R,PSGC-2026-Q2-2026-06-30,padre-crisostomo
0304903057,034903057,Pagas,Pagas,barangay,0304903000,0300000000,0304900000,0304903000,,,,,R,PSGC-2026-Q2-2026-06-30,pagas
0304903058,034903058,Palagay,Palagay,barangay,0304903000,0300000000,0304900000,0304903000,,,,,R,PSGC-2026-Q2-2026-06-30,palagay
0304903059,034903059,Pamaldan,Pamaldan,barangay,0304903000,0300000000,0304900000,0304903000,,,,,R,PSGC-2026-Q2-2026-06-30,pamaldan
0304903060,034903060,Pangatian,Pangatian,barangay,0304903000,0300000000,0304900000,0304903000,,,,,R,PSGC-2026-Q2-2026-06-30,pangatian
0304903061,034903061,Patalac,Patalac,barangay,0304903000,0300000000,0304900000,0304903000,,,,,R,PSGC-2026-Q2-2026-06-30,patalac
0304903063,034903063,Polilio,Polilio,barangay,0304903000,0300000000,0304900000,0304903000,,,,,R,PSGC-2026-Q2-2026-06-30,polilio-nueva-ecija
0304903064,034903064,Pula,Pula,barangay,0304903000,0300000000,0304900000,0304903000,,,,,R,PSGC-2026-Q2-2026-06-30,pula-nueva-ecija
0304903065,034903065,Quezon District,Quezon District,barangay,0304903000,0300000000,0304900000,0304903000,,,,Pob.,U,PSGC-2026-Q2-2026-06-30,quezon-district
0304903066,034903066,Rizdelis,Rizdelis,barangay,0304903000,0300000000,0304900000,0304903000,,,,Pob.,R,PSGC-2026-Q2-2026-06-30,rizdelis
0304903067,034903067,Samon,Samon,barangay,0304903000,0300000000,0304900000,0304903000,,,,,R,PSGC-2026-Q2-2026-06-30,samon-nueva-ecija
0304903068,034903068,San Isidro,San Isidro,barangay,0304903000,0300000000,0304900000,0304903000,,,,,U,PSGC-2026-Q2-2026-06-30,san-isidro-nueva-ecija-0304903068
0304903071,034903071,San Josef Norte,San Josef Norte,barangay,0304903000,0300000000,0304900000,0304903000,,,,,R,PSGC-2026-Q2-2026-06-30,san-josef-norte
0304903072,034903072,San Josef Sur,San Josef Sur,barangay,0304903000,0300000000,0304900000,0304903000,,,,,U,PSGC-2026-Q2-2026-06-30,san-josef-sur
0304903073,034903073,San Juan Pob.,San Juan Pob.,barangay,0304903000,0300000000,0304900000,0304903000,,,Acofa,,U,PSGC-2026-Q2-2026-06-30,san-juan-pob-nueva-ecija
0304903074,034903074,San Roque Norte,San Roque Norte,barangay,0304903000,0300000000,0304900000,0304903000,,,,,U,PSGC-2026-Q2-2026-06-30,san-roque-norte
0304903075,034903075,San Roque Sur,San Roque Sur,barangay,0304903000,0300000000,0304900000,0304903000,,,,,R,PSGC-2026-Q2-2026-06-30,san-roque-sur
0304903076,034903076,Sanbermicristi,Sanbermicristi,barangay,0304903000,0300000000,0304900000,0304903000,,,,Pob.,U,PSGC-2026-Q2-2026-06-30,sanbermicristi
0304903077,034903077,Sangitan,Sangitan,barangay,0304903000,0300000000,0304900000,0304903000,,,,,U,PSGC-2026-Q2-2026-06-30,sangitan
0304903078,034903078,Santa Arcadia,Santa Arcadia,barangay,0304903000,0300000000,0304900000,0304903000,,,,,U,PSGC-2026-Q2-2026-06-30,santa-arcadia
0304903079,034903079,Sumacab Norte,Sumacab Norte,barangay,0304903000,0300000000,0304900000,0304903000,,,,,R,PSGC-2026-Q2-2026-06-30,sumacab-norte
0304903082,034903082,Valdefuente,Valdefuente,barangay,0304903000,0300000000,0304900000,0304903000,,,,,U,PSGC-2026-Q2-2026-06-30,valdefuente
0304903083,034903083,Valle Cruz,Valle Cruz,barangay,0304903000,0300000000,0304900000,0304903000,,,,,U,PSGC-2026-Q2-2026-06-30,valle-cruz
0304903084,034903084,Vijandre District,Vijandre District,barangay,0304903000,0300000000,0304900000,0304903000,,,,Pob.,R,PSGC-2026-Q2-2026-06-30,vijandre-district
0304903085,034903085,Villa Ofelia-Caridad,Villa Ofelia-Caridad,barangay,0304903000,0300000000,0304900000,0304903000,,,,,R,PSGC-2026-Q2-2026-06-30,villa-ofelia-caridad
0304903086,034903086,Zulueta District,Zulueta District,barangay,0304903000,0300000000,0304900000,0304903000,,,,Pob.,U,PSGC-2026-Q2-2026-06-30,zulueta-district
0304903087,034903087,Nabao,Nabao,barangay,0304903000,0300000000,0304900000,0304903000,,,,Pob.,R,PSGC-2026-Q2-2026-06-30,nabao
0304903088,034903088,Padre Burgos,Padre Burgos,barangay,0304903000,0300000000,0304900000,0304903000,,,,Pob.,U,PSGC-2026-Q2-2026-06-30,padre-burgos-nueva-ecija
0304903089,034903089,Talipapa,Talipapa,barangay,0304903000,0300000000,0304900000,0304903000,,,,,R,PSGC-2026-Q2-2026-06-30,talipapa-nueva-ecija
0304903090,034903090,Aduas Norte,Aduas Norte,barangay,0304903000,0300000000,0304900000,0304903000,,,,,U,PSGC-2026-Q2-2026-06-30,aduas-norte
0304903091,034903091,Aduas Sur,Aduas Sur,barangay,0304903000,0300000000,0304900000,0304903000,,,,,U,PSGC-2026-Q2-2026-06-30,aduas-sur
0304903092,034903092,"Hermogenes C. Concepcion, Sr.","Hermogenes C. Concepcion, Sr.",barangay,0304903000,0300000000,0304900000,0304903000,,,,,U,PSGC-2026-Q2-2026-06-30,hermogenes-c-concepcion-sr
0304903093,034903093,Sapang,Sapang,barangay,0304903000,0300000000,0304900000,0304903000,,,,,R,PSGC-2026-Q2-2026-06-30,sapang-nueva-ecija
0304903094,034903094,Sumacab Este,Sumacab Este,barangay,0304903000,0300000000,0304900000,0304903000,,,,,U,PSGC-2026-Q2-2026-06-30,sumacab-este
0304903095,034903095,Sumacab South,Sumacab South,barangay,0304903000,0300000000,0304900000,0304903000,,,,,U,PSGC-2026-Q2-2026-06-30,sumacab-south
0304903096,034903096,Caridad,Caridad,barangay,0304903000,0300000000,0304900000,0304903000,,,,,R,PSGC-2026-Q2-2026-06-30,caridad-nueva-ecija
0304903097,034903097,Magsaysay South,Magsaysay South,barangay,0304903000,0300000000,0304900000,0304903000,,,,,R,PSGC-2026-Q2-2026-06-30,magsaysay-south
0304903098,034903098,Maria Theresa,Maria Theresa,barangay,0304903000,0300000000,0304900000,0304903000,,,,,R,PSGC-2026-Q2-2026-06-30,maria-theresa
0304903099,034903099,Sangitan East,Sangitan East,barangay,0304903000,0300000000,0304900000,0304903000,,,,,U,PSGC-2026-Q2-2026-06-30,sangitan-east
0304903100,034903100,Santo Niño,Santo Niño,barangay,0304903000,0300000000,0304900000,0304903000,,,,,R,PSGC-2026-Q2-2026-06-30,santo-nino-nueva-ecija
0304904000,034904000,Cabiao,Cabiao,municipality,0304900000,0300000000,0304900000,0304904000,,1st,,,,PSGC-2026-Q2-2026-06-30,cabiao
0304904001,034904001,Bagong Buhay,Bagong Buhay,barangay,0304904000,0300000000,0304900000,0304904000,,,,,R,PSGC-2026-Q2-2026-06-30,bagong-buhay-nueva-ecija-0304904001
0304904002,034904002,Bagong Sikat,Bagong Sikat,barangay,0304904000,0300000000,0304900000,0304904000,,,,,R,PSGC-2026-Q2-2026-06-30,bagong-sikat-nueva-ecija-0304904002
0304904003,034904003,Bagong Silang,Bagong Silang,barangay,0304904000,0300000000,0304900000,0304904000,,,,,R,PSGC-2026-Q2-2026-06-30,bagong-silang-nueva-ecija
0304904004,034904004,Concepcion,Concepcion,barangay,0304904000,0300000000,0304900000,0304904000,,,,,R,PSGC-2026-Q2-2026-06-30,concepcion-nueva-ecija
0304904005,034904005,Entablado,Entablado,barangay,0304904000,0300000000,0304900000,0304904000,,,,,U,PSGC-2026-Q2-2026-06-30,entablado-nueva-ecija
0304904006,034904006,Maligaya,Maligaya,barangay,0304904000,0300000000,0304900000,0304904000,,,,,U,PSGC-2026-Q2-2026-06-30,maligaya-nueva-ecija
0304904008,034904008,Natividad North,Natividad North,barangay,0304904000,0300000000,0304900000,0304904000,,,,Pob.,R,PSGC-2026-Q2-2026-06-30,natividad-north
0304904009,034904009,Natividad South,Natividad South,barangay,0304904000,0300000000,0304900000,0304904000,,,,Pob.,R,PSGC-2026-Q2-2026-06-30,natividad-south
0304904010,034904010,Palasinan,Palasinan,barangay,0304904000,0300000000,0304900000,0304904000,,,,,R,PSGC-2026-Q2-2026-06-30,palasinan
0304904012,034904012,San Antonio,San Antonio,barangay,0304904000,0300000000,0304900000,0304904000,,,,,R,PSGC-2026-Q2-2026-06-30,san-antonio-nueva-ecija-0304904012
0304904013,034904013,San Fernando Norte,San Fernando Norte,barangay,0304904000,0300000000,0304900000,0304904000,,,,,R,PSGC-2026-Q2-2026-06-30,san-fernando-norte
0304904014,034904014,San Fernando Sur,San Fernando Sur,barangay,0304904000,0300000000,0304900000,0304904000,,,,,U,PSGC-2026-Q2-2026-06-30,san-fernando-sur
0304904015,034904015,San Gregorio,San Gregorio,barangay,0304904000,0300000000,0304900000,0304904000,,,,,R,PSGC-2026-Q2-2026-06-30,san-gregorio-nueva-ecija
0304904016,034904016,San Juan North,San Juan North,barangay,0304904000,0300000000,0304900000,0304904000,,,,Pob.,U,PSGC-2026-Q2-2026-06-30,san-juan-north
0304904017,034904017,San Juan South,San Juan South,barangay,0304904000,0300000000,0304900000,0304904000,,,,Pob.,R,PSGC-2026-Q2-2026-06-30,san-juan-south
0304904019,034904019,San Roque,San Roque,barangay,0304904000,0300000000,0304900000,0304904000,,,,,U,PSGC-2026-Q2-2026-06-30,san-roque-nueva-ecija-0304904019
0304904020,034904020,San Vicente,San Vicente,barangay,0304904000,0300000000,0304900000,0304904000,,,,,U,PSGC-2026-Q2-2026-06-30,san-vicente-nueva-ecija
0304904021,034904021,Santa Rita,Santa Rita,barangay,0304904000,0300000000,0304900000,0304904000,,,,,U,PSGC-2026-Q2-2026-06-30,santa-rita-nueva-ecija
0304904022,034904022,Sinipit,Sinipit,barangay,0304904000,0300000000,0304900000,0304904000,,,,,U,PSGC-2026-Q2-2026-06-30,sinipit-nueva-ecija-0304904022
0304904023,034904023,Polilio,Polilio,barangay,0304904000,0300000000,0304900000,0304904000,,,,,R,PSGC-2026-Q2-2026-06-30,polilio-nueva-ecija-0304904023
0304904024,034904024,San Carlos,San Carlos,barangay,0304904000,0300000000,0304900000,0304904000,,,,,R,PSGC-2026-Q2-2026-06-30,san-carlos-nueva-ecija-0304904024
0304904025,034904025,Santa Isabel,Santa Isabel,barangay,0304904000,0300000000,0304900000,0304904000,,,,,R,PSGC-2026-Q2-2026-06-30,santa-isabel-nueva-ecija
0304904026,034904026,Santa Ines,Santa Ines,barangay,0304904000,0300000000,0304900000,0304904000,,,,,R,PSGC-2026-Q2-2026-06-30,santa-ines-nueva-ecija
0304905000,034905000,Carranglan,Carranglan,municipality,0304900000,0300000000,0304900000,0304905000,,1st,,,,PSGC-2026-Q2-2026-06-30,carranglan
0304905001,034905001,R.A.Padilla,R.A.Padilla,barangay,0304905000,0300000000,0304900000,0304905000,,,Baluarte,,R,PSGC-2026-Q2-2026-06-30,r-a-padilla
0304905002,034905002,Bantug,Bantug,barangay,0304905000,0300000000,0304900000,0304905000,,,,,R,PSGC-2026-Q2-2026-06-30,bantug-nueva-ecija-0304905002
0304905004,034905004,Bunga,Bunga,barangay,0304905000,0300000000,0304900000,0304905000,,,,,R,PSGC-2026-Q2-2026-06-30,bunga-nueva-ecija
0304905005,034905005,Burgos,Burgos,barangay,0304905000,0300000000,0304900000,0304905000,,,,,R,PSGC-2026-Q2-2026-06-30,burgos-nueva-ecija
0304905007,034905007,Capintalan,Capintalan,barangay,0304905000,0300000000,0304900000,0304905000,,,,,R,PSGC-2026-Q2-2026-06-30,capintalan
0304905015,034905015,Joson,Joson,barangay,0304905000,0300000000,0304900000,0304905000,,,Digidig,,U,PSGC-2026-Q2-2026-06-30,joson
0304905020,034905020,General Luna,General Luna,barangay,0304905000,0300000000,0304900000,0304905000,,,,,R,PSGC-2026-Q2-2026-06-30,general-luna-nueva-ecija-0304905020
0304905030,034905030,Minuli,Minuli,barangay,0304905000,0300000000,0304900000,0304905000,,,,,R,PSGC-2026-Q2-2026-06-30,minuli
0304905041,034905041,Piut,Piut,barangay,0304905000,0300000000,0304900000,0304905000,,,,,R,PSGC-2026-Q2-2026-06-30,piut
0304905045,034905045,Puncan,Puncan,barangay,0304905000,0300000000,0304900000,0304905000,,,,,U,PSGC-2026-Q2-2026-06-30,puncan
0304905046,034905046,Putlan,Putlan,barangay,0304905000,0300000000,0304900000,0304905000,,,,,R,PSGC-2026-Q2-2026-06-30,putlan
0304905047,034905047,Salazar,Salazar,barangay,0304905000,0300000000,0304900000,0304905000,,,,,R,PSGC-2026-Q2-2026-06-30,salazar
0304905048,034905048,San Agustin,San Agustin,barangay,0304905000,0300000000,0304900000,0304905000,,,,,R,PSGC-2026-Q2-2026-06-30,san-agustin-nueva-ecija
0304905052,034905052,T. L. Padilla Pob.,T. L. Padilla Pob.,barangay,0304905000,0300000000,0304900000,0304905000,,,Bgy. I,,R,PSGC-2026-Q2-2026-06-30,t-l-padilla-pob
0304905053,034905053,F. C. Otic Pob.,F. C. Otic Pob.,barangay,0304905000,0300000000,0304900000,0304905000,,,Bgy. II,,R,PSGC-2026-Q2-2026-06-30,f-c-otic-pob
0304905054,034905054,D. L. Maglanoc Pob.,D. L. Maglanoc Pob.,barangay,0304905000,0300000000,0304900000,0304905000,,,Bgy.III,,R,PSGC-2026-Q2-2026-06-30,d-l-maglanoc-pob
0304905055,034905055,G. S. Rosario Pob.,G. S. Rosario Pob.,barangay,0304905000,0300000000,0304900000,0304905000,,,Bgy. IV,,R,PSGC-2026-Q2-2026-06-30,g-s-rosario-pob
0304906000,034906000,Cuyapo,Cuyapo,municipality,0304900000,0300000000,0304900000,0304906000,,1st,,,,PSGC-2026-Q2-2026-06-30,cuyapo
0304906001,034906001,Baloy,Baloy,barangay,0304906000,0300000000,0304900000,0304906000,,,,,R,PSGC-2026-Q2-2026-06-30,baloy
0304906002,034906002,Bambanaba,Bambanaba,barangay,0304906000,0300000000,0304900000,0304906000,,,,,R,PSGC-2026-Q2-2026-06-30,bambanaba
0304906003,034906003,Bantug,Bantug,barangay,0304906000,0300000000,0304900000,0304906000,,,,,R,PSGC-2026-Q2-2026-06-30,bantug-nueva-ecija-0304906003
0304906004,034906004,Bentigan,Bentigan,barangay,0304906000,0300000000,0304900000,0304906000,,,,,R,PSGC-2026-Q2-2026-06-30,bentigan
0304906005,034906005,Bibiclat,Bibiclat,barangay,0304906000,0300000000,0304900000,0304906000,,,,,R,PSGC-2026-Q2-2026-06-30,bibiclat-nueva-ecija-0304906005
0304906006,034906006,Bonifacio,Bonifacio,barangay,0304906000,0300000000,0304900000,0304906000,,,,,R,PSGC-2026-Q2-2026-06-30,bonifacio-nueva-ecija
0304906007,034906007,Bued,Bued,barangay,0304906000,0300000000,0304900000,0304906000,,,,,R,PSGC-2026-Q2-2026-06-30,bued-nueva-ecija
0304906008,034906008,Bulala,Bulala,barangay,0304906000,0300000000,0304900000,0304906000,,,,,R,PSGC-2026-Q2-2026-06-30,bulala-nueva-ecija
0304906009,034906009,Burgos,Burgos,barangay,0304906000,0300000000,0304900000,0304906000,,,,,R,PSGC-2026-Q2-2026-06-30,burgos-nueva-ecija-0304906009
0304906010,034906010,Cabileo,Cabileo,barangay,0304906000,0300000000,0304900000,0304906000,,,,,R,PSGC-2026-Q2-2026-06-30,cabileo
0304906011,034906011,Cabatuan,Cabatuan,barangay,0304906000,0300000000,0304900000,0304906000,,,,,R,PSGC-2026-Q2-2026-06-30,cabatuan-nueva-ecija
0304906012,034906012,Cacapasan,Cacapasan,barangay,0304906000,0300000000,0304900000,0304906000,,,,,R,PSGC-2026-Q2-2026-06-30,cacapasan
0304906013,034906013,Calancuasan Norte,Calancuasan Norte,barangay,0304906000,0300000000,0304900000,0304906000,,,,,R,PSGC-2026-Q2-2026-06-30,calancuasan-norte
0304906014,034906014,Calancuasan Sur,Calancuasan Sur,barangay,0304906000,0300000000,0304900000,0304906000,,,,,R,PSGC-2026-Q2-2026-06-30,calancuasan-sur
0304906015,034906015,Colosboa,Colosboa,barangay,0304906000,0300000000,0304900000,0304906000,,,,,R,PSGC-2026-Q2-2026-06-30,colosboa
0304906016,034906016,Columbitin,Columbitin,barangay,0304906000,0300000000,0304900000,0304906000,,,,,R,PSGC-2026-Q2-2026-06-30,columbitin
0304906017,034906017,Curva,Curva,barangay,0304906000,0300000000,0304900000,0304906000,,,,,R,PSGC-2026-Q2-2026-06-30,curva-nueva-ecija-0304906017
0304906018,034906018,District I,District I,barangay,0304906000,0300000000,0304900000,0304906000,,,Pob. I,,R,PSGC-2026-Q2-2026-06-30,district-i-nueva-ecija
0304906019,034906019,District II,District II,barangay,0304906000,0300000000,0304900000,0304906000,,,Pob. II,,R,PSGC-2026-Q2-2026-06-30,district-ii-nueva-ecija
0304906021,034906021,District IV,District IV,barangay,0304906000,0300000000,0304900000,0304906000,,,Pob. IV,,R,PSGC-2026-Q2-2026-06-30,district-iv-nueva-ecija
0304906022,034906022,District V,District V,barangay,0304906000,0300000000,0304900000,0304906000,,,Pob. V,,R,PSGC-2026-Q2-2026-06-30,district-v
0304906023,034906023,District VI,District VI,barangay,0304906000,0300000000,0304900000,0304906000,,,Pob. VI,,R,PSGC-2026-Q2-2026-06-30,district-vi
0304906024,034906024,District VII,District VII,barangay,0304906000,0300000000,0304900000,0304906000,,,Pob. VII,,U,PSGC-2026-Q2-2026-06-30,district-vii
0304906025,034906025,District VIII,District VIII,barangay,0304906000,0300000000,0304900000,0304906000,,,Pob. VIII,,R,PSGC-2026-Q2-2026-06-30,district-viii
0304906026,034906026,Landig,Landig,barangay,0304906000,0300000000,0304900000,0304906000,,,,,R,PSGC-2026-Q2-2026-06-30,landig
0304906027,034906027,Latap,Latap,barangay,0304906000,0300000000,0304900000,0304906000,,,,,R,PSGC-2026-Q2-2026-06-30,latap
0304906028,034906028,Loob,Loob,barangay,0304906000,0300000000,0304900000,0304906000,,,,,R,PSGC-2026-Q2-2026-06-30,loob-nueva-ecija
0304906029,034906029,Luna,Luna,barangay,0304906000,0300000000,0304900000,0304906000,,,,,R,PSGC-2026-Q2-2026-06-30,luna-nueva-ecija
0304906030,034906030,Malbeg-Patalan,Malbeg-Patalan,barangay,0304906000,0300000000,0304900000,0304906000,,,,,R,PSGC-2026-Q2-2026-06-30,malbeg-patalan
0304906031,034906031,Malineng,Malineng,barangay,0304906000,0300000000,0304900000,0304906000,,,,,R,PSGC-2026-Q2-2026-06-30,malineng
0304906032,034906032,Matindeg,Matindeg,barangay,0304906000,0300000000,0304900000,0304906000,,,,,R,PSGC-2026-Q2-2026-06-30,matindeg-nueva-ecija
0304906033,034906033,Maycaban,Maycaban,barangay,0304906000,0300000000,0304900000,0304906000,,,,,R,PSGC-2026-Q2-2026-06-30,maycaban
0304906034,034906034,Nagcuralan,Nagcuralan,barangay,0304906000,0300000000,0304900000,0304906000,,,,,R,PSGC-2026-Q2-2026-06-30,nagcuralan
0304906035,034906035,Nagmisahan,Nagmisahan,barangay,0304906000,0300000000,0304900000,0304906000,,,,,R,PSGC-2026-Q2-2026-06-30,nagmisahan
0304906036,034906036,Paitan Norte,Paitan Norte,barangay,0304906000,0300000000,0304900000,0304906000,,,,,R,PSGC-2026-Q2-2026-06-30,paitan-norte
0304906037,034906037,Paitan Sur,Paitan Sur,barangay,0304906000,0300000000,0304900000,0304906000,,,,,R,PSGC-2026-Q2-2026-06-30,paitan-sur
0304906038,034906038,Piglisan,Piglisan,barangay,0304906000,0300000000,0304900000,0304906000,,,,,R,PSGC-2026-Q2-2026-06-30,piglisan
0304906039,034906039,Pugo,Pugo,barangay,0304906000,0300000000,0304900000,0304906000,,,,,R,PSGC-2026-Q2-2026-06-30,pugo-nueva-ecija
0304906040,034906040,Rizal,Rizal,barangay,0304906000,0300000000,0304900000,0304906000,,,,,R,PSGC-2026-Q2-2026-06-30,rizal-nueva-ecija-0304906040
0304906041,034906041,Sabit,Sabit,barangay,0304906000,0300000000,0304900000,0304906000,,,,,R,PSGC-2026-Q2-2026-06-30,sabit
0304906042,034906042,Salagusog,Salagusog,barangay,0304906000,0300000000,0304900000,0304906000,,,,,R,PSGC-2026-Q2-2026-06-30,salagusog
0304906043,034906043,San Antonio,San Antonio,barangay,0304906000,0300000000,0304900000,0304906000,,,,,R,PSGC-2026-Q2-2026-06-30,san-antonio-nueva-ecija-0304906043
0304906044,034906044,San Jose,San Jose,barangay,0304906000,0300000000,0304900000,0304906000,,,,,R,PSGC-2026-Q2-2026-06-30,san-jose-nueva-ecija
0304906045,034906045,San Juan,San Juan,barangay,0304906000,0300000000,0304900000,0304906000,,,,,R,PSGC-2026-Q2-2026-06-30,san-juan-nueva-ecija-0304906045
0304906046,034906046,Santa Clara,Santa Clara,barangay,0304906000,0300000000,0304900000,0304906000,,,,,R,PSGC-2026-Q2-2026-06-30,santa-clara-nueva-ecija
0304906047,034906047,Santa Cruz,Santa Cruz,barangay,0304906000,0300000000,0304900000,0304906000,,,,,R,PSGC-2026-Q2-2026-06-30,santa-cruz-nueva-ecija
0304906048,034906048,Simimbaan,Simimbaan,barangay,0304906000,0300000000,0304900000,0304906000,,,,,R,PSGC-2026-Q2-2026-06-30,simimbaan-nueva-ecija
0304906049,034906049,Tagtagumbao,Tagtagumbao,barangay,0304906000,0300000000,0304900000,0304906000,,,,,R,PSGC-2026-Q2-2026-06-30,tagtagumbao
0304906050,034906050,Tutuloy,Tutuloy,barangay,0304906000,0300000000,0304900000,0304906000,,,,,R,PSGC-2026-Q2-2026-06-30,tutuloy
0304906051,034906051,Ungab,Ungab,barangay,0304906000,0300000000,0304900000,0304906000,,,,,R,PSGC-2026-Q2-2026-06-30,ungab
0304906052,034906052,Villaflores,Villaflores,barangay,0304906000,0300000000,0304900000,0304906000,,,,,R,PSGC-2026-Q2-2026-06-30,villaflores
0304907000,034907000,Gabaldon,Gabaldon,municipality,0304900000,0300000000,0304900000,0304907000,,1st,Bitulok & Sabani,,,PSGC-2026-Q2-2026-06-30,gabaldon-nueva-ecija
0304907001,034907001,Bagong Sikat,Bagong Sikat,barangay,0304907000,0300000000,0304900000,0304907000,,,,,R,PSGC-2026-Q2-2026-06-30,bagong-sikat-nueva-ecija-0304907001
0304907002,034907002,Bagting,Bagting,barangay,0304907000,0300000000,0304900000,0304907000,,,,,R,PSGC-2026-Q2-2026-06-30,bagting
0304907003,034907003,Bantug,Bantug,barangay,0304907000,0300000000,0304900000,0304907000,,,,,R,PSGC-2026-Q2-2026-06-30,bantug-nueva-ecija-0304907003
0304907004,034907004,Bitulok,Bitulok,barangay,0304907000,0300000000,0304900000,0304907000,,,North Pob.,,R,PSGC-2026-Q2-2026-06-30,bitulok
0304907005,034907005,Bugnan,Bugnan,barangay,0304907000,0300000000,0304900000,0304907000,,,,,R,PSGC-2026-Q2-2026-06-30,bugnan
0304907006,034907006,Calabasa,Calabasa,barangay,0304907000,0300000000,0304900000,0304907000,,,,,R,PSGC-2026-Q2-2026-06-30,calabasa-nueva-ecija
0304907007,034907007,Camachile,Camachile,barangay,0304907000,0300000000,0304900000,0304907000,,,,,R,PSGC-2026-Q2-2026-06-30,camachile-nueva-ecija
0304907008,034907008,Cuyapa,Cuyapa,barangay,0304907000,0300000000,0304900000,0304907000,,,,,R,PSGC-2026-Q2-2026-06-30,cuyapa
0304907009,034907009,Ligaya,Ligaya,barangay,0304907000,0300000000,0304900000,0304907000,,,,,U,PSGC-2026-Q2-2026-06-30,ligaya-nueva-ecija
0304907010,034907010,Macasandal,Macasandal,barangay,0304907000,0300000000,0304900000,0304907000,,,,,R,PSGC-2026-Q2-2026-06-30,macasandal
0304907011,034907011,Malinao,Malinao,barangay,0304907000,0300000000,0304900000,0304907000,,,,,R,PSGC-2026-Q2-2026-06-30,malinao-nueva-ecija
0304907012,034907012,Pantoc,Pantoc,barangay,0304907000,0300000000,0304900000,0304907000,,,,,R,PSGC-2026-Q2-2026-06-30,pantoc-nueva-ecija-0304907012
0304907013,034907013,Pinamalisan,Pinamalisan,barangay,0304907000,0300000000,0304900000,0304907000,,,,,R,PSGC-2026-Q2-2026-06-30,pinamalisan
0304907014,034907014,South Poblacion,South Poblacion,barangay,0304907000,0300000000,0304900000,0304907000,,,,,R,PSGC-2026-Q2-2026-06-30,south-poblacion-nueva-ecija
0304907015,034907015,Sawmill,Sawmill,barangay,0304907000,0300000000,0304900000,0304907000,,,,,R,PSGC-2026-Q2-2026-06-30,sawmill-nueva-ecija
0304907016,034907016,Tagumpay,Tagumpay,barangay,0304907000,0300000000,0304900000,0304907000,,,,,R,PSGC-2026-Q2-2026-06-30,tagumpay-nueva-ecija
0304908000,034908000,City of Gapan,Gapan City,city,0304900000,0300000000,0304900000,0304908000,Component City,3rd,,,,PSGC-2026-Q2-2026-06-30,gapan-city
0304908001,034908001,Bayanihan,Bayanihan,barangay,0304908000,0300000000,0304900000,0304908000,,,,,U,PSGC-2026-Q2-2026-06-30,bayanihan-nueva-ecija
0304908002,034908002,Bulak,Bulak,barangay,0304908000,0300000000,0304900000,0304908000,,,,,R,PSGC-2026-Q2-2026-06-30,bulak
0304908003,034908003,Kapalangan,Kapalangan,barangay,0304908000,0300000000,0304900000,0304908000,,,,,U,PSGC-2026-Q2-2026-06-30,kapalangan
0304908004,034908004,Mahipon,Mahipon,barangay,0304908000,0300000000,0304900000,0304908000,,,,,R,PSGC-2026-Q2-2026-06-30,mahipon-nueva-ecija
0304908005,034908005,Malimba,Malimba,barangay,0304908000,0300000000,0304900000,0304908000,,,,,R,PSGC-2026-Q2-2026-06-30,malimba
0304908006,034908006,Mangino,Mangino,barangay,0304908000,0300000000,0304900000,0304908000,,,,,U,PSGC-2026-Q2-2026-06-30,mangino
0304908007,034908007,Marelo,Marelo,barangay,0304908000,0300000000,0304900000,0304908000,,,,,R,PSGC-2026-Q2-2026-06-30,marelo
0304908008,034908008,Pambuan,Pambuan,barangay,0304908000,0300000000,0304900000,0304908000,,,,,U,PSGC-2026-Q2-2026-06-30,pambuan
0304908009,034908009,Parcutela,Parcutela,barangay,0304908000,0300000000,0304900000,0304908000,,,,,R,PSGC-2026-Q2-2026-06-30,parcutela
0304908010,034908010,San Lorenzo,San Lorenzo,barangay,0304908000,0300000000,0304900000,0304908000,,,,Pob.,U,PSGC-2026-Q2-2026-06-30,san-lorenzo-nueva-ecija
0304908011,034908011,San Nicolas,San Nicolas,barangay,0304908000,0300000000,0304900000,0304908000,,,,,U,PSGC-2026-Q2-2026-06-30,san-nicolas-nueva-ecija
0304908012,034908012,San Roque,San Roque,barangay,0304908000,0300000000,0304900000,0304908000,,,,,U,PSGC-2026-Q2-2026-06-30,san-roque-nueva-ecija-0304908012
0304908013,034908013,San Vicente,San Vicente,barangay,0304908000,0300000000,0304900000,0304908000,,,,Pob.,U,PSGC-2026-Q2-2026-06-30,san-vicente-nueva-ecija-0304908013
0304908014,034908014,Santa Cruz,Santa Cruz,barangay,0304908000,0300000000,0304900000,0304908000,,,,,R,PSGC-2026-Q2-2026-06-30,santa-cruz-nueva-ecija-0304908014
0304908015,034908015,Santo Cristo Norte,Santo Cristo Norte,barangay,0304908000,0300000000,0304900000,0304908000,,,,,U,PSGC-2026-Q2-2026-06-30,santo-cristo-norte
0304908016,034908016,Santo Cristo Sur,Santo Cristo Sur,barangay,0304908000,0300000000,0304900000,0304908000,,,,,R,PSGC-2026-Q2-2026-06-30,santo-cristo-sur
0304908017,034908017,Santo Niño,Santo Niño,barangay,0304908000,0300000000,0304900000,0304908000,,,,,U,PSGC-2026-Q2-2026-06-30,santo-nino-nueva-ecija-0304908017
0304908018,034908018,Makabaclay,Makabaclay,barangay,0304908000,0300000000,0304900000,0304908000,,,,,R,PSGC-2026-Q2-2026-06-30,makabaclay
0304908019,034908019,Balante,Balante,barangay,0304908000,0300000000,0304900000,0304908000,,,,,R,PSGC-2026-Q2-2026-06-30,balante-nueva-ecija
0304908020,034908020,Bungo,Bungo,barangay,0304908000,0300000000,0304900000,0304908000,,,,,R,PSGC-2026-Q2-2026-06-30,bungo
0304908021,034908021,Mabunga,Mabunga,barangay,0304908000,0300000000,0304900000,0304908000,,,,,R,PSGC-2026-Q2-2026-06-30,mabunga-nueva-ecija
0304908022,034908022,Maburak,Maburak,barangay,0304908000,0300000000,0304900000,0304908000,,,,,R,PSGC-2026-Q2-2026-06-30,maburak
0304908023,034908023,Puting Tubig,Puting Tubig,barangay,0304908000,0300000000,0304900000,0304908000,,,,,R,PSGC-2026-Q2-2026-06-30,puting-tubig-nueva-ecija
0304909000,034909000,General Mamerto Natividad,General Mamerto Natividad,municipality,0304900000,0300000000,0304900000,0304909000,,2nd,,,,PSGC-2026-Q2-2026-06-30,general-mamerto-natividad
0304909002,034909002,Balangkare Norte,Balangkare Norte,barangay,0304909000,0300000000,0304900000,0304909000,,,,,R,PSGC-2026-Q2-2026-06-30,balangkare-norte
0304909003,034909003,Balangkare Sur,Balangkare Sur,barangay,0304909000,0300000000,0304900000,0304909000,,,,,R,PSGC-2026-Q2-2026-06-30,balangkare-sur
0304909004,034909004,Balaring,Balaring,barangay,0304909000,0300000000,0304900000,0304909000,,,,,R,PSGC-2026-Q2-2026-06-30,balaring-nueva-ecija
0304909005,034909005,Belen,Belen,barangay,0304909000,0300000000,0304900000,0304909000,,,,,R,PSGC-2026-Q2-2026-06-30,belen-nueva-ecija
0304909006,034909006,Bravo,Bravo,barangay,0304909000,0300000000,0304900000,0304909000,,,,,R,PSGC-2026-Q2-2026-06-30,bravo
0304909007,034909007,Burol,Burol,barangay,0304909000,0300000000,0304900000,0304909000,,,,,R,PSGC-2026-Q2-2026-06-30,burol-nueva-ecija
0304909009,034909009,Kabulihan,Kabulihan,barangay,0304909000,0300000000,0304900000,0304909000,,,,,R,PSGC-2026-Q2-2026-06-30,kabulihan
0304909010,034909010,Mag-asawang Sampaloc,Mag-asawang Sampaloc,barangay,0304909000,0300000000,0304900000,0304909000,,,,,R,PSGC-2026-Q2-2026-06-30,mag-asawang-sampaloc
0304909011,034909011,Manarog,Manarog,barangay,0304909000,0300000000,0304900000,0304909000,,,,,R,PSGC-2026-Q2-2026-06-30,manarog
0304909012,034909012,Mataas na Kahoy,Mataas na Kahoy,barangay,0304909000,0300000000,0304900000,0304909000,,,,,U,PSGC-2026-Q2-2026-06-30,mataas-na-kahoy-nueva-ecija
0304909014,034909014,Panacsac,Panacsac,barangay,0304909000,0300000000,0304900000,0304909000,,,,,R,PSGC-2026-Q2-2026-06-30,panacsac
0304909016,034909016,Picaleon,Picaleon,barangay,0304909000,0300000000,0304900000,0304909000,,,,,R,PSGC-2026-Q2-2026-06-30,picaleon
0304909017,034909017,Pinahan,Pinahan,barangay,0304909000,0300000000,0304900000,0304909000,,,,,R,PSGC-2026-Q2-2026-06-30,pinahan-nueva-ecija
0304909018,034909018,Platero,Platero,barangay,0304909000,0300000000,0304900000,0304909000,,,,,R,PSGC-2026-Q2-2026-06-30,platero-nueva-ecija
0304909019,034909019,Poblacion,Poblacion,barangay,0304909000,0300000000,0304900000,0304909000,,,,,R,PSGC-2026-Q2-2026-06-30,poblacion-nueva-ecija
0304909020,034909020,Pula,Pula,barangay,0304909000,0300000000,0304900000,0304909000,,,,,R,PSGC-2026-Q2-2026-06-30,pula-nueva-ecija-0304909020
0304909021,034909021,Pulong Singkamas,Pulong Singkamas,barangay,0304909000,0300000000,0304900000,0304909000,,,,,R,PSGC-2026-Q2-2026-06-30,pulong-singkamas
0304909023,034909023,Sapang Bato,Sapang Bato,barangay,0304909000,0300000000,0304900000,0304909000,,,,,R,PSGC-2026-Q2-2026-06-30,sapang-bato
0304909025,034909025,Talabutab Norte,Talabutab Norte,barangay,0304909000,0300000000,0304900000,0304909000,,,,,R,PSGC-2026-Q2-2026-06-30,talabutab-norte
0304909026,034909026,Talabutab Sur,Talabutab Sur,barangay,0304909000,0300000000,0304900000,0304909000,,,,,R,PSGC-2026-Q2-2026-06-30,talabutab-sur
0304910000,034910000,General Tinio,General Tinio,municipality,0304900000,0300000000,0304900000,0304910000,,1st,Papaya,,,PSGC-2026-Q2-2026-06-30,general-tinio
0304910001,034910001,Bago,Bago,barangay,0304910000,0300000000,0304900000,0304910000,,,,,R,PSGC-2026-Q2-2026-06-30,bago-nueva-ecija
0304910002,034910002,Concepcion,Concepcion,barangay,0304910000,0300000000,0304900000,0304910000,,,,,U,PSGC-2026-Q2-2026-06-30,concepcion-nueva-ecija-0304910002
0304910003,034910003,Nazareth,Nazareth,barangay,0304910000,0300000000,0304900000,0304910000,,,,,U,PSGC-2026-Q2-2026-06-30,nazareth
0304910004,034910004,Padolina,Padolina,barangay,0304910000,0300000000,0304900000,0304910000,,,,,U,PSGC-2026-Q2-2026-06-30,padolina
0304910005,034910005,Pias,Pias,barangay,0304910000,0300000000,0304900000,0304910000,,,,,U,PSGC-2026-Q2-2026-06-30,pias-nueva-ecija
0304910006,034910006,San Pedro,San Pedro,barangay,0304910000,0300000000,0304900000,0304910000,,,,Pob.,U,PSGC-2026-Q2-2026-06-30,san-pedro-nueva-ecija
0304910007,034910007,Poblacion East,Poblacion East,barangay,0304910000,0300000000,0304900000,0304910000,,,,,U,PSGC-2026-Q2-2026-06-30,poblacion-east-nueva-ecija
0304910008,034910008,Poblacion West,Poblacion West,barangay,0304910000,0300000000,0304900000,0304910000,,,,,R,PSGC-2026-Q2-2026-06-30,poblacion-west-nueva-ecija
0304910014,034910014,Rio Chico,Rio Chico,barangay,0304910000,0300000000,0304900000,0304910000,,,,,U,PSGC-2026-Q2-2026-06-30,rio-chico
0304910015,034910015,Poblacion Central,Poblacion Central,barangay,0304910000,0300000000,0304900000,0304910000,,,,,U,PSGC-2026-Q2-2026-06-30,poblacion-central-nueva-ecija
0304910016,034910016,Pulong Matong,Pulong Matong,barangay,0304910000,0300000000,0304900000,0304910000,,,,,R,PSGC-2026-Q2-2026-06-30,pulong-matong
0304910017,034910017,Sampaguita,Sampaguita,barangay,0304910000,0300000000,0304900000,0304910000,,,,,R,PSGC-2026-Q2-2026-06-30,sampaguita-nueva-ecija
0304910018,034910018,Palale,Palale,barangay,0304910000,0300000000,0304900000,0304910000,,,,,R,PSGC-2026-Q2-2026-06-30,palale-nueva-ecija
0304911000,034911000,Guimba,Guimba,municipality,0304900000,0300000000,0304900000,0304911000,,1st,,,,PSGC-2026-Q2-2026-06-30,guimba-nueva-ecija
0304911001,034911001,Agcano,Agcano,barangay,0304911000,0300000000,0304900000,0304911000,,,,,R,PSGC-2026-Q2-2026-06-30,agcano
0304911002,034911002,Ayos Lomboy,Ayos Lomboy,barangay,0304911000,0300000000,0304900000,0304911000,,,,,R,PSGC-2026-Q2-2026-06-30,ayos-lomboy
0304911003,034911003,Bacayao,Bacayao,barangay,0304911000,0300000000,0304900000,0304911000,,,,,R,PSGC-2026-Q2-2026-06-30,bacayao
0304911004,034911004,Bagong Barrio,Bagong Barrio,barangay,0304911000,0300000000,0304900000,0304911000,,,,,R,PSGC-2026-Q2-2026-06-30,bagong-barrio-nueva-ecija
0304911005,034911005,Balbalino,Balbalino,barangay,0304911000,0300000000,0304900000,0304911000,,,,,R,PSGC-2026-Q2-2026-06-30,balbalino
0304911006,034911006,Balingog East,Balingog East,barangay,0304911000,0300000000,0304900000,0304911000,,,,,R,PSGC-2026-Q2-2026-06-30,balingog-east
0304911007,034911007,Balingog West,Balingog West,barangay,0304911000,0300000000,0304900000,0304911000,,,,,R,PSGC-2026-Q2-2026-06-30,balingog-west
0304911008,034911008,Banitan,Banitan,barangay,0304911000,0300000000,0304900000,0304911000,,,,,R,PSGC-2026-Q2-2026-06-30,banitan
0304911009,034911009,Bantug,Bantug,barangay,0304911000,0300000000,0304900000,0304911000,,,,,R,PSGC-2026-Q2-2026-06-30,bantug-nueva-ecija-0304911009
0304911011,034911011,Bulakid,Bulakid,barangay,0304911000,0300000000,0304900000,0304911000,,,,,R,PSGC-2026-Q2-2026-06-30,bulakid
0304911014,034911014,Caballero,Caballero,barangay,0304911000,0300000000,0304900000,0304911000,,,,,R,PSGC-2026-Q2-2026-06-30,caballero-nueva-ecija
0304911015,034911015,Cabaruan,Cabaruan,barangay,0304911000,0300000000,0304900000,0304911000,,,,,R,PSGC-2026-Q2-2026-06-30,cabaruan-nueva-ecija
0304911016,034911016,Caingin Tabing Ilog,Caingin Tabing Ilog,barangay,0304911000,0300000000,0304900000,0304911000,,,,,R,PSGC-2026-Q2-2026-06-30,caingin-tabing-ilog
0304911017,034911017,Calem,Calem,barangay,0304911000,0300000000,0304900000,0304911000,,,,,R,PSGC-2026-Q2-2026-06-30,calem
0304911018,034911018,Camiing,Camiing,barangay,0304911000,0300000000,0304900000,0304911000,,,,,R,PSGC-2026-Q2-2026-06-30,camiing
0304911019,034911019,Cardinal,Cardinal,barangay,0304911000,0300000000,0304900000,0304911000,,,,,R,PSGC-2026-Q2-2026-06-30,cardinal
0304911020,034911020,Casongsong,Casongsong,barangay,0304911000,0300000000,0304900000,0304911000,,,,,R,PSGC-2026-Q2-2026-06-30,casongsong
0304911021,034911021,Catimon,Catimon,barangay,0304911000,0300000000,0304900000,0304911000,,,,,R,PSGC-2026-Q2-2026-06-30,catimon
0304911022,034911022,Cavite,Cavite,barangay,0304911000,0300000000,0304900000,0304911000,,,,,R,PSGC-2026-Q2-2026-06-30,cavite-nueva-ecija
0304911023,034911023,Cawayan Bugtong,Cawayan Bugtong,barangay,0304911000,0300000000,0304900000,0304911000,,,,,U,PSGC-2026-Q2-2026-06-30,cawayan-bugtong
0304911024,034911024,Consuelo,Consuelo,barangay,0304911000,0300000000,0304900000,0304911000,,,,,R,PSGC-2026-Q2-2026-06-30,consuelo-nueva-ecija
0304911025,034911025,Culong,Culong,barangay,0304911000,0300000000,0304900000,0304911000,,,,,R,PSGC-2026-Q2-2026-06-30,culong
0304911026,034911026,Escano,Escano,barangay,0304911000,0300000000,0304900000,0304911000,,,,,R,PSGC-2026-Q2-2026-06-30,escano
0304911027,034911027,Faigal,Faigal,barangay,0304911000,0300000000,0304900000,0304911000,,,,,R,PSGC-2026-Q2-2026-06-30,faigal
0304911028,034911028,Galvan,Galvan,barangay,0304911000,0300000000,0304900000,0304911000,,,,,R,PSGC-2026-Q2-2026-06-30,galvan
0304911029,034911029,Guiset,Guiset,barangay,0304911000,0300000000,0304900000,0304911000,,,,,R,PSGC-2026-Q2-2026-06-30,guiset
0304911030,034911030,Lamorito,Lamorito,barangay,0304911000,0300000000,0304900000,0304911000,,,,,R,PSGC-2026-Q2-2026-06-30,lamorito
0304911031,034911031,Lennec,Lennec,barangay,0304911000,0300000000,0304900000,0304911000,,,,,R,PSGC-2026-Q2-2026-06-30,lennec
0304911032,034911032,Macamias,Macamias,barangay,0304911000,0300000000,0304900000,0304911000,,,,,R,PSGC-2026-Q2-2026-06-30,macamias
0304911033,034911033,Macapabellag,Macapabellag,barangay,0304911000,0300000000,0304900000,0304911000,,,,,R,PSGC-2026-Q2-2026-06-30,macapabellag
0304911034,034911034,Macatcatuit,Macatcatuit,barangay,0304911000,0300000000,0304900000,0304911000,,,,,R,PSGC-2026-Q2-2026-06-30,macatcatuit
0304911035,034911035,Manacsac,Manacsac,barangay,0304911000,0300000000,0304900000,0304911000,,,,,R,PSGC-2026-Q2-2026-06-30,manacsac
0304911036,034911036,Manggang Marikit,Manggang Marikit,barangay,0304911000,0300000000,0304900000,0304911000,,,,,R,PSGC-2026-Q2-2026-06-30,manggang-marikit
0304911038,034911038,Maturanoc,Maturanoc,barangay,0304911000,0300000000,0304900000,0304911000,,,,,U,PSGC-2026-Q2-2026-06-30,maturanoc
0304911039,034911039,Maybubon,Maybubon,barangay,0304911000,0300000000,0304900000,0304911000,,,,,R,PSGC-2026-Q2-2026-06-30,maybubon
0304911041,034911041,Naglabrahan,Naglabrahan,barangay,0304911000,0300000000,0304900000,0304911000,,,,,R,PSGC-2026-Q2-2026-06-30,naglabrahan-nueva-ecija
0304911042,034911042,Nagpandayan,Nagpandayan,barangay,0304911000,0300000000,0304900000,0304911000,,,,,R,PSGC-2026-Q2-2026-06-30,nagpandayan
0304911043,034911043,Narvacan I,Narvacan I,barangay,0304911000,0300000000,0304900000,0304911000,,,,,R,PSGC-2026-Q2-2026-06-30,narvacan-i
0304911044,034911044,Narvacan II,Narvacan II,barangay,0304911000,0300000000,0304900000,0304911000,,,,,R,PSGC-2026-Q2-2026-06-30,narvacan-ii
0304911045,034911045,Pacac,Pacac,barangay,0304911000,0300000000,0304900000,0304911000,,,,,R,PSGC-2026-Q2-2026-06-30,pacac-nueva-ecija
0304911046,034911046,Partida I,Partida I,barangay,0304911000,0300000000,0304900000,0304911000,,,,,R,PSGC-2026-Q2-2026-06-30,partida-i
0304911047,034911047,Partida II,Partida II,barangay,0304911000,0300000000,0304900000,0304911000,,,,,R,PSGC-2026-Q2-2026-06-30,partida-ii
0304911048,034911048,Pasong Inchic,Pasong Inchic,barangay,0304911000,0300000000,0304900000,0304911000,,,,,R,PSGC-2026-Q2-2026-06-30,pasong-inchic
0304911049,034911049,Saint John District,Saint John District,barangay,0304911000,0300000000,0304900000,0304911000,,,,Pob.,R,PSGC-2026-Q2-2026-06-30,saint-john-district
0304911050,034911050,San Agustin,San Agustin,barangay,0304911000,0300000000,0304900000,0304911000,,,,,R,PSGC-2026-Q2-2026-06-30,san-agustin-nueva-ecija-0304911050
0304911051,034911051,San Andres,San Andres,barangay,0304911000,0300000000,0304900000,0304911000,,,,,R,PSGC-2026-Q2-2026-06-30,san-andres-nueva-ecija
0304911052,034911052,San Bernardino,San Bernardino,barangay,0304911000,0300000000,0304900000,0304911000,,,,,R,PSGC-2026-Q2-2026-06-30,san-bernardino-nueva-ecija
0304911053,034911053,San Marcelino,San Marcelino,barangay,0304911000,0300000000,0304900000,0304911000,,,,,R,PSGC-2026-Q2-2026-06-30,san-marcelino-nueva-ecija
0304911054,034911054,San Miguel,San Miguel,barangay,0304911000,0300000000,0304900000,0304911000,,,,,R,PSGC-2026-Q2-2026-06-30,san-miguel-nueva-ecija
0304911055,034911055,San Rafael,San Rafael,barangay,0304911000,0300000000,0304900000,0304911000,,,,,R,PSGC-2026-Q2-2026-06-30,san-rafael-nueva-ecija
0304911056,034911056,San Roque,San Roque,barangay,0304911000,0300000000,0304900000,0304911000,,,,,U,PSGC-2026-Q2-2026-06-30,san-roque-nueva-ecija-0304911056
0304911057,034911057,Santa Ana,Santa Ana,barangay,0304911000,0300000000,0304900000,0304911000,,,,,R,PSGC-2026-Q2-2026-06-30,santa-ana-nueva-ecija
0304911058,034911058,Santa Cruz,Santa Cruz,barangay,0304911000,0300000000,0304900000,0304911000,,,,,R,PSGC-2026-Q2-2026-06-30,santa-cruz-nueva-ecija-0304911058
0304911059,034911059,Santa Lucia,Santa Lucia,barangay,0304911000,0300000000,0304900000,0304911000,,,,,R,PSGC-2026-Q2-2026-06-30,santa-lucia-nueva-ecija
0304911060,034911060,Santa Veronica District,Santa Veronica District,barangay,0304911000,0300000000,0304900000,0304911000,,,,Pob.,U,PSGC-2026-Q2-2026-06-30,santa-veronica-district
0304911061,034911061,Santo Cristo District,Santo Cristo District,barangay,0304911000,0300000000,0304900000,0304911000,,,,Pob.,U,PSGC-2026-Q2-2026-06-30,santo-cristo-district
0304911062,034911062,Saranay District,Saranay District,barangay,0304911000,0300000000,0304900000,0304911000,,,,Pob.,U,PSGC-2026-Q2-2026-06-30,saranay-district
0304911063,034911063,Sinulatan,Sinulatan,barangay,0304911000,0300000000,0304900000,0304911000,,,,,R,PSGC-2026-Q2-2026-06-30,sinulatan
0304911064,034911064,Subol,Subol,barangay,0304911000,0300000000,0304900000,0304911000,,,,,R,PSGC-2026-Q2-2026-06-30,subol
0304911065,034911065,Tampac I,Tampac I,barangay,0304911000,0300000000,0304900000,0304911000,,,,,R,PSGC-2026-Q2-2026-06-30,tampac-i
0304911066,034911066,Tampac II & III,Tampac II & III,barangay,0304911000,0300000000,0304900000,0304911000,,,,,R,PSGC-2026-Q2-2026-06-30,tampac-ii-and-iii
0304911068,034911068,Triala,Triala,barangay,0304911000,0300000000,0304900000,0304911000,,,,,R,PSGC-2026-Q2-2026-06-30,triala
0304911069,034911069,Yuson,Yuson,barangay,0304911000,0300000000,0304900000,0304911000,,,,,R,PSGC-2026-Q2-2026-06-30,yuson
0304911070,034911070,Bunol,Bunol,barangay,0304911000,0300000000,0304900000,0304911000,,,,,R,PSGC-2026-Q2-2026-06-30,bunol
0304912000,034912000,Jaen,Jaen,municipality,0304900000,0300000000,0304900000,0304912000,,1st,,,,PSGC-2026-Q2-2026-06-30,jaen
0304912001,034912001,Calabasa,Calabasa,barangay,0304912000,0300000000,0304900000,0304912000,,,,,R,PSGC-2026-Q2-2026-06-30,calabasa-nueva-ecija-0304912001
0304912002,034912002,Dampulan,Dampulan,barangay,0304912000,0300000000,0304900000,0304912000,,,,Pob.,R,PSGC-2026-Q2-2026-06-30,dampulan-nueva-ecija
0304912003,034912003,Hilera,Hilera,barangay,0304912000,0300000000,0304900000,0304912000,,,,,R,PSGC-2026-Q2-2026-06-30,hilera
0304912004,034912004,Imbunia,Imbunia,barangay,0304912000,0300000000,0304900000,0304912000,,,,,R,PSGC-2026-Q2-2026-06-30,imbunia
0304912005,034912005,Imelda Pob.,Imelda Pob.,barangay,0304912000,0300000000,0304900000,0304912000,,,Doña Aurora,,R,PSGC-2026-Q2-2026-06-30,imelda-pob
0304912006,034912006,Lambakin,Lambakin,barangay,0304912000,0300000000,0304900000,0304912000,,,,,R,PSGC-2026-Q2-2026-06-30,lambakin-nueva-ecija
0304912007,034912007,Langla,Langla,barangay,0304912000,0300000000,0304900000,0304912000,,,,,R,PSGC-2026-Q2-2026-06-30,langla
0304912008,034912008,Magsalisi,Magsalisi,barangay,0304912000,0300000000,0304900000,0304912000,,,,,R,PSGC-2026-Q2-2026-06-30,magsalisi
0304912010,034912010,Malabon-Kaingin,Malabon-Kaingin,barangay,0304912000,0300000000,0304900000,0304912000,,,,,R,PSGC-2026-Q2-2026-06-30,malabon-kaingin
0304912012,034912012,Marawa,Marawa,barangay,0304912000,0300000000,0304900000,0304912000,,,,,R,PSGC-2026-Q2-2026-06-30,marawa
0304912013,034912013,Don Mariano Marcos,Don Mariano Marcos,barangay,0304912000,0300000000,0304900000,0304912000,,,,Pob.,U,PSGC-2026-Q2-2026-06-30,don-mariano-marcos-nueva-ecija
0304912014,034912014,San Josef,San Josef,barangay,0304912000,0300000000,0304900000,0304912000,,,Nabao,,R,PSGC-2026-Q2-2026-06-30,san-josef-nueva-ecija
0304912015,034912015,Niyugan,Niyugan,barangay,0304912000,0300000000,0304900000,0304912000,,,,,U,PSGC-2026-Q2-2026-06-30,niyugan-nueva-ecija
0304912016,034912016,Pamacpacan,Pamacpacan,barangay,0304912000,0300000000,0304900000,0304912000,,,,,R,PSGC-2026-Q2-2026-06-30,pamacpacan
0304912017,034912017,Pakol,Pakol,barangay,0304912000,0300000000,0304900000,0304912000,,,,,R,PSGC-2026-Q2-2026-06-30,pakol
0304912018,034912018,Pinanggaan,Pinanggaan,barangay,0304912000,0300000000,0304900000,0304912000,,,,,R,PSGC-2026-Q2-2026-06-30,pinanggaan
0304912019,034912019,Ulanin-Pitak,Ulanin-Pitak,barangay,0304912000,0300000000,0304900000,0304912000,,,,,R,PSGC-2026-Q2-2026-06-30,ulanin-pitak
0304912020,034912020,Putlod,Putlod,barangay,0304912000,0300000000,0304900000,0304912000,,,,,R,PSGC-2026-Q2-2026-06-30,putlod
0304912021,034912021,Ocampo-Rivera District,Ocampo-Rivera District,barangay,0304912000,0300000000,0304900000,0304912000,,,,Pob.,R,PSGC-2026-Q2-2026-06-30,ocampo-rivera-district
0304912022,034912022,San Jose,San Jose,barangay,0304912000,0300000000,0304900000,0304912000,,,,,R,PSGC-2026-Q2-2026-06-30,san-jose-nueva-ecija-0304912022
0304912023,034912023,San Pablo,San Pablo,barangay,0304912000,0300000000,0304900000,0304912000,,,,,R,PSGC-2026-Q2-2026-06-30,san-pablo-nueva-ecija
0304912024,034912024,San Roque,San Roque,barangay,0304912000,0300000000,0304900000,0304912000,,,,,R,PSGC-2026-Q2-2026-06-30,san-roque-nueva-ecija-0304912024
0304912025,034912025,San Vicente,San Vicente,barangay,0304912000,0300000000,0304900000,0304912000,,,,,R,PSGC-2026-Q2-2026-06-30,san-vicente-nueva-ecija-0304912025
0304912026,034912026,Santa Rita,Santa Rita,barangay,0304912000,0300000000,0304900000,0304912000,,,,,R,PSGC-2026-Q2-2026-06-30,santa-rita-nueva-ecija-0304912026
0304912027,034912027,Santo Tomas North,Santo Tomas North,barangay,0304912000,0300000000,0304900000,0304912000,,,,,R,PSGC-2026-Q2-2026-06-30,santo-tomas-north
0304912028,034912028,Santo Tomas South,Santo Tomas South,barangay,0304912000,0300000000,0304900000,0304912000,,,,,R,PSGC-2026-Q2-2026-06-30,santo-tomas-south
0304912029,034912029,Sapang,Sapang,barangay,0304912000,0300000000,0304900000,0304912000,,,,,R,PSGC-2026-Q2-2026-06-30,sapang-nueva-ecija-0304912029
0304913000,034913000,Laur,Laur,municipality,0304900000,0300000000,0304900000,0304913000,,1st,,,,PSGC-2026-Q2-2026-06-30,laur
0304913001,034913001,Barangay I,Barangay I,barangay,0304913000,0300000000,0304900000,0304913000,,,,Pob.,R,PSGC-2026-Q2-2026-06-30,barangay-i-nueva-ecija
0304913002,034913002,Barangay II,Barangay II,barangay,0304913000,0300000000,0304900000,0304913000,,,,Pob.,R,PSGC-2026-Q2-2026-06-30,barangay-ii-nueva-ecija
0304913003,034913003,Barangay III,Barangay III,barangay,0304913000,0300000000,0304900000,0304913000,,,,Pob.,R,PSGC-2026-Q2-2026-06-30,barangay-iii-nueva-ecija
0304913004,034913004,Barangay IV,Barangay IV,barangay,0304913000,0300000000,0304900000,0304913000,,,,Pob.,R,PSGC-2026-Q2-2026-06-30,barangay-iv-nueva-ecija
0304913005,034913005,Betania,Betania,barangay,0304913000,0300000000,0304900000,0304913000,,,,,R,PSGC-2026-Q2-2026-06-30,betania
0304913006,034913006,Canantong,Canantong,barangay,0304913000,0300000000,0304900000,0304913000,,,,,R,PSGC-2026-Q2-2026-06-30,canantong
0304913009,034913009,Nauzon,Nauzon,barangay,0304913000,0300000000,0304900000,0304913000,,,,,R,PSGC-2026-Q2-2026-06-30,nauzon
0304913011,034913011,Pangarulong,Pangarulong,barangay,0304913000,0300000000,0304900000,0304913000,,,,,R,PSGC-2026-Q2-2026-06-30,pangarulong
0304913013,034913013,Pinagbayanan,Pinagbayanan,barangay,0304913000,0300000000,0304900000,0304913000,,,,,R,PSGC-2026-Q2-2026-06-30,pinagbayanan-nueva-ecija
0304913016,034913016,Sagana,Sagana,barangay,0304913000,0300000000,0304900000,0304913000,,,,,R,PSGC-2026-Q2-2026-06-30,sagana-nueva-ecija
0304913017,034913017,San Fernando,San Fernando,barangay,0304913000,0300000000,0304900000,0304913000,,,,,R,PSGC-2026-Q2-2026-06-30,san-fernando-nueva-ecija
0304913018,034913018,San Isidro,San Isidro,barangay,0304913000,0300000000,0304900000,0304913000,,,,,R,PSGC-2026-Q2-2026-06-30,san-isidro-nueva-ecija-0304913018
0304913019,034913019,San Josef,San Josef,barangay,0304913000,0300000000,0304900000,0304913000,,,,,R,PSGC-2026-Q2-2026-06-30,san-josef-nueva-ecija-0304913019
0304913020,034913020,San Juan,San Juan,barangay,0304913000,0300000000,0304900000,0304913000,,,,,R,PSGC-2026-Q2-2026-06-30,san-juan-nueva-ecija-0304913020
0304913021,034913021,San Vicente,San Vicente,barangay,0304913000,0300000000,0304900000,0304913000,,,,,R,PSGC-2026-Q2-2026-06-30,san-vicente-nueva-ecija-0304913021
0304913022,034913022,Siclong,Siclong,barangay,0304913000,0300000000,0304900000,0304913000,,,,,R,PSGC-2026-Q2-2026-06-30,siclong
0304913023,034913023,San Felipe,San Felipe,barangay,0304913000,0300000000,0304900000,0304913000,,,,,R,PSGC-2026-Q2-2026-06-30,san-felipe-nueva-ecija
0304914000,034914000,Licab,Licab,municipality,0304900000,0300000000,0304900000,0304914000,,3rd,,,,PSGC-2026-Q2-2026-06-30,licab
0304914002,034914002,Linao,Linao,barangay,0304914000,0300000000,0304900000,0304914000,,,,,R,PSGC-2026-Q2-2026-06-30,linao-nueva-ecija
0304914003,034914003,Poblacion Norte,Poblacion Norte,barangay,0304914000,0300000000,0304900000,0304914000,,,,,R,PSGC-2026-Q2-2026-06-30,poblacion-norte-nueva-ecija
0304914004,034914004,Poblacion Sur,Poblacion Sur,barangay,0304914000,0300000000,0304900000,0304914000,,,,,R,PSGC-2026-Q2-2026-06-30,poblacion-sur-nueva-ecija
0304914005,034914005,San Casimiro,San Casimiro,barangay,0304914000,0300000000,0304900000,0304914000,,,,,R,PSGC-2026-Q2-2026-06-30,san-casimiro
0304914006,034914006,San Cristobal,San Cristobal,barangay,0304914000,0300000000,0304900000,0304914000,,,,,R,PSGC-2026-Q2-2026-06-30,san-cristobal-nueva-ecija
0304914007,034914007,San Jose,San Jose,barangay,0304914000,0300000000,0304900000,0304914000,,,,,R,PSGC-2026-Q2-2026-06-30,san-jose-nueva-ecija-0304914007
0304914008,034914008,San Juan,San Juan,barangay,0304914000,0300000000,0304900000,0304914000,,,,,R,PSGC-2026-Q2-2026-06-30,san-juan-nueva-ecija-0304914008
0304914009,034914009,Santa Maria,Santa Maria,barangay,0304914000,0300000000,0304900000,0304914000,,,,,R,PSGC-2026-Q2-2026-06-30,santa-maria-nueva-ecija
0304914011,034914011,Tabing Ilog,Tabing Ilog,barangay,0304914000,0300000000,0304900000,0304914000,,,,,R,PSGC-2026-Q2-2026-06-30,tabing-ilog-nueva-ecija
0304914012,034914012,Villarosa,Villarosa,barangay,0304914000,0300000000,0304900000,0304914000,,,,,R,PSGC-2026-Q2-2026-06-30,villarosa
0304914013,034914013,Aquino,Aquino,barangay,0304914000,0300000000,0304900000,0304914000,,,,,R,PSGC-2026-Q2-2026-06-30,aquino-nueva-ecija
0304915000,034915000,Llanera,Llanera,municipality,0304900000,0300000000,0304900000,0304915000,,2nd,,,,PSGC-2026-Q2-2026-06-30,llanera
0304915001,034915001,A. Bonifacio,A. Bonifacio,barangay,0304915000,0300000000,0304900000,0304915000,,,,,R,PSGC-2026-Q2-2026-06-30,a-bonifacio-nueva-ecija
0304915002,034915002,Caridad Norte,Caridad Norte,barangay,0304915000,0300000000,0304900000,0304915000,,,,,R,PSGC-2026-Q2-2026-06-30,caridad-norte
0304915003,034915003,Caridad Sur,Caridad Sur,barangay,0304915000,0300000000,0304900000,0304915000,,,,,R,PSGC-2026-Q2-2026-06-30,caridad-sur
0304915004,034915004,Casile,Casile,barangay,0304915000,0300000000,0304900000,0304915000,,,,,R,PSGC-2026-Q2-2026-06-30,casile-nueva-ecija
0304915005,034915005,Florida Blanca,Florida Blanca,barangay,0304915000,0300000000,0304900000,0304915000,,,,,R,PSGC-2026-Q2-2026-06-30,florida-blanca
0304915006,034915006,General Luna,General Luna,barangay,0304915000,0300000000,0304900000,0304915000,,,,,R,PSGC-2026-Q2-2026-06-30,general-luna-nueva-ecija-0304915006
0304915008,034915008,General Ricarte,General Ricarte,barangay,0304915000,0300000000,0304900000,0304915000,,,,,R,PSGC-2026-Q2-2026-06-30,general-ricarte
0304915009,034915009,Gomez,Gomez,barangay,0304915000,0300000000,0304900000,0304915000,,,,,R,PSGC-2026-Q2-2026-06-30,gomez-nueva-ecija
0304915010,034915010,Inanama,Inanama,barangay,0304915000,0300000000,0304900000,0304915000,,,,,R,PSGC-2026-Q2-2026-06-30,inanama-nueva-ecija
0304915011,034915011,Ligaya,Ligaya,barangay,0304915000,0300000000,0304900000,0304915000,,,,,R,PSGC-2026-Q2-2026-06-30,ligaya-nueva-ecija-0304915011
0304915012,034915012,Mabini,Mabini,barangay,0304915000,0300000000,0304900000,0304915000,,,,,R,PSGC-2026-Q2-2026-06-30,mabini-nueva-ecija
0304915013,034915013,Murcon,Murcon,barangay,0304915000,0300000000,0304900000,0304915000,,,,,R,PSGC-2026-Q2-2026-06-30,murcon
0304915015,034915015,Plaridel,Plaridel,barangay,0304915000,0300000000,0304900000,0304915000,,,,,R,PSGC-2026-Q2-2026-06-30,plaridel-nueva-ecija
0304915016,034915016,Bagumbayan,Bagumbayan,barangay,0304915000,0300000000,0304900000,0304915000,,,,Pob.,R,PSGC-2026-Q2-2026-06-30,bagumbayan-nueva-ecija
0304915018,034915018,San Felipe,San Felipe,barangay,0304915000,0300000000,0304900000,0304915000,,,,,R,PSGC-2026-Q2-2026-06-30,san-felipe-nueva-ecija-0304915018
0304915019,034915019,San Francisco,San Francisco,barangay,0304915000,0300000000,0304900000,0304915000,,,,,R,PSGC-2026-Q2-2026-06-30,san-francisco-nueva-ecija
0304915020,034915020,San Nicolas,San Nicolas,barangay,0304915000,0300000000,0304900000,0304915000,,,,,R,PSGC-2026-Q2-2026-06-30,san-nicolas-nueva-ecija-0304915020
0304915021,034915021,San Vicente,San Vicente,barangay,0304915000,0300000000,0304900000,0304915000,,,,,R,PSGC-2026-Q2-2026-06-30,san-vicente-nueva-ecija-0304915021
0304915022,034915022,Santa Barbara,Santa Barbara,barangay,0304915000,0300000000,0304900000,0304915000,,,,,R,PSGC-2026-Q2-2026-06-30,santa-barbara-nueva-ecija
0304915023,034915023,Victoria,Victoria,barangay,0304915000,0300000000,0304900000,0304915000,,,,,R,PSGC-2026-Q2-2026-06-30,victoria-nueva-ecija
0304915024,034915024,Villa Viniegas,Villa Viniegas,barangay,0304915000,0300000000,0304900000,0304915000,,,,,R,PSGC-2026-Q2-2026-06-30,villa-viniegas
0304915025,034915025,Bosque,Bosque,barangay,0304915000,0300000000,0304900000,0304915000,,,,,R,PSGC-2026-Q2-2026-06-30,bosque
0304916000,034916000,Lupao,Lupao,municipality,0304900000,0300000000,0304900000,0304916000,,2nd,,,,PSGC-2026-Q2-2026-06-30,lupao
0304916002,034916002,Agupalo Este,Agupalo Este,barangay,0304916000,0300000000,0304900000,0304916000,,,,,R,PSGC-2026-Q2-2026-06-30,agupalo-este
0304916003,034916003,Agupalo Weste,Agupalo Weste,barangay,0304916000,0300000000,0304900000,0304916000,,,,,R,PSGC-2026-Q2-2026-06-30,agupalo-weste
0304916004,034916004,Alalay Chica,Alalay Chica,barangay,0304916000,0300000000,0304900000,0304916000,,,,,R,PSGC-2026-Q2-2026-06-30,alalay-chica
0304916005,034916005,Alalay Grande,Alalay Grande,barangay,0304916000,0300000000,0304900000,0304916000,,,,,R,PSGC-2026-Q2-2026-06-30,alalay-grande
0304916006,034916006,J. U. Tienzo,J. U. Tienzo,barangay,0304916000,0300000000,0304900000,0304916000,,,Arimal,,R,PSGC-2026-Q2-2026-06-30,j-u-tienzo
0304916007,034916007,Bagong Flores,Bagong Flores,barangay,0304916000,0300000000,0304900000,0304916000,,,,,R,PSGC-2026-Q2-2026-06-30,bagong-flores
0304916008,034916008,Balbalungao,Balbalungao,barangay,0304916000,0300000000,0304900000,0304916000,,,,,R,PSGC-2026-Q2-2026-06-30,balbalungao
0304916010,034916010,Burgos,Burgos,barangay,0304916000,0300000000,0304900000,0304916000,,,,,R,PSGC-2026-Q2-2026-06-30,burgos-nueva-ecija-0304916010
0304916013,034916013,Cordero,Cordero,barangay,0304916000,0300000000,0304900000,0304916000,,,,,R,PSGC-2026-Q2-2026-06-30,cordero
0304916016,034916016,Mapangpang,Mapangpang,barangay,0304916000,0300000000,0304900000,0304916000,,,,,R,PSGC-2026-Q2-2026-06-30,mapangpang-nueva-ecija
0304916017,034916017,Namulandayan,Namulandayan,barangay,0304916000,0300000000,0304900000,0304916000,,,,,R,PSGC-2026-Q2-2026-06-30,namulandayan
0304916018,034916018,Parista,Parista,barangay,0304916000,0300000000,0304900000,0304916000,,,,,R,PSGC-2026-Q2-2026-06-30,parista
0304916020,034916020,Poblacion East,Poblacion East,barangay,0304916000,0300000000,0304900000,0304916000,,,,,R,PSGC-2026-Q2-2026-06-30,poblacion-east-nueva-ecija-0304916020
0304916021,034916021,Poblacion North,Poblacion North,barangay,0304916000,0300000000,0304900000,0304916000,,,,,R,PSGC-2026-Q2-2026-06-30,poblacion-north-nueva-ecija
0304916022,034916022,Poblacion South,Poblacion South,barangay,0304916000,0300000000,0304900000,0304916000,,,,,R,PSGC-2026-Q2-2026-06-30,poblacion-south-nueva-ecija
0304916023,034916023,Poblacion West,Poblacion West,barangay,0304916000,0300000000,0304900000,0304916000,,,,,R,PSGC-2026-Q2-2026-06-30,poblacion-west-nueva-ecija-0304916023
0304916025,034916025,Salvacion I,Salvacion I,barangay,0304916000,0300000000,0304900000,0304916000,,,,,R,PSGC-2026-Q2-2026-06-30,salvacion-i
0304916026,034916026,Salvacion II,Salvacion II,barangay,0304916000,0300000000,0304900000,0304916000,,,,,R,PSGC-2026-Q2-2026-06-30,salvacion-ii
0304916028,034916028,San Antonio Este,San Antonio Este,barangay,0304916000,0300000000,0304900000,0304916000,,,,,R,PSGC-2026-Q2-2026-06-30,san-antonio-este
0304916029,034916029,San Antonio Weste,San Antonio Weste,barangay,0304916000,0300000000,0304900000,0304916000,,,,,R,PSGC-2026-Q2-2026-06-30,san-antonio-weste
0304916030,034916030,San Isidro,San Isidro,barangay,0304916000,0300000000,0304900000,0304916000,,,,,U,PSGC-2026-Q2-2026-06-30,san-isidro-nueva-ecija-0304916030
0304916032,034916032,San Pedro,San Pedro,barangay,0304916000,0300000000,0304900000,0304916000,,,,,R,PSGC-2026-Q2-2026-06-30,san-pedro-nueva-ecija-0304916032
0304916033,034916033,San Roque,San Roque,barangay,0304916000,0300000000,0304900000,0304916000,,,,,R,PSGC-2026-Q2-2026-06-30,san-roque-nueva-ecija-0304916033
0304916034,034916034,Santo Domingo,Santo Domingo,barangay,0304916000,0300000000,0304900000,0304916000,,,,,R,PSGC-2026-Q2-2026-06-30,santo-domingo-nueva-ecija-0304916034
0304917000,034917000,Science City of Muñoz,Science City of Muñoz,city,0304900000,0300000000,0304900000,0304917000,Component City,4th,,,,PSGC-2026-Q2-2026-06-30,science-city-of-munoz
0304917001,034917001,Bagong Sikat,Bagong Sikat,barangay,0304917000,0300000000,0304900000,0304917000,,,,,U,PSGC-2026-Q2-2026-06-30,bagong-sikat-nueva-ecija-0304917001
0304917002,034917002,Balante,Balante,barangay,0304917000,0300000000,0304900000,0304917000,,,,,R,PSGC-2026-Q2-2026-06-30,balante-nueva-ecija-0304917002
0304917003,034917003,Bantug,Bantug,barangay,0304917000,0300000000,0304900000,0304917000,,,,,U,PSGC-2026-Q2-2026-06-30,bantug-nueva-ecija-0304917003
0304917004,034917004,Bical,Bical,barangay,0304917000,0300000000,0304900000,0304917000,,,,,R,PSGC-2026-Q2-2026-06-30,bical-nueva-ecija
0304917005,034917005,Cabisuculan,Cabisuculan,barangay,0304917000,0300000000,0304900000,0304917000,,,,,R,PSGC-2026-Q2-2026-06-30,cabisuculan
0304917006,034917006,Calabalabaan,Calabalabaan,barangay,0304917000,0300000000,0304900000,0304917000,,,,,R,PSGC-2026-Q2-2026-06-30,calabalabaan
0304917007,034917007,Calisitan,Calisitan,barangay,0304917000,0300000000,0304900000,0304917000,,,,,R,PSGC-2026-Q2-2026-06-30,calisitan-nueva-ecija
0304917008,034917008,Catalanacan,Catalanacan,barangay,0304917000,0300000000,0304900000,0304917000,,,,,R,PSGC-2026-Q2-2026-06-30,catalanacan
0304917009,034917009,Curva,Curva,barangay,0304917000,0300000000,0304900000,0304917000,,,,,R,PSGC-2026-Q2-2026-06-30,curva-nueva-ecija-0304917009
0304917010,034917010,Franza,Franza,barangay,0304917000,0300000000,0304900000,0304917000,,,,,R,PSGC-2026-Q2-2026-06-30,franza
0304917011,034917011,Gabaldon,Gabaldon,barangay,0304917000,0300000000,0304900000,0304917000,,,,,R,PSGC-2026-Q2-2026-06-30,gabaldon-nueva-ecija-0304917011
0304917012,034917012,Labney,Labney,barangay,0304917000,0300000000,0304900000,0304917000,,,,,R,PSGC-2026-Q2-2026-06-30,labney-nueva-ecija
0304917013,034917013,Licaong,Licaong,barangay,0304917000,0300000000,0304900000,0304917000,,,,,R,PSGC-2026-Q2-2026-06-30,licaong
0304917014,034917014,Linglingay,Linglingay,barangay,0304917000,0300000000,0304900000,0304917000,,,,,R,PSGC-2026-Q2-2026-06-30,linglingay-nueva-ecija
0304917016,034917016,Mangandingay,Mangandingay,barangay,0304917000,0300000000,0304900000,0304917000,,,,,R,PSGC-2026-Q2-2026-06-30,mangandingay-nueva-ecija
0304917017,034917017,Magtanggol,Magtanggol,barangay,0304917000,0300000000,0304900000,0304917000,,,,,R,PSGC-2026-Q2-2026-06-30,magtanggol-nueva-ecija-0304917017
0304917018,034917018,Maligaya,Maligaya,barangay,0304917000,0300000000,0304900000,0304917000,,,,,R,PSGC-2026-Q2-2026-06-30,maligaya-nueva-ecija-0304917018
0304917019,034917019,Mapangpang,Mapangpang,barangay,0304917000,0300000000,0304900000,0304917000,,,,,R,PSGC-2026-Q2-2026-06-30,mapangpang-nueva-ecija-0304917019
0304917020,034917020,Maragol,Maragol,barangay,0304917000,0300000000,0304900000,0304917000,,,,,R,PSGC-2026-Q2-2026-06-30,maragol
0304917021,034917021,Matingkis,Matingkis,barangay,0304917000,0300000000,0304900000,0304917000,,,,,R,PSGC-2026-Q2-2026-06-30,matingkis-nueva-ecija
0304917022,034917022,Naglabrahan,Naglabrahan,barangay,0304917000,0300000000,0304900000,0304917000,,,,,R,PSGC-2026-Q2-2026-06-30,naglabrahan-nueva-ecija-0304917022
0304917024,034917024,Palusapis,Palusapis,barangay,0304917000,0300000000,0304900000,0304917000,,,,,R,PSGC-2026-Q2-2026-06-30,palusapis
0304917025,034917025,Pandalla,Pandalla,barangay,0304917000,0300000000,0304900000,0304917000,,,,,R,PSGC-2026-Q2-2026-06-30,pandalla
0304917026,034917026,Poblacion East,Poblacion East,barangay,0304917000,0300000000,0304900000,0304917000,,,,,U,PSGC-2026-Q2-2026-06-30,poblacion-east-nueva-ecija-0304917026
0304917027,034917027,Poblacion North,Poblacion North,barangay,0304917000,0300000000,0304900000,0304917000,,,,,R,PSGC-2026-Q2-2026-06-30,poblacion-north-nueva-ecija-0304917027
0304917028,034917028,Poblacion South,Poblacion South,barangay,0304917000,0300000000,0304900000,0304917000,,,,,U,PSGC-2026-Q2-2026-06-30,poblacion-south-nueva-ecija-0304917028
0304917029,034917029,Poblacion West,Poblacion West,barangay,0304917000,0300000000,0304900000,0304917000,,,,,U,PSGC-2026-Q2-2026-06-30,poblacion-west-nueva-ecija-0304917029
0304917030,034917030,Rang-ayan,Rang-ayan,barangay,0304917000,0300000000,0304900000,0304917000,,,,,R,PSGC-2026-Q2-2026-06-30,rang-ayan-nueva-ecija
0304917031,034917031,Rizal,Rizal,barangay,0304917000,0300000000,0304900000,0304917000,,,,,R,PSGC-2026-Q2-2026-06-30,rizal-nueva-ecija-0304917031
0304917032,034917032,San Andres,San Andres,barangay,0304917000,0300000000,0304900000,0304917000,,,,,R,PSGC-2026-Q2-2026-06-30,san-andres-nueva-ecija-0304917032
0304917033,034917033,San Antonio,San Antonio,barangay,0304917000,0300000000,0304900000,0304917000,,,,,R,PSGC-2026-Q2-2026-06-30,san-antonio-nueva-ecija-0304917033
0304917034,034917034,San Felipe,San Felipe,barangay,0304917000,0300000000,0304900000,0304917000,,,,,R,PSGC-2026-Q2-2026-06-30,san-felipe-nueva-ecija-0304917034
0304917035,034917035,Sapang Cawayan,Sapang Cawayan,barangay,0304917000,0300000000,0304900000,0304917000,,,,,R,PSGC-2026-Q2-2026-06-30,sapang-cawayan
0304917036,034917036,Villa Isla,Villa Isla,barangay,0304917000,0300000000,0304900000,0304917000,,,,,R,PSGC-2026-Q2-2026-06-30,villa-isla
0304917037,034917037,Villa Nati,Villa Nati,barangay,0304917000,0300000000,0304900000,0304917000,,,,,R,PSGC-2026-Q2-2026-06-30,villa-nati
0304917038,034917038,Villa Santos,Villa Santos,barangay,0304917000,0300000000,0304900000,0304917000,,,,,R,PSGC-2026-Q2-2026-06-30,villa-santos
0304917040,034917040,Villa Cuizon,Villa Cuizon,barangay,0304917000,0300000000,0304900000,0304917000,,,,,R,PSGC-2026-Q2-2026-06-30,villa-cuizon
0304918000,034918000,Nampicuan,Nampicuan,municipality,0304900000,0300000000,0304900000,0304918000,,4th,,,,PSGC-2026-Q2-2026-06-30,nampicuan-nueva-ecija
0304918001,034918001,Alemania,Alemania,barangay,0304918000,0300000000,0304900000,0304918000,,,,,R,PSGC-2026-Q2-2026-06-30,alemania
0304918002,034918002,Ambasador Alzate Village,Ambasador Alzate Village,barangay,0304918000,0300000000,0304900000,0304918000,,,,,R,PSGC-2026-Q2-2026-06-30,ambasador-alzate-village
0304918003,034918003,Cabaducan East,Cabaducan East,barangay,0304918000,0300000000,0304900000,0304918000,,,,Pob.,R,PSGC-2026-Q2-2026-06-30,cabaducan-east
0304918004,034918004,Cabaducan West,Cabaducan West,barangay,0304918000,0300000000,0304900000,0304918000,,,,Pob.,R,PSGC-2026-Q2-2026-06-30,cabaducan-west
0304918005,034918005,Cabawangan,Cabawangan,barangay,0304918000,0300000000,0304900000,0304918000,,,,,R,PSGC-2026-Q2-2026-06-30,cabawangan
0304918008,034918008,East Central Poblacion,East Central Poblacion,barangay,0304918000,0300000000,0304900000,0304918000,,,,,R,PSGC-2026-Q2-2026-06-30,east-central-poblacion
0304918009,034918009,Edy,Edy,barangay,0304918000,0300000000,0304900000,0304918000,,,,,R,PSGC-2026-Q2-2026-06-30,edy
0304918011,034918011,Maeling,Maeling,barangay,0304918000,0300000000,0304900000,0304918000,,,,,R,PSGC-2026-Q2-2026-06-30,maeling
0304918012,034918012,Mayantoc,Mayantoc,barangay,0304918000,0300000000,0304900000,0304918000,,,,,R,PSGC-2026-Q2-2026-06-30,mayantoc-nueva-ecija
0304918013,034918013,Medico,Medico,barangay,0304918000,0300000000,0304900000,0304918000,,,,,R,PSGC-2026-Q2-2026-06-30,medico
0304918014,034918014,Monic,Monic,barangay,0304918000,0300000000,0304900000,0304918000,,,,,R,PSGC-2026-Q2-2026-06-30,monic
0304918016,034918016,North Poblacion,North Poblacion,barangay,0304918000,0300000000,0304900000,0304918000,,,,,R,PSGC-2026-Q2-2026-06-30,north-poblacion-nueva-ecija
0304918017,034918017,Northwest Poblacion,Northwest Poblacion,barangay,0304918000,0300000000,0304900000,0304918000,,,,,R,PSGC-2026-Q2-2026-06-30,northwest-poblacion
0304918019,034918019,Estacion,Estacion,barangay,0304918000,0300000000,0304900000,0304918000,,,,Pob.,R,PSGC-2026-Q2-2026-06-30,estacion-nueva-ecija
0304918021,034918021,West Poblacion,West Poblacion,barangay,0304918000,0300000000,0304900000,0304918000,,,,,R,PSGC-2026-Q2-2026-06-30,west-poblacion-nueva-ecija
0304918023,034918023,Recuerdo,Recuerdo,barangay,0304918000,0300000000,0304900000,0304918000,,,,,R,PSGC-2026-Q2-2026-06-30,recuerdo
0304918024,034918024,South Central Poblacion,South Central Poblacion,barangay,0304918000,0300000000,0304900000,0304918000,,,,,R,PSGC-2026-Q2-2026-06-30,south-central-poblacion
0304918025,034918025,Southeast Poblacion,Southeast Poblacion,barangay,0304918000,0300000000,0304900000,0304918000,,,,,R,PSGC-2026-Q2-2026-06-30,southeast-poblacion
0304918026,034918026,Southwest Poblacion,Southwest Poblacion,barangay,0304918000,0300000000,0304900000,0304918000,,,,,R,PSGC-2026-Q2-2026-06-30,southwest-poblacion
0304918027,034918027,Tony,Tony,barangay,0304918000,0300000000,0304900000,0304918000,,,,,R,PSGC-2026-Q2-2026-06-30,tony
0304918028,034918028,West Central Poblacion,West Central Poblacion,barangay,0304918000,0300000000,0304900000,0304918000,,,,,R,PSGC-2026-Q2-2026-06-30,west-central-poblacion
0304919000,034919000,City of Palayan,Palayan City,city,0304900000,0300000000,0304900000,0304919000,Component City,4th,,Capital,,PSGC-2026-Q2-2026-06-30,palayan-city
0304919001,034919001,Aulo,Aulo,barangay,0304919000,0300000000,0304900000,0304919000,,,,,R,PSGC-2026-Q2-2026-06-30,aulo
0304919003,034919003,Bo. Militar,Bo. Militar,barangay,0304919000,0300000000,0304900000,0304919000,,,Fort Magsaysay,,U,PSGC-2026-Q2-2026-06-30,bo-militar
0304919004,034919004,Ganaderia,Ganaderia,barangay,0304919000,0300000000,0304900000,0304919000,,,,,R,PSGC-2026-Q2-2026-06-30,ganaderia
0304919005,034919005,Maligaya,Maligaya,barangay,0304919000,0300000000,0304900000,0304919000,,,,,R,PSGC-2026-Q2-2026-06-30,maligaya-nueva-ecija-0304919005
0304919006,034919006,Manacnac,Manacnac,barangay,0304919000,0300000000,0304900000,0304919000,,,,,R,PSGC-2026-Q2-2026-06-30,manacnac
0304919007,034919007,Mapait,Mapait,barangay,0304919000,0300000000,0304900000,0304919000,,,,,R,PSGC-2026-Q2-2026-06-30,mapait
0304919008,034919008,Marcos Village,Marcos Village,barangay,0304919000,0300000000,0304900000,0304919000,,,,,U,PSGC-2026-Q2-2026-06-30,marcos-village-nueva-ecija
0304919010,034919010,Malate,Malate,barangay,0304919000,0300000000,0304900000,0304919000,,,,Pob.,R,PSGC-2026-Q2-2026-06-30,malate-nueva-ecija
0304919011,034919011,Sapang Buho,Sapang Buho,barangay,0304919000,0300000000,0304900000,0304919000,,,,,R,PSGC-2026-Q2-2026-06-30,sapang-buho
0304919012,034919012,Singalat,Singalat,barangay,0304919000,0300000000,0304900000,0304919000,,,,,U,PSGC-2026-Q2-2026-06-30,singalat
0304919013,034919013,Atate,Atate,barangay,0304919000,0300000000,0304900000,0304919000,,,,,R,PSGC-2026-Q2-2026-06-30,atate
0304919014,034919014,Caballero,Caballero,barangay,0304919000,0300000000,0304900000,0304919000,,,,,R,PSGC-2026-Q2-2026-06-30,caballero-nueva-ecija-0304919014
0304919015,034919015,Caimito,Caimito,barangay,0304919000,0300000000,0304900000,0304919000,,,,,R,PSGC-2026-Q2-2026-06-30,caimito
0304919016,034919016,Doña Josefa,Doña Josefa,barangay,0304919000,0300000000,0304900000,0304919000,,,,,R,PSGC-2026-Q2-2026-06-30,dona-josefa-nueva-ecija
0304919017,034919017,Imelda Valley,Imelda Valley,barangay,0304919000,0300000000,0304900000,0304919000,,,,,R,PSGC-2026-Q2-2026-06-30,imelda-valley
0304919018,034919018,Langka,Langka,barangay,0304919000,0300000000,0304900000,0304919000,,,,,R,PSGC-2026-Q2-2026-06-30,langka-nueva-ecija
0304919020,034919020,Santolan,Santolan,barangay,0304919000,0300000000,0304900000,0304919000,,,,,R,PSGC-2026-Q2-2026-06-30,santolan-nueva-ecija
0304919021,034919021,Popolon Pagas,Popolon Pagas,barangay,0304919000,0300000000,0304900000,0304919000,,,,,R,PSGC-2026-Q2-2026-06-30,popolon-pagas
0304919022,034919022,Bagong Buhay,Bagong Buhay,barangay,0304919000,0300000000,0304900000,0304919000,,,,,R,PSGC-2026-Q2-2026-06-30,bagong-buhay-nueva-ecija-0304919022
0304920000,034920000,Pantabangan,Pantabangan,municipality,0304900000,0300000000,0304900000,0304920000,,1st,,,,PSGC-2026-Q2-2026-06-30,pantabangan
0304920001,034920001,Cadaclan,Cadaclan,barangay,0304920000,0300000000,0304900000,0304920000,,,,,R,PSGC-2026-Q2-2026-06-30,cadaclan-nueva-ecija
0304920003,034920003,Cambitala,Cambitala,barangay,0304920000,0300000000,0304900000,0304920000,,,,,R,PSGC-2026-Q2-2026-06-30,cambitala
0304920004,034920004,Conversion,Conversion,barangay,0304920000,0300000000,0304900000,0304920000,,,,,R,PSGC-2026-Q2-2026-06-30,conversion
0304920005,034920005,Ganduz,Ganduz,barangay,0304920000,0300000000,0304900000,0304920000,,,,,R,PSGC-2026-Q2-2026-06-30,ganduz
0304920007,034920007,Liberty,Liberty,barangay,0304920000,0300000000,0304900000,0304920000,,,,,R,PSGC-2026-Q2-2026-06-30,liberty
0304920009,034920009,Malbang,Malbang,barangay,0304920000,0300000000,0304900000,0304920000,,,,,R,PSGC-2026-Q2-2026-06-30,malbang
0304920010,034920010,Marikit,Marikit,barangay,0304920000,0300000000,0304900000,0304920000,,,,,R,PSGC-2026-Q2-2026-06-30,marikit-nueva-ecija
0304920011,034920011,Napon-Napon,Napon-Napon,barangay,0304920000,0300000000,0304900000,0304920000,,,,,R,PSGC-2026-Q2-2026-06-30,napon-napon
0304920012,034920012,Poblacion East,Poblacion East,barangay,0304920000,0300000000,0304900000,0304920000,,,,,R,PSGC-2026-Q2-2026-06-30,poblacion-east-nueva-ecija-0304920012
0304920013,034920013,Poblacion West,Poblacion West,barangay,0304920000,0300000000,0304900000,0304920000,,,,,R,PSGC-2026-Q2-2026-06-30,poblacion-west-nueva-ecija-0304920013
0304920014,034920014,Sampaloc,Sampaloc,barangay,0304920000,0300000000,0304900000,0304920000,,,,,R,PSGC-2026-Q2-2026-06-30,sampaloc-nueva-ecija
0304920015,034920015,San Juan,San Juan,barangay,0304920000,0300000000,0304900000,0304920000,,,,,R,PSGC-2026-Q2-2026-06-30,san-juan-nueva-ecija-0304920015
0304920016,034920016,Villarica,Villarica,barangay,0304920000,0300000000,0304900000,0304920000,,,,,R,PSGC-2026-Q2-2026-06-30,villarica-nueva-ecija
0304920017,034920017,Fatima,Fatima,barangay,0304920000,0300000000,0304900000,0304920000,,,,,U,PSGC-2026-Q2-2026-06-30,fatima-nueva-ecija-0304920017
0304921000,034921000,Peñaranda,Peñaranda,municipality,0304900000,0300000000,0304900000,0304921000,,2nd,,,,PSGC-2026-Q2-2026-06-30,penaranda
0304921001,034921001,Callos,Callos,barangay,0304921000,0300000000,0304900000,0304921000,,,,,R,PSGC-2026-Q2-2026-06-30,callos
0304921003,034921003,Las Piñas,Las Piñas,barangay,0304921000,0300000000,0304900000,0304921000,,,,,R,PSGC-2026-Q2-2026-06-30,las-pinas-nueva-ecija
0304921006,034921006,Poblacion I,Poblacion I,barangay,0304921000,0300000000,0304900000,0304921000,,,,,U,PSGC-2026-Q2-2026-06-30,poblacion-i-nueva-ecija
0304921007,034921007,Poblacion II,Poblacion II,barangay,0304921000,0300000000,0304900000,0304921000,,,,,R,PSGC-2026-Q2-2026-06-30,poblacion-ii-nueva-ecija
0304921008,034921008,Poblacion III,Poblacion III,barangay,0304921000,0300000000,0304900000,0304921000,,,,,R,PSGC-2026-Q2-2026-06-30,poblacion-iii-nueva-ecija
0304921009,034921009,Poblacion IV,Poblacion IV,barangay,0304921000,0300000000,0304900000,0304921000,,,,,R,PSGC-2026-Q2-2026-06-30,poblacion-iv-nueva-ecija
0304921012,034921012,Santo Tomas,Santo Tomas,barangay,0304921000,0300000000,0304900000,0304921000,,,,,U,PSGC-2026-Q2-2026-06-30,santo-tomas-nueva-ecija-0304921012
0304921013,034921013,Sinasajan,Sinasajan,barangay,0304921000,0300000000,0304900000,0304921000,,,,,U,PSGC-2026-Q2-2026-06-30,sinasajan
0304921014,034921014,San Josef,San Josef,barangay,0304921000,0300000000,0304900000,0304921000,,,,,U,PSGC-2026-Q2-2026-06-30,san-josef-nueva-ecija-0304921014
0304921015,034921015,San Mariano,San Mariano,barangay,0304921000,0300000000,0304900000,0304921000,,,Maugat,,R,PSGC-2026-Q2-2026-06-30,san-mariano-nueva-ecija
0304922000,034922000,Quezon,Quezon,municipality,0304900000,0300000000,0304900000,0304922000,,2nd,,,,PSGC-2026-Q2-2026-06-30,quezon-nueva-ecija
0304922001,034922001,Bertese,Bertese,barangay,0304922000,0300000000,0304900000,0304922000,,,,,R,PSGC-2026-Q2-2026-06-30,bertese
0304922004,034922004,Doña Lucia,Doña Lucia,barangay,0304922000,0300000000,0304900000,0304922000,,,,,R,PSGC-2026-Q2-2026-06-30,dona-lucia
0304922005,034922005,Dulong Bayan,Dulong Bayan,barangay,0304922000,0300000000,0304900000,0304922000,,,,,U,PSGC-2026-Q2-2026-06-30,dulong-bayan-nueva-ecija
0304922006,034922006,Ilog Baliwag,Ilog Baliwag,barangay,0304922000,0300000000,0304900000,0304922000,,,,,R,PSGC-2026-Q2-2026-06-30,ilog-baliwag
0304922010,034922010,Barangay I,Barangay I,barangay,0304922000,0300000000,0304900000,0304922000,,,,Pob.,R,PSGC-2026-Q2-2026-06-30,barangay-i-nueva-ecija-0304922010
0304922011,034922011,Barangay II,Barangay II,barangay,0304922000,0300000000,0304900000,0304922000,,,,Pob.,R,PSGC-2026-Q2-2026-06-30,barangay-ii-nueva-ecija-0304922011
0304922012,034922012,Pulong Bahay,Pulong Bahay,barangay,0304922000,0300000000,0304900000,0304922000,,,,,R,PSGC-2026-Q2-2026-06-30,pulong-bahay
0304922013,034922013,San Alejandro,San Alejandro,barangay,0304922000,0300000000,0304900000,0304922000,,,,,R,PSGC-2026-Q2-2026-06-30,san-alejandro-nueva-ecija
0304922014,034922014,San Andres I,San Andres I,barangay,0304922000,0300000000,0304900000,0304922000,,,,,R,PSGC-2026-Q2-2026-06-30,san-andres-i-nueva-ecija
0304922015,034922015,San Andres II,San Andres II,barangay,0304922000,0300000000,0304900000,0304922000,,,,,R,PSGC-2026-Q2-2026-06-30,san-andres-ii-nueva-ecija
0304922017,034922017,San Manuel,San Manuel,barangay,0304922000,0300000000,0304900000,0304922000,,,,,R,PSGC-2026-Q2-2026-06-30,san-manuel-nueva-ecija
0304922018,034922018,Santa Clara,Santa Clara,barangay,0304922000,0300000000,0304900000,0304922000,,,,,R,PSGC-2026-Q2-2026-06-30,santa-clara-nueva-ecija-0304922018
0304922019,034922019,Santa Rita,Santa Rita,barangay,0304922000,0300000000,0304900000,0304922000,,,,,R,PSGC-2026-Q2-2026-06-30,santa-rita-nueva-ecija-0304922019
0304922020,034922020,Santo Cristo,Santo Cristo,barangay,0304922000,0300000000,0304900000,0304922000,,,,,R,PSGC-2026-Q2-2026-06-30,santo-cristo-nueva-ecija
0304922022,034922022,Santo Tomas Feria,Santo Tomas Feria,barangay,0304922000,0300000000,0304900000,0304922000,,,,,R,PSGC-2026-Q2-2026-06-30,santo-tomas-feria
0304922024,034922024,San Miguel,San Miguel,barangay,0304922000,0300000000,0304900000,0304922000,,,,,R,PSGC-2026-Q2-2026-06-30,san-miguel-nueva-ecija-0304922024
0304923000,034923000,Rizal,Rizal,municipality,0304900000,0300000000,0304900000,0304923000,,1st,,,,PSGC-2026-Q2-2026-06-30,rizal-nueva-ecija
0304923002,034923002,Agbannawag,Agbannawag,barangay,0304923000,0300000000,0304900000,0304923000,,,,,R,PSGC-2026-Q2-2026-06-30,agbannawag-nueva-ecija
0304923005,034923005,Bicos,Bicos,barangay,0304923000,0300000000,0304900000,0304923000,,,,,U,PSGC-2026-Q2-2026-06-30,bicos
0304923006,034923006,Cabucbucan,Cabucbucan,barangay,0304923000,0300000000,0304900000,0304923000,,,,,U,PSGC-2026-Q2-2026-06-30,cabucbucan
0304923007,034923007,Calaocan District,Calaocan District,barangay,0304923000,0300000000,0304900000,0304923000,,,,,R,PSGC-2026-Q2-2026-06-30,calaocan-district
0304923008,034923008,Canaan East,Canaan East,barangay,0304923000,0300000000,0304900000,0304923000,,,,,R,PSGC-2026-Q2-2026-06-30,canaan-east
0304923009,034923009,Canaan West,Canaan West,barangay,0304923000,0300000000,0304900000,0304923000,,,,,R,PSGC-2026-Q2-2026-06-30,canaan-west
0304923010,034923010,Casilagan,Casilagan,barangay,0304923000,0300000000,0304900000,0304923000,,,,,R,PSGC-2026-Q2-2026-06-30,casilagan-nueva-ecija
0304923011,034923011,Aglipay,Aglipay,barangay,0304923000,0300000000,0304900000,0304923000,,,Curva,,R,PSGC-2026-Q2-2026-06-30,aglipay-nueva-ecija
0304923012,034923012,Del Pilar,Del Pilar,barangay,0304923000,0300000000,0304900000,0304923000,,,,,R,PSGC-2026-Q2-2026-06-30,del-pilar-nueva-ecija
0304923013,034923013,Estrella,Estrella,barangay,0304923000,0300000000,0304900000,0304923000,,,,,U,PSGC-2026-Q2-2026-06-30,estrella-nueva-ecija
0304923016,034923016,General Luna,General Luna,barangay,0304923000,0300000000,0304900000,0304923000,,,,,R,PSGC-2026-Q2-2026-06-30,general-luna-nueva-ecija-0304923016
0304923018,034923018,Macapsing,Macapsing,barangay,0304923000,0300000000,0304900000,0304923000,,,,,R,PSGC-2026-Q2-2026-06-30,macapsing
0304923019,034923019,Maligaya,Maligaya,barangay,0304923000,0300000000,0304900000,0304923000,,,,,R,PSGC-2026-Q2-2026-06-30,maligaya-nueva-ecija-0304923019
0304923021,034923021,Paco Roman,Paco Roman,barangay,0304923000,0300000000,0304900000,0304923000,,,,,R,PSGC-2026-Q2-2026-06-30,paco-roman
0304923022,034923022,Pag-asa,Pag-asa,barangay,0304923000,0300000000,0304900000,0304923000,,,,,R,PSGC-2026-Q2-2026-06-30,pag-asa-nueva-ecija
0304923025,034923025,Poblacion Central,Poblacion Central,barangay,0304923000,0300000000,0304900000,0304923000,,,,,R,PSGC-2026-Q2-2026-06-30,poblacion-central-nueva-ecija-0304923025
0304923026,034923026,Poblacion East,Poblacion East,barangay,0304923000,0300000000,0304900000,0304923000,,,,,R,PSGC-2026-Q2-2026-06-30,poblacion-east-nueva-ecija-0304923026
0304923027,034923027,Poblacion Norte,Poblacion Norte,barangay,0304923000,0300000000,0304900000,0304923000,,,,,R,PSGC-2026-Q2-2026-06-30,poblacion-norte-nueva-ecija-0304923027
0304923028,034923028,Poblacion Sur,Poblacion Sur,barangay,0304923000,0300000000,0304900000,0304923000,,,,,U,PSGC-2026-Q2-2026-06-30,poblacion-sur-nueva-ecija-0304923028
0304923029,034923029,Poblacion West,Poblacion West,barangay,0304923000,0300000000,0304900000,0304923000,,,,,R,PSGC-2026-Q2-2026-06-30,poblacion-west-nueva-ecija-0304923029
0304923030,034923030,Portal,Portal,barangay,0304923000,0300000000,0304900000,0304923000,,,,,R,PSGC-2026-Q2-2026-06-30,portal
0304923031,034923031,San Esteban,San Esteban,barangay,0304923000,0300000000,0304900000,0304923000,,,,,R,PSGC-2026-Q2-2026-06-30,san-esteban-nueva-ecija
0304923032,034923032,Santa Monica,Santa Monica,barangay,0304923000,0300000000,0304900000,0304923000,,,,,U,PSGC-2026-Q2-2026-06-30,santa-monica-nueva-ecija-0304923032
0304923033,034923033,Villa Labrador,Villa Labrador,barangay,0304923000,0300000000,0304900000,0304923000,,,,,R,PSGC-2026-Q2-2026-06-30,villa-labrador
0304923034,034923034,Villa Paraiso,Villa Paraiso,barangay,0304923000,0300000000,0304900000,0304923000,,,,,R,PSGC-2026-Q2-2026-06-30,villa-paraiso
0304923035,034923035,San Gregorio,San Gregorio,barangay,0304923000,0300000000,0304900000,0304923000,,,,,R,PSGC-2026-Q2-2026-06-30,san-gregorio-nueva-ecija-0304923035
0304924000,034924000,San Antonio,San Antonio,municipality,0304900000,0300000000,0304900000,0304924000,,1st,,,,PSGC-2026-Q2-2026-06-30,san-antonio-nueva-ecija
0304924001,034924001,Buliran,Buliran,barangay,0304924000,0300000000,0304900000,0304924000,,,,,R,PSGC-2026-Q2-2026-06-30,buliran-nueva-ecija-0304924001
0304924002,034924002,Cama Juan,Cama Juan,barangay,0304924000,0300000000,0304900000,0304924000,,,,,R,PSGC-2026-Q2-2026-06-30,cama-juan
0304924003,034924003,Julo,Julo,barangay,0304924000,0300000000,0304900000,0304924000,,,,,U,PSGC-2026-Q2-2026-06-30,julo
0304924004,034924004,Lawang Kupang,Lawang Kupang,barangay,0304924000,0300000000,0304900000,0304924000,,,,,R,PSGC-2026-Q2-2026-06-30,lawang-kupang
0304924005,034924005,Luyos,Luyos,barangay,0304924000,0300000000,0304900000,0304924000,,,,,R,PSGC-2026-Q2-2026-06-30,luyos-nueva-ecija
0304924006,034924006,Maugat,Maugat,barangay,0304924000,0300000000,0304900000,0304924000,,,,,U,PSGC-2026-Q2-2026-06-30,maugat-nueva-ecija
0304924007,034924007,Panabingan,Panabingan,barangay,0304924000,0300000000,0304900000,0304924000,,,,,R,PSGC-2026-Q2-2026-06-30,panabingan
0304924008,034924008,Papaya,Papaya,barangay,0304924000,0300000000,0304900000,0304924000,,,,,U,PSGC-2026-Q2-2026-06-30,papaya-nueva-ecija
0304924009,034924009,Poblacion,Poblacion,barangay,0304924000,0300000000,0304900000,0304924000,,,,,R,PSGC-2026-Q2-2026-06-30,poblacion-nueva-ecija-0304924009
0304924011,034924011,San Francisco,San Francisco,barangay,0304924000,0300000000,0304900000,0304924000,,,,,U,PSGC-2026-Q2-2026-06-30,san-francisco-nueva-ecija-0304924011
0304924012,034924012,San Jose,San Jose,barangay,0304924000,0300000000,0304900000,0304924000,,,,,R,PSGC-2026-Q2-2026-06-30,san-jose-nueva-ecija-0304924012
0304924013,034924013,San Mariano,San Mariano,barangay,0304924000,0300000000,0304900000,0304924000,,,,,U,PSGC-2026-Q2-2026-06-30,san-mariano-nueva-ecija-0304924013
0304924014,034924014,Santa Cruz,Santa Cruz,barangay,0304924000,0300000000,0304900000,0304924000,,,,,R,PSGC-2026-Q2-2026-06-30,santa-cruz-nueva-ecija-0304924014
0304924015,034924015,Santo Cristo,Santo Cristo,barangay,0304924000,0300000000,0304900000,0304924000,,,,,U,PSGC-2026-Q2-2026-06-30,santo-cristo-nueva-ecija-0304924015
0304924016,034924016,Santa Barbara,Santa Barbara,barangay,0304924000,0300000000,0304900000,0304924000,,,,,U,PSGC-2026-Q2-2026-06-30,santa-barbara-nueva-ecija-0304924016
0304924017,034924017,Tikiw,Tikiw,barangay,0304924000,0300000000,0304900000,0304924000,,,,,R,PSGC-2026-Q2-2026-06-30,tikiw
0304925000,034925000,San Isidro,San Isidro,municipality,0304900000,0300000000,0304900000,0304925000,,1st,,,,PSGC-2026-Q2-2026-06-30,san-isidro-nueva-ecija
0304925001,034925001,Alua,Alua,barangay,0304925000,0300000000,0304900000,0304925000,,,,,U,PSGC-2026-Q2-2026-06-30,alua
0304925002,034925002,Calaba,Calaba,barangay,0304925000,0300000000,0304900000,0304925000,,,,,U,PSGC-2026-Q2-2026-06-30,calaba-nueva-ecija
0304925004,034925004,Malapit,Malapit,barangay,0304925000,0300000000,0304900000,0304925000,,,,,U,PSGC-2026-Q2-2026-06-30,malapit
0304925005,034925005,Mangga,Mangga,barangay,0304925000,0300000000,0304900000,0304925000,,,,,R,PSGC-2026-Q2-2026-06-30,mangga-nueva-ecija
0304925006,034925006,Poblacion,Poblacion,barangay,0304925000,0300000000,0304900000,0304925000,,,,,U,PSGC-2026-Q2-2026-06-30,poblacion-nueva-ecija-0304925006
0304925008,034925008,Pulo,Pulo,barangay,0304925000,0300000000,0304900000,0304925000,,,,,U,PSGC-2026-Q2-2026-06-30,pulo-nueva-ecija
0304925010,034925010,San Roque,San Roque,barangay,0304925000,0300000000,0304900000,0304925000,,,,,U,PSGC-2026-Q2-2026-06-30,san-roque-nueva-ecija-0304925010
0304925011,034925011,Sto. Cristo,Sto. Cristo,barangay,0304925000,0300000000,0304900000,0304925000,,,,,U,PSGC-2026-Q2-2026-06-30,sto-cristo-nueva-ecija
0304925012,034925012,Tabon,Tabon,barangay,0304925000,0300000000,0304900000,0304925000,,,,,R,PSGC-2026-Q2-2026-06-30,tabon-nueva-ecija
0304926000,034926000,San Jose City,San Jose City,city,0304900000,0300000000,0304900000,0304926000,Component City,2nd,,,,PSGC-2026-Q2-2026-06-30,san-jose-city-nueva-ecija
0304926001,034926001,A. Pascual,A. Pascual,barangay,0304926000,0300000000,0304900000,0304926000,,,,,R,PSGC-2026-Q2-2026-06-30,a-pascual
0304926002,034926002,Abar Ist,Abar Ist,barangay,0304926000,0300000000,0304900000,0304926000,,,,,U,PSGC-2026-Q2-2026-06-30,abar-ist
0304926003,034926003,Abar 2nd,Abar 2nd,barangay,0304926000,0300000000,0304900000,0304926000,,,,,R,PSGC-2026-Q2-2026-06-30,abar-2nd
0304926004,034926004,Bagong Sikat,Bagong Sikat,barangay,0304926000,0300000000,0304900000,0304926000,,,,,R,PSGC-2026-Q2-2026-06-30,bagong-sikat-nueva-ecija-0304926004
0304926005,034926005,Caanawan,Caanawan,barangay,0304926000,0300000000,0304900000,0304926000,,,,,U,PSGC-2026-Q2-2026-06-30,caanawan
0304926006,034926006,Calaocan,Calaocan,barangay,0304926000,0300000000,0304900000,0304926000,,,,,U,PSGC-2026-Q2-2026-06-30,calaocan-nueva-ecija
0304926007,034926007,Camanacsacan,Camanacsacan,barangay,0304926000,0300000000,0304900000,0304926000,,,,,R,PSGC-2026-Q2-2026-06-30,camanacsacan
0304926008,034926008,Culaylay,Culaylay,barangay,0304926000,0300000000,0304900000,0304926000,,,,,R,PSGC-2026-Q2-2026-06-30,culaylay
0304926009,034926009,Dizol,Dizol,barangay,0304926000,0300000000,0304900000,0304926000,,,,,R,PSGC-2026-Q2-2026-06-30,dizol
0304926010,034926010,Kaliwanagan,Kaliwanagan,barangay,0304926000,0300000000,0304900000,0304926000,,,,,R,PSGC-2026-Q2-2026-06-30,kaliwanagan
0304926011,034926011,Kita-Kita,Kita-Kita,barangay,0304926000,0300000000,0304900000,0304926000,,,,,U,PSGC-2026-Q2-2026-06-30,kita-kita-nueva-ecija
0304926012,034926012,Malasin,Malasin,barangay,0304926000,0300000000,0304900000,0304926000,,,,,U,PSGC-2026-Q2-2026-06-30,malasin-nueva-ecija
0304926013,034926013,Manicla,Manicla,barangay,0304926000,0300000000,0304900000,0304926000,,,,,R,PSGC-2026-Q2-2026-06-30,manicla
0304926014,034926014,Palestina,Palestina,barangay,0304926000,0300000000,0304900000,0304926000,,,,,U,PSGC-2026-Q2-2026-06-30,palestina-nueva-ecija
0304926015,034926015,Parang Mangga,Parang Mangga,barangay,0304926000,0300000000,0304900000,0304926000,,,,,R,PSGC-2026-Q2-2026-06-30,parang-mangga
0304926016,034926016,Villa Joson,Villa Joson,barangay,0304926000,0300000000,0304900000,0304926000,,,Parilla,,R,PSGC-2026-Q2-2026-06-30,villa-joson
0304926017,034926017,Pinili,Pinili,barangay,0304926000,0300000000,0304900000,0304926000,,,,,R,PSGC-2026-Q2-2026-06-30,pinili-nueva-ecija
0304926019,034926019,"Rafael Rueda, Sr. Pob.","Rafael Rueda, Sr. Pob.",barangay,0304926000,0300000000,0304900000,0304926000,,,District I,,U,PSGC-2026-Q2-2026-06-30,rafael-rueda-sr-pob
0304926020,034926020,Ferdinand E. Marcos Pob.,Ferdinand E. Marcos Pob.,barangay,0304926000,0300000000,0304900000,0304926000,,,District II,,U,PSGC-2026-Q2-2026-06-30,ferdinand-e-marcos-pob
0304926021,034926021,Canuto Ramos Pob.,Canuto Ramos Pob.,barangay,0304926000,0300000000,0304900000,0304926000,,,District III,,R,PSGC-2026-Q2-2026-06-30,canuto-ramos-pob
0304926022,034926022,Raymundo Eugenio Pob.,Raymundo Eugenio Pob.,barangay,0304926000,0300000000,0304900000,0304926000,,,District IV,,U,PSGC-2026-Q2-2026-06-30,raymundo-eugenio-pob
0304926023,034926023,Crisanto Sanchez Pob.,Crisanto Sanchez Pob.,barangay,0304926000,0300000000,0304900000,0304926000,,,District V,,R,PSGC-2026-Q2-2026-06-30,crisanto-sanchez-pob
0304926024,034926024,Porais,Porais,barangay,0304926000,0300000000,0304900000,0304926000,,,,,R,PSGC-2026-Q2-2026-06-30,porais
0304926027,034926027,San Agustin,San Agustin,barangay,0304926000,0300000000,0304900000,0304926000,,,,,U,PSGC-2026-Q2-2026-06-30,san-agustin-nueva-ecija-0304926027
0304926028,034926028,San Juan,San Juan,barangay,0304926000,0300000000,0304900000,0304926000,,,,,R,PSGC-2026-Q2-2026-06-30,san-juan-nueva-ecija-0304926028
0304926029,034926029,San Mauricio,San Mauricio,barangay,0304926000,0300000000,0304900000,0304926000,,,,,R,PSGC-2026-Q2-2026-06-30,san-mauricio
0304926030,034926030,Santo Niño 1st,Santo Niño 1st,barangay,0304926000,0300000000,0304900000,0304926000,,,,,U,PSGC-2026-Q2-2026-06-30,santo-nino-1st
0304926031,034926031,Santo Niño 2nd,Santo Niño 2nd,barangay,0304926000,0300000000,0304900000,0304926000,,,,,U,PSGC-2026-Q2-2026-06-30,santo-nino-2nd
0304926032,034926032,Santo Tomas,Santo Tomas,barangay,0304926000,0300000000,0304900000,0304926000,,,,,U,PSGC-2026-Q2-2026-06-30,santo-tomas-nueva-ecija-0304926032
0304926033,034926033,Sibut,Sibut,barangay,0304926000,0300000000,0304900000,0304926000,,,,,U,PSGC-2026-Q2-2026-06-30,sibut
0304926034,034926034,Sinipit Bubon,Sinipit Bubon,barangay,0304926000,0300000000,0304900000,0304926000,,,,,R,PSGC-2026-Q2-2026-06-30,sinipit-bubon
0304926035,034926035,Santo Niño 3rd,Santo Niño 3rd,barangay,0304926000,0300000000,0304900000,0304926000,,,,,U,PSGC-2026-Q2-2026-06-30,santo-nino-3rd
0304926036,034926036,Tabulac,Tabulac,barangay,0304926000,0300000000,0304900000,0304926000,,,,,R,PSGC-2026-Q2-2026-06-30,tabulac
0304926037,034926037,Tayabo,Tayabo,barangay,0304926000,0300000000,0304900000,0304926000,,,,,U,PSGC-2026-Q2-2026-06-30,tayabo
0304926038,034926038,Tondod,Tondod,barangay,0304926000,0300000000,0304900000,0304926000,,,,,R,PSGC-2026-Q2-2026-06-30,tondod
0304926039,034926039,Tulat,Tulat,barangay,0304926000,0300000000,0304900000,0304926000,,,,,R,PSGC-2026-Q2-2026-06-30,tulat
0304926040,034926040,Villa Floresta,Villa Floresta,barangay,0304926000,0300000000,0304900000,0304926000,,,,,R,PSGC-2026-Q2-2026-06-30,villa-floresta
0304926042,034926042,Villa Marina,Villa Marina,barangay,0304926000,0300000000,0304900000,0304926000,,,,,R,PSGC-2026-Q2-2026-06-30,villa-marina
0304927000,034927000,San Leonardo,San Leonardo,municipality,0304900000,0300000000,0304900000,0304927000,,1st,,,,PSGC-2026-Q2-2026-06-30,san-leonardo-nueva-ecija
0304927002,034927002,Bonifacio District,Bonifacio District,barangay,0304927000,0300000000,0304900000,0304927000,,,,Pob.,R,PSGC-2026-Q2-2026-06-30,bonifacio-district-nueva-ecija-0304927002
0304927003,034927003,Burgos District,Burgos District,barangay,0304927000,0300000000,0304900000,0304927000,,,,Pob.,R,PSGC-2026-Q2-2026-06-30,burgos-district
0304927004,034927004,Castellano,Castellano,barangay,0304927000,0300000000,0304900000,0304927000,,,,,U,PSGC-2026-Q2-2026-06-30,castellano
0304927005,034927005,Diversion,Diversion,barangay,0304927000,0300000000,0304900000,0304927000,,,,,U,PSGC-2026-Q2-2026-06-30,diversion
0304927006,034927006,Magpapalayoc,Magpapalayoc,barangay,0304927000,0300000000,0304900000,0304927000,,,,,U,PSGC-2026-Q2-2026-06-30,magpapalayoc
0304927007,034927007,Mallorca,Mallorca,barangay,0304927000,0300000000,0304900000,0304927000,,,,,U,PSGC-2026-Q2-2026-06-30,mallorca
0304927008,034927008,Mambangnan,Mambangnan,barangay,0304927000,0300000000,0304900000,0304927000,,,,,U,PSGC-2026-Q2-2026-06-30,mambangnan
0304927009,034927009,Nieves,Nieves,barangay,0304927000,0300000000,0304900000,0304927000,,,,,U,PSGC-2026-Q2-2026-06-30,nieves
0304927010,034927010,San Bartolome,San Bartolome,barangay,0304927000,0300000000,0304900000,0304927000,,,,Pob.,R,PSGC-2026-Q2-2026-06-30,san-bartolome-nueva-ecija
0304927011,034927011,Rizal District,Rizal District,barangay,0304927000,0300000000,0304900000,0304927000,,,,Pob.,R,PSGC-2026-Q2-2026-06-30,rizal-district
0304927012,034927012,San Anton,San Anton,barangay,0304927000,0300000000,0304900000,0304927000,,,,,U,PSGC-2026-Q2-2026-06-30,san-anton
0304927013,034927013,San Roque,San Roque,barangay,0304927000,0300000000,0304900000,0304927000,,,,,R,PSGC-2026-Q2-2026-06-30,san-roque-nueva-ecija-0304927013
0304927014,034927014,Tabuating,Tabuating,barangay,0304927000,0300000000,0304900000,0304927000,,,,,U,PSGC-2026-Q2-2026-06-30,tabuating
0304927015,034927015,Tagumpay,Tagumpay,barangay,0304927000,0300000000,0304900000,0304927000,,,,,R,PSGC-2026-Q2-2026-06-30,tagumpay-nueva-ecija-0304927015
0304927016,034927016,Tambo Adorable,Tambo Adorable,barangay,0304927000,0300000000,0304900000,0304927000,,,,,U,PSGC-2026-Q2-2026-06-30,tambo-adorable
0304928000,034928000,Santa Rosa,Santa Rosa,municipality,0304900000,0300000000,0304900000,0304928000,,1st,,,,PSGC-2026-Q2-2026-06-30,santa-rosa-nueva-ecija
0304928001,034928001,Cojuangco,Cojuangco,barangay,0304928000,0300000000,0304900000,0304928000,,,,Pob.,U,PSGC-2026-Q2-2026-06-30,cojuangco
0304928002,034928002,La Fuente,La Fuente,barangay,0304928000,0300000000,0304900000,0304928000,,,,,R,PSGC-2026-Q2-2026-06-30,la-fuente
0304928003,034928003,Liwayway,Liwayway,barangay,0304928000,0300000000,0304900000,0304928000,,,,,R,PSGC-2026-Q2-2026-06-30,liwayway-nueva-ecija
0304928004,034928004,Malacañang,Malacañang,barangay,0304928000,0300000000,0304900000,0304928000,,,,,R,PSGC-2026-Q2-2026-06-30,malacanang-nueva-ecija
0304928005,034928005,Maliolio,Maliolio,barangay,0304928000,0300000000,0304900000,0304928000,,,,,R,PSGC-2026-Q2-2026-06-30,maliolio
0304928007,034928007,Mapalad,Mapalad,barangay,0304928000,0300000000,0304900000,0304928000,,,,,R,PSGC-2026-Q2-2026-06-30,mapalad-nueva-ecija
0304928010,034928010,Rizal,Rizal,barangay,0304928000,0300000000,0304900000,0304928000,,,,Pob.,U,PSGC-2026-Q2-2026-06-30,rizal-nueva-ecija-0304928010
0304928011,034928011,Rajal Centro,Rajal Centro,barangay,0304928000,0300000000,0304900000,0304928000,,,,,R,PSGC-2026-Q2-2026-06-30,rajal-centro
0304928012,034928012,Rajal Norte,Rajal Norte,barangay,0304928000,0300000000,0304900000,0304928000,,,,,R,PSGC-2026-Q2-2026-06-30,rajal-norte
0304928013,034928013,Rajal Sur,Rajal Sur,barangay,0304928000,0300000000,0304900000,0304928000,,,,,R,PSGC-2026-Q2-2026-06-30,rajal-sur
0304928015,034928015,San Gregorio,San Gregorio,barangay,0304928000,0300000000,0304900000,0304928000,,,,,R,PSGC-2026-Q2-2026-06-30,san-gregorio-nueva-ecija-0304928015
0304928016,034928016,San Mariano,San Mariano,barangay,0304928000,0300000000,0304900000,0304928000,,,,,U,PSGC-2026-Q2-2026-06-30,san-mariano-nueva-ecija-0304928016
0304928017,034928017,San Pedro,San Pedro,barangay,0304928000,0300000000,0304900000,0304928000,,,,,R,PSGC-2026-Q2-2026-06-30,san-pedro-nueva-ecija-0304928017
0304928018,034928018,Santo Rosario,Santo Rosario,barangay,0304928000,0300000000,0304900000,0304928000,,,,,R,PSGC-2026-Q2-2026-06-30,santo-rosario-nueva-ecija-0304928018
0304928019,034928019,Soledad,Soledad,barangay,0304928000,0300000000,0304900000,0304928000,,,,,U,PSGC-2026-Q2-2026-06-30,soledad-nueva-ecija
0304928020,034928020,Valenzuela,Valenzuela,barangay,0304928000,0300000000,0304900000,0304928000,,,,Pob.,U,PSGC-2026-Q2-2026-06-30,valenzuela-nueva-ecija
0304928021,034928021,Zamora,Zamora,barangay,0304928000,0300000000,0304900000,0304928000,,,,Pob.,R,PSGC-2026-Q2-2026-06-30,zamora-nueva-ecija
0304928022,034928022,Aguinaldo,Aguinaldo,barangay,0304928000,0300000000,0304900000,0304928000,,,,,R,PSGC-2026-Q2-2026-06-30,aguinaldo-nueva-ecija
0304928023,034928023,Berang,Berang,barangay,0304928000,0300000000,0304900000,0304928000,,,,,R,PSGC-2026-Q2-2026-06-30,berang
0304928024,034928024,Burgos,Burgos,barangay,0304928000,0300000000,0304900000,0304928000,,,,,R,PSGC-2026-Q2-2026-06-30,burgos-nueva-ecija-0304928024
0304928025,034928025,Del Pilar,Del Pilar,barangay,0304928000,0300000000,0304900000,0304928000,,,,,R,PSGC-2026-Q2-2026-06-30,del-pilar-nueva-ecija-0304928025
0304928026,034928026,Gomez,Gomez,barangay,0304928000,0300000000,0304900000,0304928000,,,,,R,PSGC-2026-Q2-2026-06-30,gomez-nueva-ecija-0304928026
0304928027,034928027,Inspector,Inspector,barangay,0304928000,0300000000,0304900000,0304928000,,,,,R,PSGC-2026-Q2-2026-06-30,inspector
0304928028,034928028,Isla,Isla,barangay,0304928000,0300000000,0304900000,0304928000,,,,,R,PSGC-2026-Q2-2026-06-30,isla-nueva-ecija-0304928028
0304928029,034928029,Lourdes,Lourdes,barangay,0304928000,0300000000,0304900000,0304928000,,,,,R,PSGC-2026-Q2-2026-06-30,lourdes-nueva-ecija-0304928029
0304928030,034928030,Luna,Luna,barangay,0304928000,0300000000,0304900000,0304928000,,,,,R,PSGC-2026-Q2-2026-06-30,luna-nueva-ecija-0304928030
0304928031,034928031,Mabini,Mabini,barangay,0304928000,0300000000,0304900000,0304928000,,,,,R,PSGC-2026-Q2-2026-06-30,mabini-nueva-ecija-0304928031
0304928032,034928032,San Isidro,San Isidro,barangay,0304928000,0300000000,0304900000,0304928000,,,,,U,PSGC-2026-Q2-2026-06-30,san-isidro-nueva-ecija-0304928032
0304928033,034928033,San Josep,San Josep,barangay,0304928000,0300000000,0304900000,0304928000,,,,,U,PSGC-2026-Q2-2026-06-30,san-josep
0304928034,034928034,Santa Teresita,Santa Teresita,barangay,0304928000,0300000000,0304900000,0304928000,,,,,R,PSGC-2026-Q2-2026-06-30,santa-teresita-nueva-ecija
0304928035,034928035,Sapsap,Sapsap,barangay,0304928000,0300000000,0304900000,0304928000,,,,,R,PSGC-2026-Q2-2026-06-30,sapsap
0304928036,034928036,Tagpos,Tagpos,barangay,0304928000,0300000000,0304900000,0304928000,,,,,R,PSGC-2026-Q2-2026-06-30,tagpos-nueva-ecija
0304928037,034928037,Tramo,Tramo,barangay,0304928000,0300000000,0304900000,0304928000,,,,,R,PSGC-2026-Q2-2026-06-30,tramo
0304929000,034929000,Santo Domingo,Santo Domingo,municipality,0304900000,0300000000,0304900000,0304929000,,1st,,,,PSGC-2026-Q2-2026-06-30,santo-domingo-nueva-ecija
0304929002,034929002,Baloc,Baloc,barangay,0304929000,0300000000,0304900000,0304929000,,,,,U,PSGC-2026-Q2-2026-06-30,baloc
0304929004,034929004,Buasao,Buasao,barangay,0304929000,0300000000,0304900000,0304929000,,,,,R,PSGC-2026-Q2-2026-06-30,buasao
0304929005,034929005,Burgos,Burgos,barangay,0304929000,0300000000,0304900000,0304929000,,,,,R,PSGC-2026-Q2-2026-06-30,burgos-nueva-ecija-0304929005
0304929006,034929006,Cabugao,Cabugao,barangay,0304929000,0300000000,0304900000,0304929000,,,,,R,PSGC-2026-Q2-2026-06-30,cabugao-nueva-ecija
0304929007,034929007,Casulucan,Casulucan,barangay,0304929000,0300000000,0304900000,0304929000,,,,,R,PSGC-2026-Q2-2026-06-30,casulucan
0304929008,034929008,Comitang,Comitang,barangay,0304929000,0300000000,0304900000,0304929000,,,,,R,PSGC-2026-Q2-2026-06-30,comitang
0304929009,034929009,Concepcion,Concepcion,barangay,0304929000,0300000000,0304900000,0304929000,,,,,R,PSGC-2026-Q2-2026-06-30,concepcion-nueva-ecija-0304929009
0304929011,034929011,Dolores,Dolores,barangay,0304929000,0300000000,0304900000,0304929000,,,,,R,PSGC-2026-Q2-2026-06-30,dolores-nueva-ecija
0304929012,034929012,General Luna,General Luna,barangay,0304929000,0300000000,0304900000,0304929000,,,,,R,PSGC-2026-Q2-2026-06-30,general-luna-nueva-ecija-0304929012
0304929014,034929014,Hulo,Hulo,barangay,0304929000,0300000000,0304900000,0304929000,,,,,R,PSGC-2026-Q2-2026-06-30,hulo-nueva-ecija
0304929016,034929016,Mabini,Mabini,barangay,0304929000,0300000000,0304900000,0304929000,,,,,U,PSGC-2026-Q2-2026-06-30,mabini-nueva-ecija-0304929016
0304929017,034929017,Malasin,Malasin,barangay,0304929000,0300000000,0304900000,0304929000,,,,,U,PSGC-2026-Q2-2026-06-30,malasin-nueva-ecija-0304929017
0304929019,034929019,Malayantoc,Malayantoc,barangay,0304929000,0300000000,0304900000,0304929000,,,,,U,PSGC-2026-Q2-2026-06-30,malayantoc
0304929020,034929020,Mambarao,Mambarao,barangay,0304929000,0300000000,0304900000,0304929000,,,,,R,PSGC-2026-Q2-2026-06-30,mambarao
0304929023,034929023,Poblacion,Poblacion,barangay,0304929000,0300000000,0304900000,0304929000,,,,,R,PSGC-2026-Q2-2026-06-30,poblacion-nueva-ecija-0304929023
0304929024,034929024,Malaya,Malaya,barangay,0304929000,0300000000,0304900000,0304929000,,,Pook Malaya,,R,PSGC-2026-Q2-2026-06-30,malaya-nueva-ecija
0304929026,034929026,Pulong Buli,Pulong Buli,barangay,0304929000,0300000000,0304900000,0304929000,,,,,R,PSGC-2026-Q2-2026-06-30,pulong-buli
0304929029,034929029,Sagaba,Sagaba,barangay,0304929000,0300000000,0304900000,0304929000,,,,,R,PSGC-2026-Q2-2026-06-30,sagaba
0304929030,034929030,San Agustin,San Agustin,barangay,0304929000,0300000000,0304900000,0304929000,,,,,R,PSGC-2026-Q2-2026-06-30,san-agustin-nueva-ecija-0304929030
0304929031,034929031,San Fabian,San Fabian,barangay,0304929000,0300000000,0304900000,0304929000,,,,,R,PSGC-2026-Q2-2026-06-30,san-fabian-nueva-ecija
0304929032,034929032,San Francisco,San Francisco,barangay,0304929000,0300000000,0304900000,0304929000,,,,,R,PSGC-2026-Q2-2026-06-30,san-francisco-nueva-ecija-0304929032
0304929033,034929033,San Pascual,San Pascual,barangay,0304929000,0300000000,0304900000,0304929000,,,,,R,PSGC-2026-Q2-2026-06-30,san-pascual-nueva-ecija
0304929034,034929034,Santa Rita,Santa Rita,barangay,0304929000,0300000000,0304900000,0304929000,,,,,R,PSGC-2026-Q2-2026-06-30,santa-rita-nueva-ecija-0304929034
0304929036,034929036,Santo Rosario,Santo Rosario,barangay,0304929000,0300000000,0304900000,0304929000,,,,,U,PSGC-2026-Q2-2026-06-30,santo-rosario-nueva-ecija-0304929036
0304930000,034930000,Talavera,Talavera,municipality,0304900000,0300000000,0304900000,0304930000,,1st,,,,PSGC-2026-Q2-2026-06-30,talavera
0304930001,034930001,Andal Alino,Andal Alino,barangay,0304930000,0300000000,0304900000,0304930000,,,,Pob.,R,PSGC-2026-Q2-2026-06-30,andal-alino
0304930002,034930002,Bagong Sikat,Bagong Sikat,barangay,0304930000,0300000000,0304900000,0304930000,,,,,R,PSGC-2026-Q2-2026-06-30,bagong-sikat-nueva-ecija-0304930002
0304930003,034930003,Bagong Silang,Bagong Silang,barangay,0304930000,0300000000,0304900000,0304930000,,,,,R,PSGC-2026-Q2-2026-06-30,bagong-silang-nueva-ecija-0304930003
0304930004,034930004,Bakal I,Bakal I,barangay,0304930000,0300000000,0304900000,0304930000,,,,,R,PSGC-2026-Q2-2026-06-30,bakal-i
0304930005,034930005,Bakal II,Bakal II,barangay,0304930000,0300000000,0304900000,0304930000,,,,,U,PSGC-2026-Q2-2026-06-30,bakal-ii
0304930006,034930006,Bakal III,Bakal III,barangay,0304930000,0300000000,0304900000,0304930000,,,,,U,PSGC-2026-Q2-2026-06-30,bakal-iii
0304930008,034930008,Baluga,Baluga,barangay,0304930000,0300000000,0304900000,0304930000,,,,,R,PSGC-2026-Q2-2026-06-30,baluga
0304930009,034930009,Bantug,Bantug,barangay,0304930000,0300000000,0304900000,0304930000,,,,,R,PSGC-2026-Q2-2026-06-30,bantug-nueva-ecija-0304930009
0304930010,034930010,Bantug Hacienda,Bantug Hacienda,barangay,0304930000,0300000000,0304900000,0304930000,,,,,R,PSGC-2026-Q2-2026-06-30,bantug-hacienda
0304930011,034930011,Bantug Hamog,Bantug Hamog,barangay,0304930000,0300000000,0304900000,0304930000,,,Basang Hamog,,R,PSGC-2026-Q2-2026-06-30,bantug-hamog
0304930012,034930012,Bugtong na Buli,Bugtong na Buli,barangay,0304930000,0300000000,0304900000,0304930000,,,,,R,PSGC-2026-Q2-2026-06-30,bugtong-na-buli
0304930013,034930013,Bulac,Bulac,barangay,0304930000,0300000000,0304900000,0304930000,,,,,R,PSGC-2026-Q2-2026-06-30,bulac-nueva-ecija
0304930014,034930014,Burnay,Burnay,barangay,0304930000,0300000000,0304900000,0304930000,,,,,R,PSGC-2026-Q2-2026-06-30,burnay-nueva-ecija
0304930015,034930015,Calipahan,Calipahan,barangay,0304930000,0300000000,0304900000,0304930000,,,,,U,PSGC-2026-Q2-2026-06-30,calipahan
0304930016,034930016,Campos,Campos,barangay,0304930000,0300000000,0304900000,0304930000,,,,,R,PSGC-2026-Q2-2026-06-30,campos-nueva-ecija
0304930018,034930018,Casulucan Este,Casulucan Este,barangay,0304930000,0300000000,0304900000,0304930000,,,,,R,PSGC-2026-Q2-2026-06-30,casulucan-este
0304930019,034930019,Collado,Collado,barangay,0304930000,0300000000,0304900000,0304930000,,,,,R,PSGC-2026-Q2-2026-06-30,collado
0304930020,034930020,Dimasalang Norte,Dimasalang Norte,barangay,0304930000,0300000000,0304900000,0304930000,,,,,R,PSGC-2026-Q2-2026-06-30,dimasalang-norte
0304930021,034930021,Dimasalang Sur,Dimasalang Sur,barangay,0304930000,0300000000,0304900000,0304930000,,,,,R,PSGC-2026-Q2-2026-06-30,dimasalang-sur
0304930022,034930022,Dinarayat,Dinarayat,barangay,0304930000,0300000000,0304900000,0304930000,,,,,R,PSGC-2026-Q2-2026-06-30,dinarayat
0304930024,034930024,Esguerra District,Esguerra District,barangay,0304930000,0300000000,0304900000,0304930000,,,,Pob.,U,PSGC-2026-Q2-2026-06-30,esguerra-district
0304930025,034930025,Gulod,Gulod,barangay,0304930000,0300000000,0304900000,0304930000,,,,,R,PSGC-2026-Q2-2026-06-30,gulod-nueva-ecija
0304930026,034930026,Homestead I,Homestead I,barangay,0304930000,0300000000,0304900000,0304930000,,,,,R,PSGC-2026-Q2-2026-06-30,homestead-i
0304930027,034930027,Homestead II,Homestead II,barangay,0304930000,0300000000,0304900000,0304930000,,,,,R,PSGC-2026-Q2-2026-06-30,homestead-ii
0304930028,034930028,Cabubulaonan,Cabubulaonan,barangay,0304930000,0300000000,0304900000,0304930000,,,,,R,PSGC-2026-Q2-2026-06-30,cabubulaonan
0304930029,034930029,Caaniplahan,Caaniplahan,barangay,0304930000,0300000000,0304900000,0304930000,,,,,R,PSGC-2026-Q2-2026-06-30,caaniplahan
0304930030,034930030,Caputican,Caputican,barangay,0304930000,0300000000,0304900000,0304930000,,,,,R,PSGC-2026-Q2-2026-06-30,caputican
0304930031,034930031,Kinalanguyan,Kinalanguyan,barangay,0304930000,0300000000,0304900000,0304930000,,,,,R,PSGC-2026-Q2-2026-06-30,kinalanguyan
0304930032,034930032,La Torre,La Torre,barangay,0304930000,0300000000,0304900000,0304930000,,,,,U,PSGC-2026-Q2-2026-06-30,la-torre
0304930033,034930033,Lomboy,Lomboy,barangay,0304930000,0300000000,0304900000,0304930000,,,,,R,PSGC-2026-Q2-2026-06-30,lomboy-nueva-ecija
0304930034,034930034,Mabuhay,Mabuhay,barangay,0304930000,0300000000,0304900000,0304930000,,,,,R,PSGC-2026-Q2-2026-06-30,mabuhay-nueva-ecija
0304930035,034930035,Maestrang Kikay,Maestrang Kikay,barangay,0304930000,0300000000,0304900000,0304930000,,,,Pob.,U,PSGC-2026-Q2-2026-06-30,maestrang-kikay
0304930036,034930036,Mamandil,Mamandil,barangay,0304930000,0300000000,0304900000,0304930000,,,,,R,PSGC-2026-Q2-2026-06-30,mamandil
0304930037,034930037,Marcos District,Marcos District,barangay,0304930000,0300000000,0304900000,0304930000,,,,Pob.,U,PSGC-2026-Q2-2026-06-30,marcos-district
0304930038,034930038,Purok Matias,Purok Matias,barangay,0304930000,0300000000,0304900000,0304930000,,,,Pob.,U,PSGC-2026-Q2-2026-06-30,purok-matias
0304930039,034930039,Matingkis,Matingkis,barangay,0304930000,0300000000,0304900000,0304930000,,,,,R,PSGC-2026-Q2-2026-06-30,matingkis-nueva-ecija-0304930039
0304930041,034930041,Minabuyoc,Minabuyoc,barangay,0304930000,0300000000,0304900000,0304930000,,,,,R,PSGC-2026-Q2-2026-06-30,minabuyoc
0304930042,034930042,Pag-asa,Pag-asa,barangay,0304930000,0300000000,0304900000,0304930000,,,,Pob.,U,PSGC-2026-Q2-2026-06-30,pag-asa-nueva-ecija-0304930042
0304930043,034930043,Paludpod,Paludpod,barangay,0304930000,0300000000,0304900000,0304930000,,,,,R,PSGC-2026-Q2-2026-06-30,paludpod
0304930044,034930044,Pantoc Bulac,Pantoc Bulac,barangay,0304930000,0300000000,0304900000,0304930000,,,,,R,PSGC-2026-Q2-2026-06-30,pantoc-bulac
0304930045,034930045,Pinagpanaan,Pinagpanaan,barangay,0304930000,0300000000,0304900000,0304930000,,,,,U,PSGC-2026-Q2-2026-06-30,pinagpanaan
0304930046,034930046,Poblacion Sur,Poblacion Sur,barangay,0304930000,0300000000,0304900000,0304930000,,,,,U,PSGC-2026-Q2-2026-06-30,poblacion-sur-nueva-ecija-0304930046
0304930047,034930047,Pula,Pula,barangay,0304930000,0300000000,0304900000,0304930000,,,,,R,PSGC-2026-Q2-2026-06-30,pula-nueva-ecija-0304930047
0304930048,034930048,Pulong San Miguel,Pulong San Miguel,barangay,0304930000,0300000000,0304900000,0304930000,,,,Pob.,R,PSGC-2026-Q2-2026-06-30,pulong-san-miguel
0304930049,034930049,Sampaloc,Sampaloc,barangay,0304930000,0300000000,0304900000,0304930000,,,,,R,PSGC-2026-Q2-2026-06-30,sampaloc-nueva-ecija-0304930049
0304930050,034930050,San Miguel na Munti,San Miguel na Munti,barangay,0304930000,0300000000,0304900000,0304930000,,,,,U,PSGC-2026-Q2-2026-06-30,san-miguel-na-munti
0304930051,034930051,San Pascual,San Pascual,barangay,0304930000,0300000000,0304900000,0304930000,,,,,U,PSGC-2026-Q2-2026-06-30,san-pascual-nueva-ecija-0304930051
0304930052,034930052,San Ricardo,San Ricardo,barangay,0304930000,0300000000,0304900000,0304930000,,,,,R,PSGC-2026-Q2-2026-06-30,san-ricardo
0304930053,034930053,Sibul,Sibul,barangay,0304930000,0300000000,0304900000,0304930000,,,,,R,PSGC-2026-Q2-2026-06-30,sibul-nueva-ecija
0304930054,034930054,Sicsican Matanda,Sicsican Matanda,barangay,0304930000,0300000000,0304900000,0304930000,,,,,R,PSGC-2026-Q2-2026-06-30,sicsican-matanda
0304930055,034930055,Tabacao,Tabacao,barangay,0304930000,0300000000,0304900000,0304930000,,,,,R,PSGC-2026-Q2-2026-06-30,tabacao
0304930056,034930056,Tagaytay,Tagaytay,barangay,0304930000,0300000000,0304900000,0304930000,,,,,R,PSGC-2026-Q2-2026-06-30,tagaytay-nueva-ecija
0304930057,034930057,Valle,Valle,barangay,0304930000,0300000000,0304900000,0304930000,,,,,R,PSGC-2026-Q2-2026-06-30,valle
0304931000,034931000,Talugtug,Talugtug,municipality,0304900000,0300000000,0304900000,0304931000,,3rd,,,,PSGC-2026-Q2-2026-06-30,talugtug
0304931002,034931002,Alula,Alula,barangay,0304931000,0300000000,0304900000,0304931000,,,,,R,PSGC-2026-Q2-2026-06-30,alula
0304931003,034931003,Baybayabas,Baybayabas,barangay,0304931000,0300000000,0304900000,0304931000,,,,,R,PSGC-2026-Q2-2026-06-30,baybayabas-nueva-ecija
0304931004,034931004,Buted,Buted,barangay,0304931000,0300000000,0304900000,0304931000,,,,,R,PSGC-2026-Q2-2026-06-30,buted
0304931005,034931005,Cabiangan,Cabiangan,barangay,0304931000,0300000000,0304900000,0304931000,,,,,R,PSGC-2026-Q2-2026-06-30,cabiangan
0304931006,034931006,Calisitan,Calisitan,barangay,0304931000,0300000000,0304900000,0304931000,,,,,R,PSGC-2026-Q2-2026-06-30,calisitan-nueva-ecija-0304931006
0304931007,034931007,Cinense,Cinense,barangay,0304931000,0300000000,0304900000,0304931000,,,,,R,PSGC-2026-Q2-2026-06-30,cinense
0304931008,034931008,Culiat,Culiat,barangay,0304931000,0300000000,0304900000,0304931000,,,,,R,PSGC-2026-Q2-2026-06-30,culiat-nueva-ecija
0304931009,034931009,Maasin,Maasin,barangay,0304931000,0300000000,0304900000,0304931000,,,,,R,PSGC-2026-Q2-2026-06-30,maasin-nueva-ecija
0304931010,034931010,Magsaysay,Magsaysay,barangay,0304931000,0300000000,0304900000,0304931000,,,,Pob.,R,PSGC-2026-Q2-2026-06-30,magsaysay-nueva-ecija-0304931010
0304931011,034931011,Mayamot I,Mayamot I,barangay,0304931000,0300000000,0304900000,0304931000,,,,,R,PSGC-2026-Q2-2026-06-30,mayamot-i
0304931012,034931012,Mayamot II,Mayamot II,barangay,0304931000,0300000000,0304900000,0304931000,,,,,R,PSGC-2026-Q2-2026-06-30,mayamot-ii
0304931013,034931013,Nangabulan,Nangabulan,barangay,0304931000,0300000000,0304900000,0304931000,,,,,R,PSGC-2026-Q2-2026-06-30,nangabulan
0304931014,034931014,Osmeña,Osmeña,barangay,0304931000,0300000000,0304900000,0304931000,,,,Pob.,R,PSGC-2026-Q2-2026-06-30,osmena-nueva-ecija
0304931015,034931015,Pangit,Pangit,barangay,0304931000,0300000000,0304900000,0304931000,,,,,R,PSGC-2026-Q2-2026-06-30,pangit
0304931016,034931016,Patola,Patola,barangay,0304931000,0300000000,0304900000,0304931000,,,,,R,PSGC-2026-Q2-2026-06-30,patola
0304931017,034931017,Quezon,Quezon,barangay,0304931000,0300000000,0304900000,0304931000,,,,Pob.,R,PSGC-2026-Q2-2026-06-30,quezon-nueva-ecija-0304931017
0304931018,034931018,Quirino,Quirino,barangay,0304931000,0300000000,0304900000,0304931000,,,,Pob.,R,PSGC-2026-Q2-2026-06-30,quirino-nueva-ecija
0304931020,034931020,Roxas,Roxas,barangay,0304931000,0300000000,0304900000,0304931000,,,,Pob.,R,PSGC-2026-Q2-2026-06-30,roxas-nueva-ecija
0304931021,034931021,Saguing,Saguing,barangay,0304931000,0300000000,0304900000,0304931000,,,,,R,PSGC-2026-Q2-2026-06-30,saguing-nueva-ecija
0304931022,034931022,Sampaloc,Sampaloc,barangay,0304931000,0300000000,0304900000,0304931000,,,,,R,PSGC-2026-Q2-2026-06-30,sampaloc-nueva-ecija-0304931022
0304931023,034931023,Santa Catalina,Santa Catalina,barangay,0304931000,0300000000,0304900000,0304931000,,,,,R,PSGC-2026-Q2-2026-06-30,santa-catalina-nueva-ecija
0304931024,034931024,Santo Domingo,Santo Domingo,barangay,0304931000,0300000000,0304900000,0304931000,,,,,R,PSGC-2026-Q2-2026-06-30,santo-domingo-nueva-ecija-0304931024
0304931025,034931025,Saringaya,Saringaya,barangay,0304931000,0300000000,0304900000,0304931000,,,,,R,PSGC-2026-Q2-2026-06-30,saringaya
0304931026,034931026,Saverona,Saverona,barangay,0304931000,0300000000,0304900000,0304931000,,,,,R,PSGC-2026-Q2-2026-06-30,saverona
0304931027,034931027,Tandoc,Tandoc,barangay,0304931000,0300000000,0304900000,0304931000,,,,,R,PSGC-2026-Q2-2026-06-30,tandoc-nueva-ecija
0304931028,034931028,Tibag,Tibag,barangay,0304931000,0300000000,0304900000,0304931000,,,,,R,PSGC-2026-Q2-2026-06-30,tibag-nueva-ecija
0304931029,034931029,Villa Rosario,Villa Rosario,barangay,0304931000,0300000000,0304900000,0304931000,,,,,R,PSGC-2026-Q2-2026-06-30,villa-rosario
0304931030,034931030,Villa Boado,Villa Boado,barangay,0304931000,0300000000,0304900000,0304931000,,,,,R,PSGC-2026-Q2-2026-06-30,villa-boado
0304932000,034932000,Zaragoza,Zaragoza,municipality,0304900000,0300000000,0304900000,0304932000,,1st,,,,PSGC-2026-Q2-2026-06-30,zaragoza-nueva-ecija
0304932001,034932001,Batitang,Batitang,barangay,0304932000,0300000000,0304900000,0304932000,,,,,R,PSGC-2026-Q2-2026-06-30,batitang
0304932003,034932003,Carmen,Carmen,barangay,0304932000,0300000000,0304900000,0304932000,,,,,R,PSGC-2026-Q2-2026-06-30,carmen-nueva-ecija
0304932004,034932004,Concepcion,Concepcion,barangay,0304932000,0300000000,0304900000,0304932000,,,,,U,PSGC-2026-Q2-2026-06-30,concepcion-nueva-ecija-0304932004
0304932005,034932005,Del Pilar,Del Pilar,barangay,0304932000,0300000000,0304900000,0304932000,,,,,R,PSGC-2026-Q2-2026-06-30,del-pilar-nueva-ecija-0304932005
0304932008,034932008,General Luna,General Luna,barangay,0304932000,0300000000,0304900000,0304932000,,,,,R,PSGC-2026-Q2-2026-06-30,general-luna-nueva-ecija-0304932008
0304932009,034932009,H. Romero,H. Romero,barangay,0304932000,0300000000,0304900000,0304932000,,,,,R,PSGC-2026-Q2-2026-06-30,h-romero
0304932011,034932011,Macarse,Macarse,barangay,0304932000,0300000000,0304900000,0304932000,,,,,R,PSGC-2026-Q2-2026-06-30,macarse
0304932012,034932012,Manaul,Manaul,barangay,0304932000,0300000000,0304900000,0304932000,,,,,R,PSGC-2026-Q2-2026-06-30,manaul-nueva-ecija
0304932013,034932013,Mayamot,Mayamot,barangay,0304932000,0300000000,0304900000,0304932000,,,,,R,PSGC-2026-Q2-2026-06-30,mayamot-nueva-ecija
0304932015,034932015,Pantoc,Pantoc,barangay,0304932000,0300000000,0304900000,0304932000,,,,,R,PSGC-2026-Q2-2026-06-30,pantoc-nueva-ecija-0304932015
0304932017,034932017,San Vicente,San Vicente,barangay,0304932000,0300000000,0304900000,0304932000,,,,Pob.,R,PSGC-2026-Q2-2026-06-30,san-vicente-nueva-ecija-0304932017
0304932020,034932020,San Isidro,San Isidro,barangay,0304932000,0300000000,0304900000,0304932000,,,,,U,PSGC-2026-Q2-2026-06-30,san-isidro-nueva-ecija-0304932020
0304932021,034932021,San Rafael,San Rafael,barangay,0304932000,0300000000,0304900000,0304932000,,,,,R,PSGC-2026-Q2-2026-06-30,san-rafael-nueva-ecija-0304932021
0304932022,034932022,Santa Cruz,Santa Cruz,barangay,0304932000,0300000000,0304900000,0304932000,,,,,R,PSGC-2026-Q2-2026-06-30,santa-cruz-nueva-ecija-0304932022
0304932024,034932024,Santa Lucia Old,Santa Lucia Old,barangay,0304932000,0300000000,0304900000,0304932000,,,,,R,PSGC-2026-Q2-2026-06-30,santa-lucia-old
0304932025,034932025,Santa Lucia Young,Santa Lucia Young,barangay,0304932000,0300000000,0304900000,0304932000,,,,,R,PSGC-2026-Q2-2026-06-30,santa-lucia-young
0304932026,034932026,Santo Rosario Old,Santo Rosario Old,barangay,0304932000,0300000000,0304900000,0304932000,,,,,R,PSGC-2026-Q2-2026-06-30,santo-rosario-old
0304932027,034932027,Santo Rosario Young,Santo Rosario Young,barangay,0304932000,0300000000,0304900000,0304932000,,,,,R,PSGC-2026-Q2-2026-06-30,santo-rosario-young
0304932030,034932030,Valeriana,Valeriana,barangay,0304932000,0300000000,0304900000,0304932000,,,,,R,PSGC-2026-Q2-2026-06-30,valeriana
