psgcCode,correspondenceCode,officialName,displayName,geographicLevel,parentPsgcCode,regionPsgcCode,provincePsgcCode,cityMunicipalityPsgcCode,cityClassification,incomeClassification,oldName,sourceStatus,urbanRural,sourceVersion,suggestedSlug
1300000000,130000000,National Capital Region (NCR),National Capital Region (NCR),region,,1300000000,,,,,,,,PSGC-2026-Q2-2026-06-30,metro-manila
1380100000,137501000,City of Caloocan,Caloocan City,city,1300000000,1300000000,,1380100000,Highly Urbanized City,1st,,,,PSGC-2026-Q2-2026-06-30,caloocan
1380100001,137501001,Barangay 1,Barangay 1,barangay,1380100000,1300000000,,1380100000,,,,,U,PSGC-2026-Q2-2026-06-30,barangay-1-national-capital-region-ncr
1380100002,137501002,Barangay 2,Barangay 2,barangay,1380100000,1300000000,,1380100000,,,,,U,PSGC-2026-Q2-2026-06-30,barangay-2-national-capital-region-ncr
1380100003,137501003,Barangay 3,Barangay 3,barangay,1380100000,1300000000,,1380100000,,,,,U,PSGC-2026-Q2-2026-06-30,barangay-3-national-capital-region-ncr
1380100004,137501004,Barangay 4,Barangay 4,barangay,1380100000,1300000000,,1380100000,,,,,U,PSGC-2026-Q2-2026-06-30,barangay-4-national-capital-region-ncr
1380100005,137501005,Barangay 5,Barangay 5,barangay,1380100000,1300000000,,1380100000,,,,,U,PSGC-2026-Q2-2026-06-30,barangay-5-national-capital-region-ncr
1380100006,137501006,Barangay 6,Barangay 6,barangay,1380100000,1300000000,,1380100000,,,,,U,PSGC-2026-Q2-2026-06-30,barangay-6-national-capital-region-ncr
1380100007,137501007,Barangay 7,Barangay 7,barangay,1380100000,1300000000,,1380100000,,,,,U,PSGC-2026-Q2-2026-06-30,barangay-7-national-capital-region-ncr
1380100008,137501008,Barangay 8,Barangay 8,barangay,1380100000,1300000000,,1380100000,,,,,U,PSGC-2026-Q2-2026-06-30,barangay-8-national-capital-region-ncr
1380100009,137501009,Barangay 9,Barangay 9,barangay,1380100000,1300000000,,1380100000,,,,,U,PSGC-2026-Q2-2026-06-30,barangay-9-national-capital-region-ncr
1380100010,137501010,Barangay 10,Barangay 10,barangay,1380100000,1300000000,,1380100000,,,,,U,PSGC-2026-Q2-2026-06-30,barangay-10-national-capital-region-ncr
1380100011,137501011,Barangay 11,Barangay 11,barangay,1380100000,1300000000,,1380100000,,,,,U,PSGC-2026-Q2-2026-06-30,barangay-11-national-capital-region-ncr
1380100012,137501012,Barangay 12,Barangay 12,barangay,1380100000,1300000000,,1380100000,,,,,U,PSGC-2026-Q2-2026-06-30,barangay-12-national-capital-region-ncr
1380100013,137501013,Barangay 13,Barangay 13,barangay,1380100000,1300000000,,1380100000,,,,,U,PSGC-2026-Q2-2026-06-30,barangay-13-national-capital-region-ncr
1380100014,137501014,Barangay 14,Barangay 14,barangay,1380100000,1300000000,,1380100000,,,,,U,PSGC-2026-Q2-2026-06-30,barangay-14-national-capital-region-ncr
1380100015,137501015,Barangay 15,Barangay 15,barangay,1380100000,1300000000,,1380100000,,,,,U,PSGC-2026-Q2-2026-06-30,barangay-15-national-capital-region-ncr
1380100016,137501016,Barangay 16,Barangay 16,barangay,1380100000,1300000000,,1380100000,,,,,U,PSGC-2026-Q2-2026-06-30,barangay-16-national-capital-region-ncr
1380100017,137501017,Barangay 17,Barangay 17,barangay,1380100000,1300000000,,1380100000,,,,,U,PSGC-2026-Q2-2026-06-30,barangay-17-national-capital-region-ncr
1380100018,137501018,Barangay 18,Barangay 18,barangay,1380100000,1300000000,,1380100000,,,,,U,PSGC-2026-Q2-2026-06-30,barangay-18-national-capital-region-ncr
1380100019,137501019,Barangay 19,Barangay 19,barangay,1380100000,1300000000,,1380100000,,,,,U,PSGC-2026-Q2-2026-06-30,barangay-19-national-capital-region-ncr
1380100020,137501020,Barangay 20,Barangay 20,barangay,1380100000,1300000000,,1380100000,,,,,U,PSGC-2026-Q2-2026-06-30,barangay-20-national-capital-region-ncr
1380100021,137501021,Barangay 21,Barangay 21,barangay,1380100000,1300000000,,1380100000,,,,,U,PSGC-2026-Q2-2026-06-30,barangay-21-national-capital-region-ncr
1380100022,137501022,Barangay 22,Barangay 22,barangay,1380100000,1300000000,,1380100000,,,,,U,PSGC-2026-Q2-2026-06-30,barangay-22-national-capital-region-ncr
1380100023,137501023,Barangay 23,Barangay 23,barangay,1380100000,1300000000,,1380100000,,,,,U,PSGC-2026-Q2-2026-06-30,barangay-23-national-capital-region-ncr
1380100024,137501024,Barangay 24,Barangay 24,barangay,1380100000,1300000000,,1380100000,,,,,U,PSGC-2026-Q2-2026-06-30,barangay-24-national-capital-region-ncr
1380100025,137501025,Barangay 25,Barangay 25,barangay,1380100000,1300000000,,1380100000,,,,,U,PSGC-2026-Q2-2026-06-30,barangay-25-national-capital-region-ncr
1380100026,137501026,Barangay 26,Barangay 26,barangay,1380100000,1300000000,,1380100000,,,,,U,PSGC-2026-Q2-2026-06-30,barangay-26-national-capital-region-ncr
1380100027,137501027,Barangay 27,Barangay 27,barangay,1380100000,1300000000,,1380100000,,,,,U,PSGC-2026-Q2-2026-06-30,barangay-27-national-capital-region-ncr
1380100028,137501028,Barangay 28,Barangay 28,barangay,1380100000,1300000000,,1380100000,,,,,U,PSGC-2026-Q2-2026-06-30,barangay-28-national-capital-region-ncr
1380100029,137501029,Barangay 29,Barangay 29,barangay,1380100000,1300000000,,1380100000,,,,,U,PSGC-2026-Q2-2026-06-30,barangay-29-national-capital-region-ncr
1380100030,137501030,Barangay 30,Barangay 30,barangay,1380100000,1300000000,,1380100000,,,,,U,PSGC-2026-Q2-2026-06-30,barangay-30-national-capital-region-ncr
1380100031,137501031,Barangay 31,Barangay 31,barangay,1380100000,1300000000,,1380100000,,,,,U,PSGC-2026-Q2-2026-06-30,barangay-31-national-capital-region-ncr
1380100032,137501032,Barangay 32,Barangay 32,barangay,1380100000,1300000000,,1380100000,,,,,U,PSGC-2026-Q2-2026-06-30,barangay-32-national-capital-region-ncr
1380100033,137501033,Barangay 33,Barangay 33,barangay,1380100000,1300000000,,1380100000,,,,,U,PSGC-2026-Q2-2026-06-30,barangay-33-national-capital-region-ncr
1380100034,137501034,Barangay 34,Barangay 34,barangay,1380100000,1300000000,,1380100000,,,,,U,PSGC-2026-Q2-2026-06-30,barangay-34-national-capital-region-ncr
1380100035,137501035,Barangay 35,Barangay 35,barangay,1380100000,1300000000,,1380100000,,,,,U,PSGC-2026-Q2-2026-06-30,barangay-35-national-capital-region-ncr
1380100036,137501036,Barangay 36,Barangay 36,barangay,1380100000,1300000000,,1380100000,,,,,U,PSGC-2026-Q2-2026-06-30,barangay-36-national-capital-region-ncr
1380100037,137501037,Barangay 37,Barangay 37,barangay,1380100000,1300000000,,1380100000,,,,,U,PSGC-2026-Q2-2026-06-30,barangay-37-national-capital-region-ncr
1380100038,137501038,Barangay 38,Barangay 38,barangay,1380100000,1300000000,,1380100000,,,,,U,PSGC-2026-Q2-2026-06-30,barangay-38-national-capital-region-ncr
1380100039,137501039,Barangay 39,Barangay 39,barangay,1380100000,1300000000,,1380100000,,,,,U,PSGC-2026-Q2-2026-06-30,barangay-39-national-capital-region-ncr
1380100040,137501040,Barangay 40,Barangay 40,barangay,1380100000,1300000000,,1380100000,,,,,U,PSGC-2026-Q2-2026-06-30,barangay-40-national-capital-region-ncr
1380100041,137501041,Barangay 41,Barangay 41,barangay,1380100000,1300000000,,1380100000,,,,,U,PSGC-2026-Q2-2026-06-30,barangay-41-national-capital-region-ncr
1380100042,137501042,Barangay 42,Barangay 42,barangay,1380100000,1300000000,,1380100000,,,,,U,PSGC-2026-Q2-2026-06-30,barangay-42-national-capital-region-ncr
1380100043,137501043,Barangay 43,Barangay 43,barangay,1380100000,1300000000,,1380100000,,,,,U,PSGC-2026-Q2-2026-06-30,barangay-43-national-capital-region-ncr
1380100044,137501044,Barangay 44,Barangay 44,barangay,1380100000,1300000000,,1380100000,,,,,U,PSGC-2026-Q2-2026-06-30,barangay-44-national-capital-region-ncr
1380100045,137501045,Barangay 45,Barangay 45,barangay,1380100000,1300000000,,1380100000,,,,,U,PSGC-2026-Q2-2026-06-30,barangay-45-national-capital-region-ncr
1380100046,137501046,Barangay 46,Barangay 46,barangay,1380100000,1300000000,,1380100000,,,,,U,PSGC-2026-Q2-2026-06-30,barangay-46-national-capital-region-ncr
1380100047,137501047,Barangay 47,Barangay 47,barangay,1380100000,1300000000,,1380100000,,,,,U,PSGC-2026-Q2-2026-06-30,barangay-47-national-capital-region-ncr
1380100048,137501048,Barangay 48,Barangay 48,barangay,1380100000,1300000000,,1380100000,,,,,U,PSGC-2026-Q2-2026-06-30,barangay-48-national-capital-region-ncr
1380100049,137501049,Barangay 49,Barangay 49,barangay,1380100000,1300000000,,1380100000,,,,,U,PSGC-2026-Q2-2026-06-30,barangay-49-national-capital-region-ncr
1380100050,137501050,Barangay 50,Barangay 50,barangay,1380100000,1300000000,,1380100000,,,,,U,PSGC-2026-Q2-2026-06-30,barangay-50-national-capital-region-ncr
1380100051,137501051,Barangay 51,Barangay 51,barangay,1380100000,1300000000,,1380100000,,,,,U,PSGC-2026-Q2-2026-06-30,barangay-51-national-capital-region-ncr
1380100052,137501052,Barangay 52,Barangay 52,barangay,1380100000,1300000000,,1380100000,,,,,U,PSGC-2026-Q2-2026-06-30,barangay-52-national-capital-region-ncr
1380100053,137501053,Barangay 53,Barangay 53,barangay,1380100000,1300000000,,1380100000,,,,,U,PSGC-2026-Q2-2026-06-30,barangay-53-national-capital-region-ncr
1380100054,137501054,Barangay 54,Barangay 54,barangay,1380100000,1300000000,,1380100000,,,,,U,PSGC-2026-Q2-2026-06-30,barangay-54-national-capital-region-ncr
1380100055,137501055,Barangay 55,Barangay 55,barangay,1380100000,1300000000,,1380100000,,,,,U,PSGC-2026-Q2-2026-06-30,barangay-55-national-capital-region-ncr
1380100056,137501056,Barangay 56,Barangay 56,barangay,1380100000,1300000000,,1380100000,,,,,U,PSGC-2026-Q2-2026-06-30,barangay-56-national-capital-region-ncr
1380100057,137501057,Barangay 57,Barangay 57,barangay,1380100000,1300000000,,1380100000,,,,,U,PSGC-2026-Q2-2026-06-30,barangay-57-national-capital-region-ncr
1380100058,137501058,Barangay 58,Barangay 58,barangay,1380100000,1300000000,,1380100000,,,,,U,PSGC-2026-Q2-2026-06-30,barangay-58-national-capital-region-ncr
1380100059,137501059,Barangay 59,Barangay 59,barangay,1380100000,1300000000,,1380100000,,,,,U,PSGC-2026-Q2-2026-06-30,barangay-59-national-capital-region-ncr
1380100060,137501060,Barangay 60,Barangay 60,barangay,1380100000,1300000000,,1380100000,,,,,U,PSGC-2026-Q2-2026-06-30,barangay-60-national-capital-region-ncr
1380100061,137501061,Barangay 61,Barangay 61,barangay,1380100000,1300000000,,1380100000,,,,,U,PSGC-2026-Q2-2026-06-30,barangay-61-national-capital-region-ncr
1380100062,137501062,Barangay 62,Barangay 62,barangay,1380100000,1300000000,,1380100000,,,,,U,PSGC-2026-Q2-2026-06-30,barangay-62-national-capital-region-ncr
1380100063,137501063,Barangay 63,Barangay 63,barangay,1380100000,1300000000,,1380100000,,,,,U,PSGC-2026-Q2-2026-06-30,barangay-63-national-capital-region-ncr
1380100064,137501064,Barangay 64,Barangay 64,barangay,1380100000,1300000000,,1380100000,,,,,U,PSGC-2026-Q2-2026-06-30,barangay-64-national-capital-region-ncr
1380100065,137501065,Barangay 65,Barangay 65,barangay,1380100000,1300000000,,1380100000,,,,,U,PSGC-2026-Q2-2026-06-30,barangay-65-national-capital-region-ncr
1380100066,137501066,Barangay 66,Barangay 66,barangay,1380100000,1300000000,,1380100000,,,,,U,PSGC-2026-Q2-2026-06-30,barangay-66-national-capital-region-ncr
1380100067,137501067,Barangay 67,Barangay 67,barangay,1380100000,1300000000,,1380100000,,,,,U,PSGC-2026-Q2-2026-06-30,barangay-67-national-capital-region-ncr
1380100068,137501068,Barangay 68,Barangay 68,barangay,1380100000,1300000000,,1380100000,,,,,U,PSGC-2026-Q2-2026-06-30,barangay-68-national-capital-region-ncr
1380100069,137501069,Barangay 69,Barangay 69,barangay,1380100000,1300000000,,1380100000,,,,,U,PSGC-2026-Q2-2026-06-30,barangay-69-national-capital-region-ncr
1380100070,137501070,Barangay 70,Barangay 70,barangay,1380100000,1300000000,,1380100000,,,,,U,PSGC-2026-Q2-2026-06-30,barangay-70-national-capital-region-ncr
1380100071,137501071,Barangay 71,Barangay 71,barangay,1380100000,1300000000,,1380100000,,,,,U,PSGC-2026-Q2-2026-06-30,barangay-71-national-capital-region-ncr
1380100072,137501072,Barangay 72,Barangay 72,barangay,1380100000,1300000000,,1380100000,,,,,U,PSGC-2026-Q2-2026-06-30,barangay-72-national-capital-region-ncr
1380100073,137501073,Barangay 73,Barangay 73,barangay,1380100000,1300000000,,1380100000,,,,,U,PSGC-2026-Q2-2026-06-30,barangay-73-national-capital-region-ncr
1380100074,137501074,Barangay 74,Barangay 74,barangay,1380100000,1300000000,,1380100000,,,,,U,PSGC-2026-Q2-2026-06-30,barangay-74-national-capital-region-ncr
1380100075,137501075,Barangay 75,Barangay 75,barangay,1380100000,1300000000,,1380100000,,,,,U,PSGC-2026-Q2-2026-06-30,barangay-75-national-capital-region-ncr
1380100076,137501076,Barangay 76,Barangay 76,barangay,1380100000,1300000000,,1380100000,,,,,U,PSGC-2026-Q2-2026-06-30,barangay-76-national-capital-region-ncr
1380100077,137501077,Barangay 77,Barangay 77,barangay,1380100000,1300000000,,1380100000,,,,,U,PSGC-2026-Q2-2026-06-30,barangay-77-national-capital-region-ncr
1380100078,137501078,Barangay 78,Barangay 78,barangay,1380100000,1300000000,,1380100000,,,,,U,PSGC-2026-Q2-2026-06-30,barangay-78-national-capital-region-ncr
1380100079,137501079,Barangay 79,Barangay 79,barangay,1380100000,1300000000,,1380100000,,,,,U,PSGC-2026-Q2-2026-06-30,barangay-79-national-capital-region-ncr
1380100080,137501080,Barangay 80,Barangay 80,barangay,1380100000,1300000000,,1380100000,,,,,U,PSGC-2026-Q2-2026-06-30,barangay-80-national-capital-region-ncr
1380100081,137501081,Barangay 81,Barangay 81,barangay,1380100000,1300000000,,1380100000,,,,,U,PSGC-2026-Q2-2026-06-30,barangay-81-national-capital-region-ncr
1380100082,137501082,Barangay 82,Barangay 82,barangay,1380100000,1300000000,,1380100000,,,,,U,PSGC-2026-Q2-2026-06-30,barangay-82-national-capital-region-ncr
1380100083,137501083,Barangay 83,Barangay 83,barangay,1380100000,1300000000,,1380100000,,,,,U,PSGC-2026-Q2-2026-06-30,barangay-83-national-capital-region-ncr
1380100084,137501084,Barangay 84,Barangay 84,barangay,1380100000,1300000000,,1380100000,,,,,U,PSGC-2026-Q2-2026-06-30,barangay-84-national-capital-region-ncr
1380100085,137501085,Barangay 85,Barangay 85,barangay,1380100000,1300000000,,1380100000,,,,,U,PSGC-2026-Q2-2026-06-30,barangay-85-national-capital-region-ncr
1380100086,137501086,Barangay 86,Barangay 86,barangay,1380100000,1300000000,,1380100000,,,,,U,PSGC-2026-Q2-2026-06-30,barangay-86-national-capital-region-ncr
1380100087,137501087,Barangay 87,Barangay 87,barangay,1380100000,1300000000,,1380100000,,,,,U,PSGC-2026-Q2-2026-06-30,barangay-87-national-capital-region-ncr
1380100088,137501088,Barangay 88,Barangay 88,barangay,1380100000,1300000000,,1380100000,,,,,U,PSGC-2026-Q2-2026-06-30,barangay-88-national-capital-region-ncr
1380100089,137501089,Barangay 89,Barangay 89,barangay,1380100000,1300000000,,1380100000,,,,,U,PSGC-2026-Q2-2026-06-30,barangay-89-national-capital-region-ncr
1380100090,137501090,Barangay 90,Barangay 90,barangay,1380100000,1300000000,,1380100000,,,,,U,PSGC-2026-Q2-2026-06-30,barangay-90-national-capital-region-ncr
1380100091,137501091,Barangay 91,Barangay 91,barangay,1380100000,1300000000,,1380100000,,,,,U,PSGC-2026-Q2-2026-06-30,barangay-91-national-capital-region-ncr
1380100092,137501092,Barangay 92,Barangay 92,barangay,1380100000,1300000000,,1380100000,,,,,U,PSGC-2026-Q2-2026-06-30,barangay-92-national-capital-region-ncr
1380100093,137501093,Barangay 93,Barangay 93,barangay,1380100000,1300000000,,1380100000,,,,,U,PSGC-2026-Q2-2026-06-30,barangay-93-national-capital-region-ncr
1380100094,137501094,Barangay 94,Barangay 94,barangay,1380100000,1300000000,,1380100000,,,,,U,PSGC-2026-Q2-2026-06-30,barangay-94-national-capital-region-ncr
1380100095,137501095,Barangay 95,Barangay 95,barangay,1380100000,1300000000,,1380100000,,,,,U,PSGC-2026-Q2-2026-06-30,barangay-95-national-capital-region-ncr
1380100096,137501096,Barangay 96,Barangay 96,barangay,1380100000,1300000000,,1380100000,,,,,U,PSGC-2026-Q2-2026-06-30,barangay-96-national-capital-region-ncr
1380100097,137501097,Barangay 97,Barangay 97,barangay,1380100000,1300000000,,1380100000,,,,,U,PSGC-2026-Q2-2026-06-30,barangay-97-national-capital-region-ncr
1380100098,137501098,Barangay 98,Barangay 98,barangay,1380100000,1300000000,,1380100000,,,,,U,PSGC-2026-Q2-2026-06-30,barangay-98-national-capital-region-ncr
1380100099,137501099,Barangay 99,Barangay 99,barangay,1380100000,1300000000,,1380100000,,,,,U,PSGC-2026-Q2-2026-06-30,barangay-99-national-capital-region-ncr
1380100100,137501100,Barangay 100,Barangay 100,barangay,1380100000,1300000000,,1380100000,,,,,U,PSGC-2026-Q2-2026-06-30,barangay-100-national-capital-region-ncr
1380100101,137501101,Barangay 101,Barangay 101,barangay,1380100000,1300000000,,1380100000,,,,,U,PSGC-2026-Q2-2026-06-30,barangay-101-national-capital-region-ncr
1380100102,137501102,Barangay 102,Barangay 102,barangay,1380100000,1300000000,,1380100000,,,,,U,PSGC-2026-Q2-2026-06-30,barangay-102-national-capital-region-ncr
1380100103,137501103,Barangay 103,Barangay 103,barangay,1380100000,1300000000,,1380100000,,,,,U,PSGC-2026-Q2-2026-06-30,barangay-103-national-capital-region-ncr
1380100104,137501104,Barangay 104,Barangay 104,barangay,1380100000,1300000000,,1380100000,,,,,U,PSGC-2026-Q2-2026-06-30,barangay-104-national-capital-region-ncr
1380100105,137501105,Barangay 105,Barangay 105,barangay,1380100000,1300000000,,1380100000,,,,,U,PSGC-2026-Q2-2026-06-30,barangay-105-national-capital-region-ncr
1380100106,137501106,Barangay 106,Barangay 106,barangay,1380100000,1300000000,,1380100000,,,,,U,PSGC-2026-Q2-2026-06-30,barangay-106-national-capital-region-ncr
1380100107,137501107,Barangay 107,Barangay 107,barangay,1380100000,1300000000,,1380100000,,,,,U,PSGC-2026-Q2-2026-06-30,barangay-107-national-capital-region-ncr
1380100108,137501108,Barangay 108,Barangay 108,barangay,1380100000,1300000000,,1380100000,,,,,U,PSGC-2026-Q2-2026-06-30,barangay-108-national-capital-region-ncr
1380100109,137501109,Barangay 109,Barangay 109,barangay,1380100000,1300000000,,1380100000,,,,,U,PSGC-2026-Q2-2026-06-30,barangay-109-national-capital-region-ncr
1380100110,137501110,Barangay 110,Barangay 110,barangay,1380100000,1300000000,,1380100000,,,,,U,PSGC-2026-Q2-2026-06-30,barangay-110-national-capital-region-ncr
1380100111,137501111,Barangay 111,Barangay 111,barangay,1380100000,1300000000,,1380100000,,,,,U,PSGC-2026-Q2-2026-06-30,barangay-111-national-capital-region-ncr
1380100112,137501112,Barangay 112,Barangay 112,barangay,1380100000,1300000000,,1380100000,,,,,U,PSGC-2026-Q2-2026-06-30,barangay-112-national-capital-region-ncr
1380100113,137501113,Barangay 113,Barangay 113,barangay,1380100000,1300000000,,1380100000,,,,,U,PSGC-2026-Q2-2026-06-30,barangay-113-national-capital-region-ncr
1380100114,137501114,Barangay 114,Barangay 114,barangay,1380100000,1300000000,,1380100000,,,,,U,PSGC-2026-Q2-2026-06-30,barangay-114-national-capital-region-ncr
1380100115,137501115,Barangay 115,Barangay 115,barangay,1380100000,1300000000,,1380100000,,,,,U,PSGC-2026-Q2-2026-06-30,barangay-115-national-capital-region-ncr
1380100116,137501116,Barangay 116,Barangay 116,barangay,1380100000,1300000000,,1380100000,,,,,U,PSGC-2026-Q2-2026-06-30,barangay-116-national-capital-region-ncr
1380100117,137501117,Barangay 117,Barangay 117,barangay,1380100000,1300000000,,1380100000,,,,,U,PSGC-2026-Q2-2026-06-30,barangay-117-national-capital-region-ncr
1380100118,137501118,Barangay 118,Barangay 118,barangay,1380100000,1300000000,,1380100000,,,,,U,PSGC-2026-Q2-2026-06-30,barangay-118-national-capital-region-ncr
1380100119,137501119,Barangay 119,Barangay 119,barangay,1380100000,1300000000,,1380100000,,,,,U,PSGC-2026-Q2-2026-06-30,barangay-119-national-capital-region-ncr
1380100120,137501120,Barangay 120,Barangay 120,barangay,1380100000,1300000000,,1380100000,,,,,U,PSGC-2026-Q2-2026-06-30,barangay-120-national-capital-region-ncr
1380100121,137501121,Barangay 121,Barangay 121,barangay,1380100000,1300000000,,1380100000,,,,,U,PSGC-2026-Q2-2026-06-30,barangay-121-national-capital-region-ncr
1380100122,137501122,Barangay 122,Barangay 122,barangay,1380100000,1300000000,,1380100000,,,,,U,PSGC-2026-Q2-2026-06-30,barangay-122-national-capital-region-ncr
1380100123,137501123,Barangay 123,Barangay 123,barangay,1380100000,1300000000,,1380100000,,,,,U,PSGC-2026-Q2-2026-06-30,barangay-123-national-capital-region-ncr
1380100124,137501124,Barangay 124,Barangay 124,barangay,1380100000,1300000000,,1380100000,,,,,U,PSGC-2026-Q2-2026-06-30,barangay-124-national-capital-region-ncr
1380100125,137501125,Barangay 125,Barangay 125,barangay,1380100000,1300000000,,1380100000,,,,,U,PSGC-2026-Q2-2026-06-30,barangay-125-national-capital-region-ncr
1380100126,137501126,Barangay 126,Barangay 126,barangay,1380100000,1300000000,,1380100000,,,,,U,PSGC-2026-Q2-2026-06-30,barangay-126-national-capital-region-ncr
1380100127,137501127,Barangay 127,Barangay 127,barangay,1380100000,1300000000,,1380100000,,,,,U,PSGC-2026-Q2-2026-06-30,barangay-127-national-capital-region-ncr
1380100128,137501128,Barangay 128,Barangay 128,barangay,1380100000,1300000000,,1380100000,,,,,U,PSGC-2026-Q2-2026-06-30,barangay-128-national-capital-region-ncr
1380100129,137501129,Barangay 129,Barangay 129,barangay,1380100000,1300000000,,1380100000,,,,,U,PSGC-2026-Q2-2026-06-30,barangay-129-national-capital-region-ncr
1380100130,137501130,Barangay 130,Barangay 130,barangay,1380100000,1300000000,,1380100000,,,,,U,PSGC-2026-Q2-2026-06-30,barangay-130-national-capital-region-ncr
1380100131,137501131,Barangay 131,Barangay 131,barangay,1380100000,1300000000,,1380100000,,,,,U,PSGC-2026-Q2-2026-06-30,barangay-131-national-capital-region-ncr
1380100132,137501132,Barangay 132,Barangay 132,barangay,1380100000,1300000000,,1380100000,,,,,U,PSGC-2026-Q2-2026-06-30,barangay-132-national-capital-region-ncr
1380100133,137501133,Barangay 133,Barangay 133,barangay,1380100000,1300000000,,1380100000,,,,,U,PSGC-2026-Q2-2026-06-30,barangay-133-national-capital-region-ncr
1380100134,137501134,Barangay 134,Barangay 134,barangay,1380100000,1300000000,,1380100000,,,,,U,PSGC-2026-Q2-2026-06-30,barangay-134-national-capital-region-ncr
1380100135,137501135,Barangay 135,Barangay 135,barangay,1380100000,1300000000,,1380100000,,,,,U,PSGC-2026-Q2-2026-06-30,barangay-135-national-capital-region-ncr
1380100136,137501136,Barangay 136,Barangay 136,barangay,1380100000,1300000000,,1380100000,,,,,U,PSGC-2026-Q2-2026-06-30,barangay-136-national-capital-region-ncr
1380100137,137501137,Barangay 137,Barangay 137,barangay,1380100000,1300000000,,1380100000,,,,,U,PSGC-2026-Q2-2026-06-30,barangay-137-national-capital-region-ncr
1380100138,137501138,Barangay 138,Barangay 138,barangay,1380100000,1300000000,,1380100000,,,,,U,PSGC-2026-Q2-2026-06-30,barangay-138-national-capital-region-ncr
1380100139,137501139,Barangay 139,Barangay 139,barangay,1380100000,1300000000,,1380100000,,,,,U,PSGC-2026-Q2-2026-06-30,barangay-139-national-capital-region-ncr
1380100140,137501140,Barangay 140,Barangay 140,barangay,1380100000,1300000000,,1380100000,,,,,U,PSGC-2026-Q2-2026-06-30,barangay-140-national-capital-region-ncr
1380100141,137501141,Barangay 141,Barangay 141,barangay,1380100000,1300000000,,1380100000,,,,,U,PSGC-2026-Q2-2026-06-30,barangay-141-national-capital-region-ncr
1380100142,137501142,Barangay 142,Barangay 142,barangay,1380100000,1300000000,,1380100000,,,,,U,PSGC-2026-Q2-2026-06-30,barangay-142-national-capital-region-ncr
1380100143,137501143,Barangay 143,Barangay 143,barangay,1380100000,1300000000,,1380100000,,,,,U,PSGC-2026-Q2-2026-06-30,barangay-143-national-capital-region-ncr
1380100144,137501144,Barangay 144,Barangay 144,barangay,1380100000,1300000000,,1380100000,,,,,U,PSGC-2026-Q2-2026-06-30,barangay-144-national-capital-region-ncr
1380100145,137501145,Barangay 145,Barangay 145,barangay,1380100000,1300000000,,1380100000,,,,,U,PSGC-2026-Q2-2026-06-30,barangay-145-national-capital-region-ncr
1380100146,137501146,Barangay 146,Barangay 146,barangay,1380100000,1300000000,,1380100000,,,,,U,PSGC-2026-Q2-2026-06-30,barangay-146-national-capital-region-ncr
1380100147,137501147,Barangay 147,Barangay 147,barangay,1380100000,1300000000,,1380100000,,,,,U,PSGC-2026-Q2-2026-06-30,barangay-147-national-capital-region-ncr
1380100148,137501148,Barangay 148,Barangay 148,barangay,1380100000,1300000000,,1380100000,,,,,U,PSGC-2026-Q2-2026-06-30,barangay-148-national-capital-region-ncr
1380100149,137501149,Barangay 149,Barangay 149,barangay,1380100000,1300000000,,1380100000,,,,,U,PSGC-2026-Q2-2026-06-30,barangay-149-national-capital-region-ncr
1380100150,137501150,Barangay 150,Barangay 150,barangay,1380100000,1300000000,,1380100000,,,,,U,PSGC-2026-Q2-2026-06-30,barangay-150-national-capital-region-ncr
1380100151,137501151,Barangay 151,Barangay 151,barangay,1380100000,1300000000,,1380100000,,,,,U,PSGC-2026-Q2-2026-06-30,barangay-151-national-capital-region-ncr
1380100152,137501152,Barangay 152,Barangay 152,barangay,1380100000,1300000000,,1380100000,,,,,U,PSGC-2026-Q2-2026-06-30,barangay-152-national-capital-region-ncr
1380100153,137501153,Barangay 153,Barangay 153,barangay,1380100000,1300000000,,1380100000,,,,,U,PSGC-2026-Q2-2026-06-30,barangay-153-national-capital-region-ncr
1380100154,137501154,Barangay 154,Barangay 154,barangay,1380100000,1300000000,,1380100000,,,,,U,PSGC-2026-Q2-2026-06-30,barangay-154-national-capital-region-ncr
1380100155,137501155,Barangay 155,Barangay 155,barangay,1380100000,1300000000,,1380100000,,,,,U,PSGC-2026-Q2-2026-06-30,barangay-155-national-capital-region-ncr
1380100156,137501156,Barangay 156,Barangay 156,barangay,1380100000,1300000000,,1380100000,,,,,U,PSGC-2026-Q2-2026-06-30,barangay-156-national-capital-region-ncr
1380100157,137501157,Barangay 157,Barangay 157,barangay,1380100000,1300000000,,1380100000,,,,,U,PSGC-2026-Q2-2026-06-30,barangay-157-national-capital-region-ncr
1380100158,137501158,Barangay 158,Barangay 158,barangay,1380100000,1300000000,,1380100000,,,,,U,PSGC-2026-Q2-2026-06-30,barangay-158-national-capital-region-ncr
1380100159,137501159,Barangay 159,Barangay 159,barangay,1380100000,1300000000,,1380100000,,,,,U,PSGC-2026-Q2-2026-06-30,barangay-159-national-capital-region-ncr
1380100160,137501160,Barangay 160,Barangay 160,barangay,1380100000,1300000000,,1380100000,,,,,U,PSGC-2026-Q2-2026-06-30,barangay-160-national-capital-region-ncr
1380100161,137501161,Barangay 161,Barangay 161,barangay,1380100000,1300000000,,1380100000,,,,,U,PSGC-2026-Q2-2026-06-30,barangay-161-national-capital-region-ncr
1380100162,137501162,Barangay 162,Barangay 162,barangay,1380100000,1300000000,,1380100000,,,,,U,PSGC-2026-Q2-2026-06-30,barangay-162-national-capital-region-ncr
1380100163,137501163,Barangay 163,Barangay 163,barangay,1380100000,1300000000,,1380100000,,,,,U,PSGC-2026-Q2-2026-06-30,barangay-163-national-capital-region-ncr
1380100164,137501164,Barangay 164,Barangay 164,barangay,1380100000,1300000000,,1380100000,,,,,U,PSGC-2026-Q2-2026-06-30,barangay-164-national-capital-region-ncr
1380100165,137501165,Barangay 165,Barangay 165,barangay,1380100000,1300000000,,1380100000,,,,,U,PSGC-2026-Q2-2026-06-30,barangay-165-national-capital-region-ncr
1380100166,137501166,Barangay 166,Barangay 166,barangay,1380100000,1300000000,,1380100000,,,,,U,PSGC-2026-Q2-2026-06-30,barangay-166-national-capital-region-ncr
1380100167,137501167,Barangay 167,Barangay 167,barangay,1380100000,1300000000,,1380100000,,,,,U,PSGC-2026-Q2-2026-06-30,barangay-167-national-capital-region-ncr
1380100168,137501168,Barangay 168,Barangay 168,barangay,1380100000,1300000000,,1380100000,,,,,U,PSGC-2026-Q2-2026-06-30,barangay-168-national-capital-region-ncr
1380100169,137501169,Barangay 169,Barangay 169,barangay,1380100000,1300000000,,1380100000,,,,,U,PSGC-2026-Q2-2026-06-30,barangay-169-national-capital-region-ncr
1380100170,137501170,Barangay 170,Barangay 170,barangay,1380100000,1300000000,,1380100000,,,,,U,PSGC-2026-Q2-2026-06-30,barangay-170-national-capital-region-ncr
1380100171,137501171,Barangay 171,Barangay 171,barangay,1380100000,1300000000,,1380100000,,,,,U,PSGC-2026-Q2-2026-06-30,barangay-171-national-capital-region-ncr
1380100172,137501172,Barangay 172,Barangay 172,barangay,1380100000,1300000000,,1380100000,,,,,U,PSGC-2026-Q2-2026-06-30,barangay-172-national-capital-region-ncr
1380100173,137501173,Barangay 173,Barangay 173,barangay,1380100000,1300000000,,1380100000,,,,,U,PSGC-2026-Q2-2026-06-30,barangay-173-national-capital-region-ncr
1380100174,137501174,Barangay 174,Barangay 174,barangay,1380100000,1300000000,,1380100000,,,,,U,PSGC-2026-Q2-2026-06-30,barangay-174-national-capital-region-ncr
1380100175,137501175,Barangay 175,Barangay 175,barangay,1380100000,1300000000,,1380100000,,,,,U,PSGC-2026-Q2-2026-06-30,barangay-175-national-capital-region-ncr
1380100177,137501177,Barangay 177,Barangay 177,barangay,1380100000,1300000000,,1380100000,,,,,U,PSGC-2026-Q2-2026-06-30,barangay-177-national-capital-region-ncr
1380100178,137501178,Barangay 178,Barangay 178,barangay,1380100000,1300000000,,1380100000,,,,,U,PSGC-2026-Q2-2026-06-30,barangay-178-national-capital-region-ncr
1380100179,137501179,Barangay 179,Barangay 179,barangay,1380100000,1300000000,,1380100000,,,,,U,PSGC-2026-Q2-2026-06-30,barangay-179-national-capital-region-ncr
1380100180,137501180,Barangay 180,Barangay 180,barangay,1380100000,1300000000,,1380100000,,,,,U,PSGC-2026-Q2-2026-06-30,barangay-180-national-capital-region-ncr
1380100181,137501181,Barangay 181,Barangay 181,barangay,1380100000,1300000000,,1380100000,,,,,U,PSGC-2026-Q2-2026-06-30,barangay-181-national-capital-region-ncr
1380100182,137501182,Barangay 182,Barangay 182,barangay,1380100000,1300000000,,1380100000,,,,,U,PSGC-2026-Q2-2026-06-30,barangay-182-national-capital-region-ncr
1380100183,137501183,Barangay 183,Barangay 183,barangay,1380100000,1300000000,,1380100000,,,,,U,PSGC-2026-Q2-2026-06-30,barangay-183-national-capital-region-ncr
1380100184,137501184,Barangay 184,Barangay 184,barangay,1380100000,1300000000,,1380100000,,,,,U,PSGC-2026-Q2-2026-06-30,barangay-184-national-capital-region-ncr
1380100185,137501185,Barangay 185,Barangay 185,barangay,1380100000,1300000000,,1380100000,,,,,U,PSGC-2026-Q2-2026-06-30,barangay-185-national-capital-region-ncr
1380100186,137501186,Barangay 186,Barangay 186,barangay,1380100000,1300000000,,1380100000,,,,,U,PSGC-2026-Q2-2026-06-30,barangay-186-national-capital-region-ncr
1380100187,137501187,Barangay 187,Barangay 187,barangay,1380100000,1300000000,,1380100000,,,,,U,PSGC-2026-Q2-2026-06-30,barangay-187-national-capital-region-ncr
1380100188,137501188,Barangay 188,Barangay 188,barangay,1380100000,1300000000,,1380100000,,,,,U,PSGC-2026-Q2-2026-06-30,barangay-188-national-capital-region-ncr
1380100189,,Barangay 176-A,Barangay 176-A,barangay,1380100000,1300000000,,1380100000,,,Barangay 176,,,PSGC-2026-Q2-2026-06-30,barangay-176-a
1380100190,,Barangay 176-B,Barangay 176-B,barangay,1380100000,1300000000,,1380100000,,,Barangay 176,,,PSGC-2026-Q2-2026-06-30,barangay-176-b
1380100191,,Barangay 176-C,Barangay 176-C,barangay,1380100000,1300000000,,1380100000,,,Barangay 176,,,PSGC-2026-Q2-2026-06-30,barangay-176-c
1380100192,,Barangay 176-D,Barangay 176-D,barangay,1380100000,1300000000,,1380100000,,,Barangay 176,,,PSGC-2026-Q2-2026-06-30,barangay-176-d
1380100193,,Barangay 176-E,Barangay 176-E,barangay,1380100000,1300000000,,1380100000,,,Barangay 176,,,PSGC-2026-Q2-2026-06-30,barangay-176-e
1380100194,,Barangay 176-F,Barangay 176-F,barangay,1380100000,1300000000,,1380100000,,,Barangay 176,,,PSGC-2026-Q2-2026-06-30,barangay-176-f
1380200000,137601000,City of Las Piñas,Las Piñas City,city,1300000000,1300000000,,1380200000,Highly Urbanized City,1st,,,,PSGC-2026-Q2-2026-06-30,las-pinas
1380200001,137601001,Almanza Uno,Almanza Uno,barangay,1380200000,1300000000,,1380200000,,,,,U,PSGC-2026-Q2-2026-06-30,almanza-uno
1380200002,137601002,Daniel Fajardo,Daniel Fajardo,barangay,1380200000,1300000000,,1380200000,,,,,U,PSGC-2026-Q2-2026-06-30,daniel-fajardo
1380200003,137601003,Elias Aldana,Elias Aldana,barangay,1380200000,1300000000,,1380200000,,,,,U,PSGC-2026-Q2-2026-06-30,elias-aldana
1380200004,137601004,Ilaya,Ilaya,barangay,1380200000,1300000000,,1380200000,,,,,U,PSGC-2026-Q2-2026-06-30,ilaya-national-capital-region-ncr
1380200005,137601005,Manuyo Uno,Manuyo Uno,barangay,1380200000,1300000000,,1380200000,,,,,U,PSGC-2026-Q2-2026-06-30,manuyo-uno
1380200006,137601006,Pamplona Uno,Pamplona Uno,barangay,1380200000,1300000000,,1380200000,,,,,U,PSGC-2026-Q2-2026-06-30,pamplona-uno
1380200007,137601007,Pulang Lupa Uno,Pulang Lupa Uno,barangay,1380200000,1300000000,,1380200000,,,,,U,PSGC-2026-Q2-2026-06-30,pulang-lupa-uno
1380200008,137601008,Talon Uno,Talon Uno,barangay,1380200000,1300000000,,1380200000,,,,,U,PSGC-2026-Q2-2026-06-30,talon-uno
1380200009,137601009,Zapote,Zapote,barangay,1380200000,1300000000,,1380200000,,,,,U,PSGC-2026-Q2-2026-06-30,zapote-national-capital-region-ncr
1380200010,137601010,Almanza Dos,Almanza Dos,barangay,1380200000,1300000000,,1380200000,,,,,U,PSGC-2026-Q2-2026-06-30,almanza-dos
1380200011,137601011,B. F. International Village,B. F. International Village,barangay,1380200000,1300000000,,1380200000,,,,,U,PSGC-2026-Q2-2026-06-30,b-f-international-village
1380200012,137601012,Manuyo Dos,Manuyo Dos,barangay,1380200000,1300000000,,1380200000,,,,,U,PSGC-2026-Q2-2026-06-30,manuyo-dos
1380200013,137601013,Pamplona Dos,Pamplona Dos,barangay,1380200000,1300000000,,1380200000,,,,,U,PSGC-2026-Q2-2026-06-30,pamplona-dos
1380200014,137601014,Pamplona Tres,Pamplona Tres,barangay,1380200000,1300000000,,1380200000,,,,,U,PSGC-2026-Q2-2026-06-30,pamplona-tres
1380200015,137601015,Pilar,Pilar,barangay,1380200000,1300000000,,1380200000,,,,,U,PSGC-2026-Q2-2026-06-30,pilar-national-capital-region-ncr
1380200016,137601016,Pulang Lupa Dos,Pulang Lupa Dos,barangay,1380200000,1300000000,,1380200000,,,,,U,PSGC-2026-Q2-2026-06-30,pulang-lupa-dos
1380200017,137601017,Talon Dos,Talon Dos,barangay,1380200000,1300000000,,1380200000,,,,,U,PSGC-2026-Q2-2026-06-30,talon-dos
1380200018,137601018,Talon Tres,Talon Tres,barangay,1380200000,1300000000,,1380200000,,,,,U,PSGC-2026-Q2-2026-06-30,talon-tres
1380200019,137601019,Talon Kuatro,Talon Kuatro,barangay,1380200000,1300000000,,1380200000,,,,,U,PSGC-2026-Q2-2026-06-30,talon-kuatro
1380200020,137601020,Talon Singko,Talon Singko,barangay,1380200000,1300000000,,1380200000,,,,,U,PSGC-2026-Q2-2026-06-30,talon-singko
1380300000,137602000,City of Makati,Makati City,city,1300000000,1300000000,,1380300000,Highly Urbanized City,1st,,,,PSGC-2026-Q2-2026-06-30,makati
1380300001,137602001,Bangkal,Bangkal,barangay,1380300000,1300000000,,1380300000,,,,,U,PSGC-2026-Q2-2026-06-30,bangkal-national-capital-region-ncr
1380300002,137602002,Bel-Air,Bel-Air,barangay,1380300000,1300000000,,1380300000,,,,,U,PSGC-2026-Q2-2026-06-30,bel-air
1380300005,137602005,Carmona,Carmona,barangay,1380300000,1300000000,,1380300000,,,,,U,PSGC-2026-Q2-2026-06-30,carmona
1380300006,137602006,Dasmariñas,Dasmariñas,barangay,1380300000,1300000000,,1380300000,,,,,U,PSGC-2026-Q2-2026-06-30,dasmarinas
1380300008,137602008,Forbes Park,Forbes Park,barangay,1380300000,1300000000,,1380300000,,,,,U,PSGC-2026-Q2-2026-06-30,forbes-park
1380300009,137602009,Guadalupe Nuevo,Guadalupe Nuevo,barangay,1380300000,1300000000,,1380300000,,,,,U,PSGC-2026-Q2-2026-06-30,guadalupe-nuevo
1380300010,137602010,Guadalupe Viejo,Guadalupe Viejo,barangay,1380300000,1300000000,,1380300000,,,,,U,PSGC-2026-Q2-2026-06-30,guadalupe-viejo
1380300011,137602011,Kasilawan,Kasilawan,barangay,1380300000,1300000000,,1380300000,,,,,U,PSGC-2026-Q2-2026-06-30,kasilawan
1380300012,137602012,La Paz,La Paz,barangay,1380300000,1300000000,,1380300000,,,,,U,PSGC-2026-Q2-2026-06-30,la-paz-national-capital-region-ncr
1380300013,137602013,Magallanes,Magallanes,barangay,1380300000,1300000000,,1380300000,,,,,U,PSGC-2026-Q2-2026-06-30,magallanes-national-capital-region-ncr
1380300014,137602014,Olympia,Olympia,barangay,1380300000,1300000000,,1380300000,,,,,U,PSGC-2026-Q2-2026-06-30,olympia
1380300015,137602015,Palanan,Palanan,barangay,1380300000,1300000000,,1380300000,,,,,U,PSGC-2026-Q2-2026-06-30,palanan-national-capital-region-ncr
1380300017,137602017,Pinagkaisahan,Pinagkaisahan,barangay,1380300000,1300000000,,1380300000,,,,,U,PSGC-2026-Q2-2026-06-30,pinagkaisahan-national-capital-region-ncr
1380300018,137602018,Pio Del Pilar,Pio Del Pilar,barangay,1380300000,1300000000,,1380300000,,,,,U,PSGC-2026-Q2-2026-06-30,pio-del-pilar
1380300020,137602020,Poblacion,Poblacion,barangay,1380300000,1300000000,,1380300000,,,,,U,PSGC-2026-Q2-2026-06-30,poblacion-national-capital-region-ncr
1380300023,137602023,San Antonio,San Antonio,barangay,1380300000,1300000000,,1380300000,,,,,U,PSGC-2026-Q2-2026-06-30,san-antonio-national-capital-region-ncr
1380300024,137602024,San Isidro,San Isidro,barangay,1380300000,1300000000,,1380300000,,,,,U,PSGC-2026-Q2-2026-06-30,san-isidro-national-capital-region-ncr
1380300025,137602025,San Lorenzo,San Lorenzo,barangay,1380300000,1300000000,,1380300000,,,,,U,PSGC-2026-Q2-2026-06-30,san-lorenzo-national-capital-region-ncr
1380300026,137602026,Santa Cruz,Santa Cruz,barangay,1380300000,1300000000,,1380300000,,,,,U,PSGC-2026-Q2-2026-06-30,santa-cruz-national-capital-region-ncr-1380300026
1380300027,137602027,Singkamas,Singkamas,barangay,1380300000,1300000000,,1380300000,,,,,U,PSGC-2026-Q2-2026-06-30,singkamas
1380300029,137602029,Tejeros,Tejeros,barangay,1380300000,1300000000,,1380300000,,,,,U,PSGC-2026-Q2-2026-06-30,tejeros
1380300030,137602030,Urdaneta,Urdaneta,barangay,1380300000,1300000000,,1380300000,,,,,U,PSGC-2026-Q2-2026-06-30,urdaneta-national-capital-region-ncr
1380300031,137602031,Valenzuela,Valenzuela,barangay,1380300000,1300000000,,1380300000,,,,,U,PSGC-2026-Q2-2026-06-30,valenzuela-national-capital-region-ncr
1380400000,137502000,City of Malabon,Malabon City,city,1300000000,1300000000,,1380400000,Highly Urbanized City,1st,,,,PSGC-2026-Q2-2026-06-30,malabon
1380400001,137502001,Acacia,Acacia,barangay,1380400000,1300000000,,1380400000,,,,,U,PSGC-2026-Q2-2026-06-30,acacia-national-capital-region-ncr
1380400002,137502002,Baritan,Baritan,barangay,1380400000,1300000000,,1380400000,,,,,U,PSGC-2026-Q2-2026-06-30,baritan-national-capital-region-ncr
1380400003,137502003,Bayan-bayanan,Bayan-bayanan,barangay,1380400000,1300000000,,1380400000,,,,,U,PSGC-2026-Q2-2026-06-30,bayan-bayanan-national-capital-region-ncr
1380400004,137502004,Catmon,Catmon,barangay,1380400000,1300000000,,1380400000,,,,,U,PSGC-2026-Q2-2026-06-30,catmon-national-capital-region-ncr
1380400005,137502005,Concepcion,Concepcion,barangay,1380400000,1300000000,,1380400000,,,,,U,PSGC-2026-Q2-2026-06-30,concepcion-national-capital-region-ncr
1380400006,137502006,Dampalit,Dampalit,barangay,1380400000,1300000000,,1380400000,,,,,U,PSGC-2026-Q2-2026-06-30,dampalit
1380400007,137502007,Flores,Flores,barangay,1380400000,1300000000,,1380400000,,,,,U,PSGC-2026-Q2-2026-06-30,flores-national-capital-region-ncr
1380400008,137502008,Hulong Duhat,Hulong Duhat,barangay,1380400000,1300000000,,1380400000,,,,,U,PSGC-2026-Q2-2026-06-30,hulong-duhat
1380400009,137502009,Ibaba,Ibaba,barangay,1380400000,1300000000,,1380400000,,,,,U,PSGC-2026-Q2-2026-06-30,ibaba-national-capital-region-ncr
1380400010,137502010,Longos,Longos,barangay,1380400000,1300000000,,1380400000,,,,,U,PSGC-2026-Q2-2026-06-30,longos-national-capital-region-ncr
1380400011,137502011,Maysilo,Maysilo,barangay,1380400000,1300000000,,1380400000,,,,,U,PSGC-2026-Q2-2026-06-30,maysilo
1380400012,137502012,Muzon,Muzon,barangay,1380400000,1300000000,,1380400000,,,,,U,PSGC-2026-Q2-2026-06-30,muzon-national-capital-region-ncr
1380400013,137502013,Niugan,Niugan,barangay,1380400000,1300000000,,1380400000,,,,,U,PSGC-2026-Q2-2026-06-30,niugan-national-capital-region-ncr
1380400014,137502014,Panghulo,Panghulo,barangay,1380400000,1300000000,,1380400000,,,,,U,PSGC-2026-Q2-2026-06-30,panghulo-national-capital-region-ncr
1380400015,137502015,Potrero,Potrero,barangay,1380400000,1300000000,,1380400000,,,,,U,PSGC-2026-Q2-2026-06-30,potrero-national-capital-region-ncr
1380400016,137502016,San Agustin,San Agustin,barangay,1380400000,1300000000,,1380400000,,,,,U,PSGC-2026-Q2-2026-06-30,san-agustin-national-capital-region-ncr
1380400017,137502017,Santolan,Santolan,barangay,1380400000,1300000000,,1380400000,,,,,U,PSGC-2026-Q2-2026-06-30,santolan-national-capital-region-ncr
1380400018,137502018,Tañong,Tañong,barangay,1380400000,1300000000,,1380400000,,,,Pob.,U,PSGC-2026-Q2-2026-06-30,tanong-national-capital-region-ncr
1380400019,137502019,Tinajeros,Tinajeros,barangay,1380400000,1300000000,,1380400000,,,,,U,PSGC-2026-Q2-2026-06-30,tinajeros
1380400020,137502020,Tonsuya,Tonsuya,barangay,1380400000,1300000000,,1380400000,,,,,U,PSGC-2026-Q2-2026-06-30,tonsuya
1380400021,137502021,Tugatog,Tugatog,barangay,1380400000,1300000000,,1380400000,,,,,U,PSGC-2026-Q2-2026-06-30,tugatog-national-capital-region-ncr
1380500000,137401000,City of Mandaluyong,Mandaluyong City,city,1300000000,1300000000,,1380500000,Highly Urbanized City,1st,,,,PSGC-2026-Q2-2026-06-30,mandaluyong
1380500001,137401001,Addition Hills,Addition Hills,barangay,1380500000,1300000000,,1380500000,,,,,U,PSGC-2026-Q2-2026-06-30,addition-hills-national-capital-region-ncr
1380500002,137401002,Bagong Silang,Bagong Silang,barangay,1380500000,1300000000,,1380500000,,,,,U,PSGC-2026-Q2-2026-06-30,bagong-silang-national-capital-region-ncr
1380500003,137401003,Barangka Drive,Barangka Drive,barangay,1380500000,1300000000,,1380500000,,,,,U,PSGC-2026-Q2-2026-06-30,barangka-drive
1380500004,137401004,Barangka Ibaba,Barangka Ibaba,barangay,1380500000,1300000000,,1380500000,,,,,U,PSGC-2026-Q2-2026-06-30,barangka-ibaba
1380500005,137401005,Barangka Ilaya,Barangka Ilaya,barangay,1380500000,1300000000,,1380500000,,,,,U,PSGC-2026-Q2-2026-06-30,barangka-ilaya
1380500006,137401006,Barangka Itaas,Barangka Itaas,barangay,1380500000,1300000000,,1380500000,,,,,U,PSGC-2026-Q2-2026-06-30,barangka-itaas
1380500007,137401007,Burol,Burol,barangay,1380500000,1300000000,,1380500000,,,,,U,PSGC-2026-Q2-2026-06-30,burol-national-capital-region-ncr
1380500008,137401008,Buayang Bato,Buayang Bato,barangay,1380500000,1300000000,,1380500000,,,,,U,PSGC-2026-Q2-2026-06-30,buayang-bato
1380500009,137401009,Daang Bakal,Daang Bakal,barangay,1380500000,1300000000,,1380500000,,,,,U,PSGC-2026-Q2-2026-06-30,daang-bakal
1380500010,137401010,Hagdang Bato Itaas,Hagdang Bato Itaas,barangay,1380500000,1300000000,,1380500000,,,,,U,PSGC-2026-Q2-2026-06-30,hagdang-bato-itaas
1380500011,137401011,Hagdang Bato Libis,Hagdang Bato Libis,barangay,1380500000,1300000000,,1380500000,,,,,U,PSGC-2026-Q2-2026-06-30,hagdang-bato-libis
1380500012,137401012,Harapin Ang Bukas,Harapin Ang Bukas,barangay,1380500000,1300000000,,1380500000,,,,,U,PSGC-2026-Q2-2026-06-30,harapin-ang-bukas
1380500013,137401013,Highway Hills,Highway Hills,barangay,1380500000,1300000000,,1380500000,,,,,U,PSGC-2026-Q2-2026-06-30,highway-hills
1380500014,137401014,Hulo,Hulo,barangay,1380500000,1300000000,,1380500000,,,,,U,PSGC-2026-Q2-2026-06-30,hulo-national-capital-region-ncr
1380500015,137401015,Mabini-J. Rizal,Mabini-J. Rizal,barangay,1380500000,1300000000,,1380500000,,,,,U,PSGC-2026-Q2-2026-06-30,mabini-j-rizal
1380500016,137401016,Malamig,Malamig,barangay,1380500000,1300000000,,1380500000,,,,,U,PSGC-2026-Q2-2026-06-30,malamig-national-capital-region-ncr
1380500017,137401017,Mauway,Mauway,barangay,1380500000,1300000000,,1380500000,,,,,U,PSGC-2026-Q2-2026-06-30,mauway
1380500018,137401018,Namayan,Namayan,barangay,1380500000,1300000000,,1380500000,,,,,U,PSGC-2026-Q2-2026-06-30,namayan-national-capital-region-ncr
1380500019,137401019,New Zañiga,New Zañiga,barangay,1380500000,1300000000,,1380500000,,,,,U,PSGC-2026-Q2-2026-06-30,new-zaniga
1380500020,137401020,Old Zañiga,Old Zañiga,barangay,1380500000,1300000000,,1380500000,,,,,U,PSGC-2026-Q2-2026-06-30,old-zaniga
1380500021,137401021,Pag-asa,Pag-asa,barangay,1380500000,1300000000,,1380500000,,,,,U,PSGC-2026-Q2-2026-06-30,pag-asa-national-capital-region-ncr
1380500022,137401022,Plainview,Plainview,barangay,1380500000,1300000000,,1380500000,,,,,U,PSGC-2026-Q2-2026-06-30,plainview
1380500023,137401023,Pleasant Hills,Pleasant Hills,barangay,1380500000,1300000000,,1380500000,,,,,U,PSGC-2026-Q2-2026-06-30,pleasant-hills
1380500024,137401024,Poblacion,Poblacion,barangay,1380500000,1300000000,,1380500000,,,,,U,PSGC-2026-Q2-2026-06-30,poblacion-national-capital-region-ncr-1380500024
1380500025,137401025,San Jose,San Jose,barangay,1380500000,1300000000,,1380500000,,,,,U,PSGC-2026-Q2-2026-06-30,san-jose-national-capital-region-ncr
1380500026,137401026,Vergara,Vergara,barangay,1380500000,1300000000,,1380500000,,,,,U,PSGC-2026-Q2-2026-06-30,vergara
1380500027,137401027,Wack-wack Greenhills,Wack-wack Greenhills,barangay,1380500000,1300000000,,1380500000,,,,,U,PSGC-2026-Q2-2026-06-30,wack-wack-greenhills
1380600000,133900000,City of Manila,Manila City,city,1300000000,1300000000,,1380600000,Highly Urbanized City,1st,,,,PSGC-2026-Q2-2026-06-30,manila
1380601000,133901000,Tondo I/II,Tondo I/II,submunicipality,1380600000,1300000000,,1380600000,,,,,,PSGC-2026-Q2-2026-06-30,tondo-i-ii
1380601001,133901001,Barangay 1,Barangay 1,barangay,1380601000,1300000000,,1380601000,,,,,U,PSGC-2026-Q2-2026-06-30,barangay-1-national-capital-region-ncr-1380601001
1380601002,133901002,Barangay 2,Barangay 2,barangay,1380601000,1300000000,,1380601000,,,,,U,PSGC-2026-Q2-2026-06-30,barangay-2-national-capital-region-ncr-1380601002
1380601003,133901003,Barangay 3,Barangay 3,barangay,1380601000,1300000000,,1380601000,,,,,U,PSGC-2026-Q2-2026-06-30,barangay-3-national-capital-region-ncr-1380601003
1380601004,133901004,Barangay 4,Barangay 4,barangay,1380601000,1300000000,,1380601000,,,,,U,PSGC-2026-Q2-2026-06-30,barangay-4-national-capital-region-ncr-1380601004
1380601005,133901005,Barangay 5,Barangay 5,barangay,1380601000,1300000000,,1380601000,,,,,U,PSGC-2026-Q2-2026-06-30,barangay-5-national-capital-region-ncr-1380601005
1380601006,133901006,Barangay 6,Barangay 6,barangay,1380601000,1300000000,,1380601000,,,,,U,PSGC-2026-Q2-2026-06-30,barangay-6-national-capital-region-ncr-1380601006
1380601007,133901007,Barangay 7,Barangay 7,barangay,1380601000,1300000000,,1380601000,,,,,U,PSGC-2026-Q2-2026-06-30,barangay-7-national-capital-region-ncr-1380601007
1380601008,133901008,Barangay 8,Barangay 8,barangay,1380601000,1300000000,,1380601000,,,,,U,PSGC-2026-Q2-2026-06-30,barangay-8-national-capital-region-ncr-1380601008
1380601009,133901009,Barangay 9,Barangay 9,barangay,1380601000,1300000000,,1380601000,,,,,U,PSGC-2026-Q2-2026-06-30,barangay-9-national-capital-region-ncr-1380601009
1380601010,133901010,Barangay 10,Barangay 10,barangay,1380601000,1300000000,,1380601000,,,,,U,PSGC-2026-Q2-2026-06-30,barangay-10-national-capital-region-ncr-1380601010
1380601011,133901011,Barangay 11,Barangay 11,barangay,1380601000,1300000000,,1380601000,,,,,U,PSGC-2026-Q2-2026-06-30,barangay-11-national-capital-region-ncr-1380601011
1380601012,133901012,Barangay 12,Barangay 12,barangay,1380601000,1300000000,,1380601000,,,,,U,PSGC-2026-Q2-2026-06-30,barangay-12-national-capital-region-ncr-1380601012
1380601013,133901013,Barangay 13,Barangay 13,barangay,1380601000,1300000000,,1380601000,,,,,U,PSGC-2026-Q2-2026-06-30,barangay-13-national-capital-region-ncr-1380601013
1380601014,133901014,Barangay 14,Barangay 14,barangay,1380601000,1300000000,,1380601000,,,,,U,PSGC-2026-Q2-2026-06-30,barangay-14-national-capital-region-ncr-1380601014
1380601015,133901015,Barangay 15,Barangay 15,barangay,1380601000,1300000000,,1380601000,,,,,U,PSGC-2026-Q2-2026-06-30,barangay-15-national-capital-region-ncr-1380601015
1380601016,133901016,Barangay 16,Barangay 16,barangay,1380601000,1300000000,,1380601000,,,,,U,PSGC-2026-Q2-2026-06-30,barangay-16-national-capital-region-ncr-1380601016
1380601017,133901017,Barangay 17,Barangay 17,barangay,1380601000,1300000000,,1380601000,,,,,U,PSGC-2026-Q2-2026-06-30,barangay-17-national-capital-region-ncr-1380601017
1380601018,133901018,Barangay 18,Barangay 18,barangay,1380601000,1300000000,,1380601000,,,,,U,PSGC-2026-Q2-2026-06-30,barangay-18-national-capital-region-ncr-1380601018
1380601019,133901019,Barangay 19,Barangay 19,barangay,1380601000,1300000000,,1380601000,,,,,U,PSGC-2026-Q2-2026-06-30,barangay-19-national-capital-region-ncr-1380601019
1380601020,133901020,Barangay 20,Barangay 20,barangay,1380601000,1300000000,,1380601000,,,,,U,PSGC-2026-Q2-2026-06-30,barangay-20-national-capital-region-ncr-1380601020
1380601025,133901025,Barangay 25,Barangay 25,barangay,1380601000,1300000000,,1380601000,,,,,U,PSGC-2026-Q2-2026-06-30,barangay-25-national-capital-region-ncr-1380601025
1380601026,133901026,Barangay 26,Barangay 26,barangay,1380601000,1300000000,,1380601000,,,,,U,PSGC-2026-Q2-2026-06-30,barangay-26-national-capital-region-ncr-1380601026
1380601028,133901028,Barangay 28,Barangay 28,barangay,1380601000,1300000000,,1380601000,,,,,U,PSGC-2026-Q2-2026-06-30,barangay-28-national-capital-region-ncr-1380601028
1380601029,133901029,Barangay 29,Barangay 29,barangay,1380601000,1300000000,,1380601000,,,,,U,PSGC-2026-Q2-2026-06-30,barangay-29-national-capital-region-ncr-1380601029
1380601030,133901030,Barangay 30,Barangay 30,barangay,1380601000,1300000000,,1380601000,,,,,U,PSGC-2026-Q2-2026-06-30,barangay-30-national-capital-region-ncr-1380601030
1380601031,133901031,Barangay 31,Barangay 31,barangay,1380601000,1300000000,,1380601000,,,,,U,PSGC-2026-Q2-2026-06-30,barangay-31-national-capital-region-ncr-1380601031
1380601032,133901032,Barangay 32,Barangay 32,barangay,1380601000,1300000000,,1380601000,,,,,U,PSGC-2026-Q2-2026-06-30,barangay-32-national-capital-region-ncr-1380601032
1380601033,133901033,Barangay 33,Barangay 33,barangay,1380601000,1300000000,,1380601000,,,,,U,PSGC-2026-Q2-2026-06-30,barangay-33-national-capital-region-ncr-1380601033
1380601034,133901034,Barangay 34,Barangay 34,barangay,1380601000,1300000000,,1380601000,,,,,U,PSGC-2026-Q2-2026-06-30,barangay-34-national-capital-region-ncr-1380601034
1380601035,133901035,Barangay 35,Barangay 35,barangay,1380601000,1300000000,,1380601000,,,,,U,PSGC-2026-Q2-2026-06-30,barangay-35-national-capital-region-ncr-1380601035
1380601036,133901036,Barangay 36,Barangay 36,barangay,1380601000,1300000000,,1380601000,,,,,U,PSGC-2026-Q2-2026-06-30,barangay-36-national-capital-region-ncr-1380601036
1380601037,133901037,Barangay 37,Barangay 37,barangay,1380601000,1300000000,,1380601000,,,,,U,PSGC-2026-Q2-2026-06-30,barangay-37-national-capital-region-ncr-1380601037
1380601038,133901038,Barangay 38,Barangay 38,barangay,1380601000,1300000000,,1380601000,,,,,U,PSGC-2026-Q2-2026-06-30,barangay-38-national-capital-region-ncr-1380601038
1380601039,133901039,Barangay 39,Barangay 39,barangay,1380601000,1300000000,,1380601000,,,,,U,PSGC-2026-Q2-2026-06-30,barangay-39-national-capital-region-ncr-1380601039
1380601041,133901041,Barangay 41,Barangay 41,barangay,1380601000,1300000000,,1380601000,,,,,U,PSGC-2026-Q2-2026-06-30,barangay-41-national-capital-region-ncr-1380601041
1380601042,133901042,Barangay 42,Barangay 42,barangay,1380601000,1300000000,,1380601000,,,,,U,PSGC-2026-Q2-2026-06-30,barangay-42-national-capital-region-ncr-1380601042
1380601043,133901043,Barangay 43,Barangay 43,barangay,1380601000,1300000000,,1380601000,,,,,U,PSGC-2026-Q2-2026-06-30,barangay-43-national-capital-region-ncr-1380601043
1380601044,133901044,Barangay 44,Barangay 44,barangay,1380601000,1300000000,,1380601000,,,,,U,PSGC-2026-Q2-2026-06-30,barangay-44-national-capital-region-ncr-1380601044
1380601045,133901045,Barangay 45,Barangay 45,barangay,1380601000,1300000000,,1380601000,,,,,U,PSGC-2026-Q2-2026-06-30,barangay-45-national-capital-region-ncr-1380601045
1380601046,133901046,Barangay 46,Barangay 46,barangay,1380601000,1300000000,,1380601000,,,,,U,PSGC-2026-Q2-2026-06-30,barangay-46-national-capital-region-ncr-1380601046
1380601047,133901047,Barangay 47,Barangay 47,barangay,1380601000,1300000000,,1380601000,,,,,U,PSGC-2026-Q2-2026-06-30,barangay-47-national-capital-region-ncr-1380601047
1380601048,133901048,Barangay 48,Barangay 48,barangay,1380601000,1300000000,,1380601000,,,,,U,PSGC-2026-Q2-2026-06-30,barangay-48-national-capital-region-ncr-1380601048
1380601049,133901049,Barangay 49,Barangay 49,barangay,1380601000,1300000000,,1380601000,,,,,U,PSGC-2026-Q2-2026-06-30,barangay-49-national-capital-region-ncr-1380601049
1380601050,133901050,Barangay 50,Barangay 50,barangay,1380601000,1300000000,,1380601000,,,,,U,PSGC-2026-Q2-2026-06-30,barangay-50-national-capital-region-ncr-1380601050
1380601051,133901051,Barangay 51,Barangay 51,barangay,1380601000,1300000000,,1380601000,,,,,U,PSGC-2026-Q2-2026-06-30,barangay-51-national-capital-region-ncr-1380601051
1380601052,133901052,Barangay 52,Barangay 52,barangay,1380601000,1300000000,,1380601000,,,,,U,PSGC-2026-Q2-2026-06-30,barangay-52-national-capital-region-ncr-1380601052
1380601053,133901053,Barangay 53,Barangay 53,barangay,1380601000,1300000000,,1380601000,,,,,U,PSGC-2026-Q2-2026-06-30,barangay-53-national-capital-region-ncr-1380601053
1380601054,133901054,Barangay 54,Barangay 54,barangay,1380601000,1300000000,,1380601000,,,,,U,PSGC-2026-Q2-2026-06-30,barangay-54-national-capital-region-ncr-1380601054
1380601055,133901055,Barangay 55,Barangay 55,barangay,1380601000,1300000000,,1380601000,,,,,U,PSGC-2026-Q2-2026-06-30,barangay-55-national-capital-region-ncr-1380601055
1380601056,133901056,Barangay 56,Barangay 56,barangay,1380601000,1300000000,,1380601000,,,,,U,PSGC-2026-Q2-2026-06-30,barangay-56-national-capital-region-ncr-1380601056
1380601057,133901057,Barangay 57,Barangay 57,barangay,1380601000,1300000000,,1380601000,,,,,U,PSGC-2026-Q2-2026-06-30,barangay-57-national-capital-region-ncr-1380601057
1380601058,133901058,Barangay 58,Barangay 58,barangay,1380601000,1300000000,,1380601000,,,,,U,PSGC-2026-Q2-2026-06-30,barangay-58-national-capital-region-ncr-1380601058
1380601059,133901059,Barangay 59,Barangay 59,barangay,1380601000,1300000000,,1380601000,,,,,U,PSGC-2026-Q2-2026-06-30,barangay-59-national-capital-region-ncr-1380601059
1380601060,133901060,Barangay 60,Barangay 60,barangay,1380601000,1300000000,,1380601000,,,,,U,PSGC-2026-Q2-2026-06-30,barangay-60-national-capital-region-ncr-1380601060
1380601061,133901061,Barangay 61,Barangay 61,barangay,1380601000,1300000000,,1380601000,,,,,U,PSGC-2026-Q2-2026-06-30,barangay-61-national-capital-region-ncr-1380601061
1380601062,133901062,Barangay 62,Barangay 62,barangay,1380601000,1300000000,,1380601000,,,,,U,PSGC-2026-Q2-2026-06-30,barangay-62-national-capital-region-ncr-1380601062
1380601063,133901063,Barangay 63,Barangay 63,barangay,1380601000,1300000000,,1380601000,,,,,U,PSGC-2026-Q2-2026-06-30,barangay-63-national-capital-region-ncr-1380601063
1380601064,133901064,Barangay 64,Barangay 64,barangay,1380601000,1300000000,,1380601000,,,,,U,PSGC-2026-Q2-2026-06-30,barangay-64-national-capital-region-ncr-1380601064
1380601065,133901065,Barangay 65,Barangay 65,barangay,1380601000,1300000000,,1380601000,,,,,U,PSGC-2026-Q2-2026-06-30,barangay-65-national-capital-region-ncr-1380601065
1380601066,133901066,Barangay 66,Barangay 66,barangay,1380601000,1300000000,,1380601000,,,,,U,PSGC-2026-Q2-2026-06-30,barangay-66-national-capital-region-ncr-1380601066
1380601067,133901067,Barangay 67,Barangay 67,barangay,1380601000,1300000000,,1380601000,,,,,U,PSGC-2026-Q2-2026-06-30,barangay-67-national-capital-region-ncr-1380601067
1380601068,133901068,Barangay 68,Barangay 68,barangay,1380601000,1300000000,,1380601000,,,,,U,PSGC-2026-Q2-2026-06-30,barangay-68-national-capital-region-ncr-1380601068
1380601069,133901069,Barangay 69,Barangay 69,barangay,1380601000,1300000000,,1380601000,,,,,U,PSGC-2026-Q2-2026-06-30,barangay-69-national-capital-region-ncr-1380601069
1380601070,133901070,Barangay 70,Barangay 70,barangay,1380601000,1300000000,,1380601000,,,,,U,PSGC-2026-Q2-2026-06-30,barangay-70-national-capital-region-ncr-1380601070
1380601071,133901071,Barangay 71,Barangay 71,barangay,1380601000,1300000000,,1380601000,,,,,U,PSGC-2026-Q2-2026-06-30,barangay-71-national-capital-region-ncr-1380601071
1380601072,133901072,Barangay 72,Barangay 72,barangay,1380601000,1300000000,,1380601000,,,,,U,PSGC-2026-Q2-2026-06-30,barangay-72-national-capital-region-ncr-1380601072
1380601073,133901073,Barangay 73,Barangay 73,barangay,1380601000,1300000000,,1380601000,,,,,U,PSGC-2026-Q2-2026-06-30,barangay-73-national-capital-region-ncr-1380601073
1380601074,133901074,Barangay 74,Barangay 74,barangay,1380601000,1300000000,,1380601000,,,,,U,PSGC-2026-Q2-2026-06-30,barangay-74-national-capital-region-ncr-1380601074
1380601075,133901075,Barangay 75,Barangay 75,barangay,1380601000,1300000000,,1380601000,,,,,U,PSGC-2026-Q2-2026-06-30,barangay-75-national-capital-region-ncr-1380601075
1380601076,133901076,Barangay 76,Barangay 76,barangay,1380601000,1300000000,,1380601000,,,,,U,PSGC-2026-Q2-2026-06-30,barangay-76-national-capital-region-ncr-1380601076
1380601077,133901077,Barangay 77,Barangay 77,barangay,1380601000,1300000000,,1380601000,,,,,U,PSGC-2026-Q2-2026-06-30,barangay-77-national-capital-region-ncr-1380601077
1380601078,133901078,Barangay 78,Barangay 78,barangay,1380601000,1300000000,,1380601000,,,,,U,PSGC-2026-Q2-2026-06-30,barangay-78-national-capital-region-ncr-1380601078
1380601079,133901079,Barangay 79,Barangay 79,barangay,1380601000,1300000000,,1380601000,,,,,U,PSGC-2026-Q2-2026-06-30,barangay-79-national-capital-region-ncr-1380601079
1380601080,133901080,Barangay 80,Barangay 80,barangay,1380601000,1300000000,,1380601000,,,,,U,PSGC-2026-Q2-2026-06-30,barangay-80-national-capital-region-ncr-1380601080
1380601081,133901081,Barangay 81,Barangay 81,barangay,1380601000,1300000000,,1380601000,,,,,U,PSGC-2026-Q2-2026-06-30,barangay-81-national-capital-region-ncr-1380601081
1380601082,133901082,Barangay 82,Barangay 82,barangay,1380601000,1300000000,,1380601000,,,,,U,PSGC-2026-Q2-2026-06-30,barangay-82-national-capital-region-ncr-1380601082
1380601083,133901083,Barangay 83,Barangay 83,barangay,1380601000,1300000000,,1380601000,,,,,U,PSGC-2026-Q2-2026-06-30,barangay-83-national-capital-region-ncr-1380601083
1380601084,133901084,Barangay 84,Barangay 84,barangay,1380601000,1300000000,,1380601000,,,,,U,PSGC-2026-Q2-2026-06-30,barangay-84-national-capital-region-ncr-1380601084
1380601085,133901085,Barangay 85,Barangay 85,barangay,1380601000,1300000000,,1380601000,,,,,U,PSGC-2026-Q2-2026-06-30,barangay-85-national-capital-region-ncr-1380601085
1380601086,133901086,Barangay 86,Barangay 86,barangay,1380601000,1300000000,,1380601000,,,,,U,PSGC-2026-Q2-2026-06-30,barangay-86-national-capital-region-ncr-1380601086
1380601087,133901087,Barangay 87,Barangay 87,barangay,1380601000,1300000000,,1380601000,,,,,U,PSGC-2026-Q2-2026-06-30,barangay-87-national-capital-region-ncr-1380601087
1380601088,133901088,Barangay 88,Barangay 88,barangay,1380601000,1300000000,,1380601000,,,,,U,PSGC-2026-Q2-2026-06-30,barangay-88-national-capital-region-ncr-1380601088
1380601089,133901089,Barangay 89,Barangay 89,barangay,1380601000,1300000000,,1380601000,,,,,U,PSGC-2026-Q2-2026-06-30,barangay-89-national-capital-region-ncr-1380601089
1380601090,133901090,Barangay 90,Barangay 90,barangay,1380601000,1300000000,,1380601000,,,,,U,PSGC-2026-Q2-2026-06-30,barangay-90-national-capital-region-ncr-1380601090
1380601091,133901091,Barangay 91,Barangay 91,barangay,1380601000,1300000000,,1380601000,,,,,U,PSGC-2026-Q2-2026-06-30,barangay-91-national-capital-region-ncr-1380601091
1380601092,133901092,Barangay 92,Barangay 92,barangay,1380601000,1300000000,,1380601000,,,,,U,PSGC-2026-Q2-2026-06-30,barangay-92-national-capital-region-ncr-1380601092
1380601093,133901093,Barangay 93,Barangay 93,barangay,1380601000,1300000000,,1380601000,,,,,U,PSGC-2026-Q2-2026-06-30,barangay-93-national-capital-region-ncr-1380601093
1380601094,133901094,Barangay 94,Barangay 94,barangay,1380601000,1300000000,,1380601000,,,,,U,PSGC-2026-Q2-2026-06-30,barangay-94-national-capital-region-ncr-1380601094
1380601095,133901095,Barangay 95,Barangay 95,barangay,1380601000,1300000000,,1380601000,,,,,U,PSGC-2026-Q2-2026-06-30,barangay-95-national-capital-region-ncr-1380601095
1380601096,133901096,Barangay 96,Barangay 96,barangay,1380601000,1300000000,,1380601000,,,,,U,PSGC-2026-Q2-2026-06-30,barangay-96-national-capital-region-ncr-1380601096
1380601097,133901097,Barangay 97,Barangay 97,barangay,1380601000,1300000000,,1380601000,,,,,U,PSGC-2026-Q2-2026-06-30,barangay-97-national-capital-region-ncr-1380601097
1380601098,133901098,Barangay 98,Barangay 98,barangay,1380601000,1300000000,,1380601000,,,,,U,PSGC-2026-Q2-2026-06-30,barangay-98-national-capital-region-ncr-1380601098
1380601099,133901099,Barangay 99,Barangay 99,barangay,1380601000,1300000000,,1380601000,,,,,U,PSGC-2026-Q2-2026-06-30,barangay-99-national-capital-region-ncr-1380601099
1380601100,133901100,Barangay 100,Barangay 100,barangay,1380601000,1300000000,,1380601000,,,,,U,PSGC-2026-Q2-2026-06-30,barangay-100-national-capital-region-ncr-1380601100
1380601101,133901101,Barangay 101,Barangay 101,barangay,1380601000,1300000000,,1380601000,,,,,U,PSGC-2026-Q2-2026-06-30,barangay-101-national-capital-region-ncr-1380601101
1380601102,133901102,Barangay 102,Barangay 102,barangay,1380601000,1300000000,,1380601000,,,,,U,PSGC-2026-Q2-2026-06-30,barangay-102-national-capital-region-ncr-1380601102
1380601103,133901103,Barangay 103,Barangay 103,barangay,1380601000,1300000000,,1380601000,,,,,U,PSGC-2026-Q2-2026-06-30,barangay-103-national-capital-region-ncr-1380601103
1380601104,133901104,Barangay 104,Barangay 104,barangay,1380601000,1300000000,,1380601000,,,,,U,PSGC-2026-Q2-2026-06-30,barangay-104-national-capital-region-ncr-1380601104
1380601105,133901105,Barangay 105,Barangay 105,barangay,1380601000,1300000000,,1380601000,,,,,U,PSGC-2026-Q2-2026-06-30,barangay-105-national-capital-region-ncr-1380601105
1380601106,133901106,Barangay 106,Barangay 106,barangay,1380601000,1300000000,,1380601000,,,,,U,PSGC-2026-Q2-2026-06-30,barangay-106-national-capital-region-ncr-1380601106
1380601107,133901107,Barangay 107,Barangay 107,barangay,1380601000,1300000000,,1380601000,,,,,U,PSGC-2026-Q2-2026-06-30,barangay-107-national-capital-region-ncr-1380601107
1380601108,133901108,Barangay 108,Barangay 108,barangay,1380601000,1300000000,,1380601000,,,,,U,PSGC-2026-Q2-2026-06-30,barangay-108-national-capital-region-ncr-1380601108
1380601109,133901109,Barangay 109,Barangay 109,barangay,1380601000,1300000000,,1380601000,,,,,U,PSGC-2026-Q2-2026-06-30,barangay-109-national-capital-region-ncr-1380601109
1380601110,133901110,Barangay 110,Barangay 110,barangay,1380601000,1300000000,,1380601000,,,,,U,PSGC-2026-Q2-2026-06-30,barangay-110-national-capital-region-ncr-1380601110
1380601111,133901111,Barangay 111,Barangay 111,barangay,1380601000,1300000000,,1380601000,,,,,U,PSGC-2026-Q2-2026-06-30,barangay-111-national-capital-region-ncr-1380601111
1380601112,133901112,Barangay 112,Barangay 112,barangay,1380601000,1300000000,,1380601000,,,,,U,PSGC-2026-Q2-2026-06-30,barangay-112-national-capital-region-ncr-1380601112
1380601116,133901116,Barangay 116,Barangay 116,barangay,1380601000,1300000000,,1380601000,,,,,U,PSGC-2026-Q2-2026-06-30,barangay-116-national-capital-region-ncr-1380601116
1380601117,133901117,Barangay 117,Barangay 117,barangay,1380601000,1300000000,,1380601000,,,,,U,PSGC-2026-Q2-2026-06-30,barangay-117-national-capital-region-ncr-1380601117
1380601118,133901118,Barangay 118,Barangay 118,barangay,1380601000,1300000000,,1380601000,,,,,U,PSGC-2026-Q2-2026-06-30,barangay-118-national-capital-region-ncr-1380601118
1380601119,133901119,Barangay 119,Barangay 119,barangay,1380601000,1300000000,,1380601000,,,,,U,PSGC-2026-Q2-2026-06-30,barangay-119-national-capital-region-ncr-1380601119
1380601120,133901120,Barangay 120,Barangay 120,barangay,1380601000,1300000000,,1380601000,,,,,U,PSGC-2026-Q2-2026-06-30,barangay-120-national-capital-region-ncr-1380601120
1380601121,133901121,Barangay 121,Barangay 121,barangay,1380601000,1300000000,,1380601000,,,,,U,PSGC-2026-Q2-2026-06-30,barangay-121-national-capital-region-ncr-1380601121
1380601122,133901122,Barangay 122,Barangay 122,barangay,1380601000,1300000000,,1380601000,,,,,U,PSGC-2026-Q2-2026-06-30,barangay-122-national-capital-region-ncr-1380601122
1380601123,133901123,Barangay 123,Barangay 123,barangay,1380601000,1300000000,,1380601000,,,,,U,PSGC-2026-Q2-2026-06-30,barangay-123-national-capital-region-ncr-1380601123
1380601124,133901124,Barangay 124,Barangay 124,barangay,1380601000,1300000000,,1380601000,,,,,U,PSGC-2026-Q2-2026-06-30,barangay-124-national-capital-region-ncr-1380601124
1380601125,133901125,Barangay 125,Barangay 125,barangay,1380601000,1300000000,,1380601000,,,,,U,PSGC-2026-Q2-2026-06-30,barangay-125-national-capital-region-ncr-1380601125
1380601126,133901126,Barangay 126,Barangay 126,barangay,1380601000,1300000000,,1380601000,,,,,U,PSGC-2026-Q2-2026-06-30,barangay-126-national-capital-region-ncr-1380601126
1380601127,133901127,Barangay 127,Barangay 127,barangay,1380601000,1300000000,,1380601000,,,,,U,PSGC-2026-Q2-2026-06-30,barangay-127-national-capital-region-ncr-1380601127
1380601128,133901128,Barangay 128,Barangay 128,barangay,1380601000,1300000000,,1380601000,,,,,U,PSGC-2026-Q2-2026-06-30,barangay-128-national-capital-region-ncr-1380601128
1380601129,133901129,Barangay 129,Barangay 129,barangay,1380601000,1300000000,,1380601000,,,,,U,PSGC-2026-Q2-2026-06-30,barangay-129-national-capital-region-ncr-1380601129
1380601130,133901130,Barangay 130,Barangay 130,barangay,1380601000,1300000000,,1380601000,,,,,U,PSGC-2026-Q2-2026-06-30,barangay-130-national-capital-region-ncr-1380601130
1380601131,133901131,Barangay 131,Barangay 131,barangay,1380601000,1300000000,,1380601000,,,,,U,PSGC-2026-Q2-2026-06-30,barangay-131-national-capital-region-ncr-1380601131
1380601132,133901132,Barangay 132,Barangay 132,barangay,1380601000,1300000000,,1380601000,,,,,U,PSGC-2026-Q2-2026-06-30,barangay-132-national-capital-region-ncr-1380601132
1380601133,133901133,Barangay 133,Barangay 133,barangay,1380601000,1300000000,,1380601000,,,,,U,PSGC-2026-Q2-2026-06-30,barangay-133-national-capital-region-ncr-1380601133
1380601134,133901134,Barangay 134,Barangay 134,barangay,1380601000,1300000000,,1380601000,,,,,U,PSGC-2026-Q2-2026-06-30,barangay-134-national-capital-region-ncr-1380601134
1380601135,133901135,Barangay 135,Barangay 135,barangay,1380601000,1300000000,,1380601000,,,,,U,PSGC-2026-Q2-2026-06-30,barangay-135-national-capital-region-ncr-1380601135
1380601136,133901136,Barangay 136,Barangay 136,barangay,1380601000,1300000000,,1380601000,,,,,U,PSGC-2026-Q2-2026-06-30,barangay-136-national-capital-region-ncr-1380601136
1380601137,133901137,Barangay 137,Barangay 137,barangay,1380601000,1300000000,,1380601000,,,,,U,PSGC-2026-Q2-2026-06-30,barangay-137-national-capital-region-ncr-1380601137
1380601138,133901138,Barangay 138,Barangay 138,barangay,1380601000,1300000000,,1380601000,,,,,U,PSGC-2026-Q2-2026-06-30,barangay-138-national-capital-region-ncr-1380601138
1380601139,133901139,Barangay 139,Barangay 139,barangay,1380601000,1300000000,,1380601000,,,,,U,PSGC-2026-Q2-2026-06-30,barangay-139-national-capital-region-ncr-1380601139
1380601140,133901140,Barangay 140,Barangay 140,barangay,1380601000,1300000000,,1380601000,,,,,U,PSGC-2026-Q2-2026-06-30,barangay-140-national-capital-region-ncr-1380601140
1380601141,133901141,Barangay 141,Barangay 141,barangay,1380601000,1300000000,,1380601000,,,,,U,PSGC-2026-Q2-2026-06-30,barangay-141-national-capital-region-ncr-1380601141
1380601142,133901142,Barangay 142,Barangay 142,barangay,1380601000,1300000000,,1380601000,,,,,U,PSGC-2026-Q2-2026-06-30,barangay-142-national-capital-region-ncr-1380601142
1380601143,133901143,Barangay 143,Barangay 143,barangay,1380601000,1300000000,,1380601000,,,,,U,PSGC-2026-Q2-2026-06-30,barangay-143-national-capital-region-ncr-1380601143
1380601144,133901144,Barangay 144,Barangay 144,barangay,1380601000,1300000000,,1380601000,,,,,U,PSGC-2026-Q2-2026-06-30,barangay-144-national-capital-region-ncr-1380601144
1380601145,133901145,Barangay 145,Barangay 145,barangay,1380601000,1300000000,,1380601000,,,,,U,PSGC-2026-Q2-2026-06-30,barangay-145-national-capital-region-ncr-1380601145
1380601146,133901146,Barangay 146,Barangay 146,barangay,1380601000,1300000000,,1380601000,,,,,U,PSGC-2026-Q2-2026-06-30,barangay-146-national-capital-region-ncr-1380601146
1380601147,133901147,Barangay 147,Barangay 147,barangay,1380601000,1300000000,,1380601000,,,,,U,PSGC-2026-Q2-2026-06-30,barangay-147-national-capital-region-ncr-1380601147
1380601148,133901148,Barangay 148,Barangay 148,barangay,1380601000,1300000000,,1380601000,,,,,U,PSGC-2026-Q2-2026-06-30,barangay-148-national-capital-region-ncr-1380601148
1380601149,133901149,Barangay 149,Barangay 149,barangay,1380601000,1300000000,,1380601000,,,,,U,PSGC-2026-Q2-2026-06-30,barangay-149-national-capital-region-ncr-1380601149
1380601150,133901150,Barangay 150,Barangay 150,barangay,1380601000,1300000000,,1380601000,,,,,U,PSGC-2026-Q2-2026-06-30,barangay-150-national-capital-region-ncr-1380601150
1380601151,133901151,Barangay 151,Barangay 151,barangay,1380601000,1300000000,,1380601000,,,,,U,PSGC-2026-Q2-2026-06-30,barangay-151-national-capital-region-ncr-1380601151
1380601152,133901152,Barangay 152,Barangay 152,barangay,1380601000,1300000000,,1380601000,,,,,U,PSGC-2026-Q2-2026-06-30,barangay-152-national-capital-region-ncr-1380601152
1380601153,133901153,Barangay 153,Barangay 153,barangay,1380601000,1300000000,,1380601000,,,,,U,PSGC-2026-Q2-2026-06-30,barangay-153-national-capital-region-ncr-1380601153
1380601154,133901154,Barangay 154,Barangay 154,barangay,1380601000,1300000000,,1380601000,,,,,U,PSGC-2026-Q2-2026-06-30,barangay-154-national-capital-region-ncr-1380601154
1380601155,133901155,Barangay 155,Barangay 155,barangay,1380601000,1300000000,,1380601000,,,,,U,PSGC-2026-Q2-2026-06-30,barangay-155-national-capital-region-ncr-1380601155
1380601156,133901156,Barangay 156,Barangay 156,barangay,1380601000,1300000000,,1380601000,,,,,U,PSGC-2026-Q2-2026-06-30,barangay-156-national-capital-region-ncr-1380601156
1380601157,133901157,Barangay 157,Barangay 157,barangay,1380601000,1300000000,,1380601000,,,,,U,PSGC-2026-Q2-2026-06-30,barangay-157-national-capital-region-ncr-1380601157
1380601158,133901158,Barangay 158,Barangay 158,barangay,1380601000,1300000000,,1380601000,,,,,U,PSGC-2026-Q2-2026-06-30,barangay-158-national-capital-region-ncr-1380601158
1380601159,133901159,Barangay 159,Barangay 159,barangay,1380601000,1300000000,,1380601000,,,,,U,PSGC-2026-Q2-2026-06-30,barangay-159-national-capital-region-ncr-1380601159
1380601160,133901160,Barangay 160,Barangay 160,barangay,1380601000,1300000000,,1380601000,,,,,U,PSGC-2026-Q2-2026-06-30,barangay-160-national-capital-region-ncr-1380601160
1380601161,133901161,Barangay 161,Barangay 161,barangay,1380601000,1300000000,,1380601000,,,,,U,PSGC-2026-Q2-2026-06-30,barangay-161-national-capital-region-ncr-1380601161
1380601162,133901162,Barangay 162,Barangay 162,barangay,1380601000,1300000000,,1380601000,,,,,U,PSGC-2026-Q2-2026-06-30,barangay-162-national-capital-region-ncr-1380601162
1380601163,133901163,Barangay 163,Barangay 163,barangay,1380601000,1300000000,,1380601000,,,,,U,PSGC-2026-Q2-2026-06-30,barangay-163-national-capital-region-ncr-1380601163
1380601164,133901164,Barangay 164,Barangay 164,barangay,1380601000,1300000000,,1380601000,,,,,U,PSGC-2026-Q2-2026-06-30,barangay-164-national-capital-region-ncr-1380601164
1380601165,133901165,Barangay 165,Barangay 165,barangay,1380601000,1300000000,,1380601000,,,,,U,PSGC-2026-Q2-2026-06-30,barangay-165-national-capital-region-ncr-1380601165
1380601166,133901166,Barangay 166,Barangay 166,barangay,1380601000,1300000000,,1380601000,,,,,U,PSGC-2026-Q2-2026-06-30,barangay-166-national-capital-region-ncr-1380601166
1380601167,133901167,Barangay 167,Barangay 167,barangay,1380601000,1300000000,,1380601000,,,,,U,PSGC-2026-Q2-2026-06-30,barangay-167-national-capital-region-ncr-1380601167
1380601168,133901168,Barangay 168,Barangay 168,barangay,1380601000,1300000000,,1380601000,,,,,U,PSGC-2026-Q2-2026-06-30,barangay-168-national-capital-region-ncr-1380601168
1380601169,133901169,Barangay 169,Barangay 169,barangay,1380601000,1300000000,,1380601000,,,,,U,PSGC-2026-Q2-2026-06-30,barangay-169-national-capital-region-ncr-1380601169
1380601170,133901170,Barangay 170,Barangay 170,barangay,1380601000,1300000000,,1380601000,,,,,U,PSGC-2026-Q2-2026-06-30,barangay-170-national-capital-region-ncr-1380601170
1380601171,133901171,Barangay 171,Barangay 171,barangay,1380601000,1300000000,,1380601000,,,,,U,PSGC-2026-Q2-2026-06-30,barangay-171-national-capital-region-ncr-1380601171
1380601172,133901172,Barangay 172,Barangay 172,barangay,1380601000,1300000000,,1380601000,,,,,U,PSGC-2026-Q2-2026-06-30,barangay-172-national-capital-region-ncr-1380601172
1380601173,133901173,Barangay 173,Barangay 173,barangay,1380601000,1300000000,,1380601000,,,,,U,PSGC-2026-Q2-2026-06-30,barangay-173-national-capital-region-ncr-1380601173
1380601174,133901174,Barangay 174,Barangay 174,barangay,1380601000,1300000000,,1380601000,,,,,U,PSGC-2026-Q2-2026-06-30,barangay-174-national-capital-region-ncr-1380601174
1380601175,133901175,Barangay 175,Barangay 175,barangay,1380601000,1300000000,,1380601000,,,,,U,PSGC-2026-Q2-2026-06-30,barangay-175-national-capital-region-ncr-1380601175
1380601176,133901176,Barangay 176,Barangay 176,barangay,1380601000,1300000000,,1380601000,,,,,U,PSGC-2026-Q2-2026-06-30,barangay-176-national-capital-region-ncr
1380601177,133901177,Barangay 177,Barangay 177,barangay,1380601000,1300000000,,1380601000,,,,,U,PSGC-2026-Q2-2026-06-30,barangay-177-national-capital-region-ncr-1380601177
1380601178,133901178,Barangay 178,Barangay 178,barangay,1380601000,1300000000,,1380601000,,,,,U,PSGC-2026-Q2-2026-06-30,barangay-178-national-capital-region-ncr-1380601178
1380601179,133901179,Barangay 179,Barangay 179,barangay,1380601000,1300000000,,1380601000,,,,,U,PSGC-2026-Q2-2026-06-30,barangay-179-national-capital-region-ncr-1380601179
1380601180,133901180,Barangay 180,Barangay 180,barangay,1380601000,1300000000,,1380601000,,,,,U,PSGC-2026-Q2-2026-06-30,barangay-180-national-capital-region-ncr-1380601180
1380601181,133901181,Barangay 181,Barangay 181,barangay,1380601000,1300000000,,1380601000,,,,,U,PSGC-2026-Q2-2026-06-30,barangay-181-national-capital-region-ncr-1380601181
1380601182,133901182,Barangay 182,Barangay 182,barangay,1380601000,1300000000,,1380601000,,,,,U,PSGC-2026-Q2-2026-06-30,barangay-182-national-capital-region-ncr-1380601182
1380601183,133901183,Barangay 183,Barangay 183,barangay,1380601000,1300000000,,1380601000,,,,,U,PSGC-2026-Q2-2026-06-30,barangay-183-national-capital-region-ncr-1380601183
1380601184,133901184,Barangay 184,Barangay 184,barangay,1380601000,1300000000,,1380601000,,,,,U,PSGC-2026-Q2-2026-06-30,barangay-184-national-capital-region-ncr-1380601184
1380601185,133901185,Barangay 185,Barangay 185,barangay,1380601000,1300000000,,1380601000,,,,,U,PSGC-2026-Q2-2026-06-30,barangay-185-national-capital-region-ncr-1380601185
1380601186,133901186,Barangay 186,Barangay 186,barangay,1380601000,1300000000,,1380601000,,,,,U,PSGC-2026-Q2-2026-06-30,barangay-186-national-capital-region-ncr-1380601186
1380601187,133901187,Barangay 187,Barangay 187,barangay,1380601000,1300000000,,1380601000,,,,,U,PSGC-2026-Q2-2026-06-30,barangay-187-national-capital-region-ncr-1380601187
1380601188,133901188,Barangay 188,Barangay 188,barangay,1380601000,1300000000,,1380601000,,,,,U,PSGC-2026-Q2-2026-06-30,barangay-188-national-capital-region-ncr-1380601188
1380601189,133901189,Barangay 189,Barangay 189,barangay,1380601000,1300000000,,1380601000,,,,,U,PSGC-2026-Q2-2026-06-30,barangay-189-national-capital-region-ncr
1380601190,133901190,Barangay 190,Barangay 190,barangay,1380601000,1300000000,,1380601000,,,,,U,PSGC-2026-Q2-2026-06-30,barangay-190-national-capital-region-ncr
1380601191,133901191,Barangay 191,Barangay 191,barangay,1380601000,1300000000,,1380601000,,,,,U,PSGC-2026-Q2-2026-06-30,barangay-191-national-capital-region-ncr
1380601192,133901192,Barangay 192,Barangay 192,barangay,1380601000,1300000000,,1380601000,,,,,U,PSGC-2026-Q2-2026-06-30,barangay-192-national-capital-region-ncr
1380601193,133901193,Barangay 193,Barangay 193,barangay,1380601000,1300000000,,1380601000,,,,,U,PSGC-2026-Q2-2026-06-30,barangay-193-national-capital-region-ncr
1380601194,133901194,Barangay 194,Barangay 194,barangay,1380601000,1300000000,,1380601000,,,,,U,PSGC-2026-Q2-2026-06-30,barangay-194-national-capital-region-ncr
1380601195,133901195,Barangay 195,Barangay 195,barangay,1380601000,1300000000,,1380601000,,,,,U,PSGC-2026-Q2-2026-06-30,barangay-195-national-capital-region-ncr
1380601196,133901196,Barangay 196,Barangay 196,barangay,1380601000,1300000000,,1380601000,,,,,U,PSGC-2026-Q2-2026-06-30,barangay-196-national-capital-region-ncr
1380601197,133901197,Barangay 197,Barangay 197,barangay,1380601000,1300000000,,1380601000,,,,,U,PSGC-2026-Q2-2026-06-30,barangay-197-national-capital-region-ncr
1380601198,133901198,Barangay 198,Barangay 198,barangay,1380601000,1300000000,,1380601000,,,,,U,PSGC-2026-Q2-2026-06-30,barangay-198-national-capital-region-ncr
1380601199,133901199,Barangay 199,Barangay 199,barangay,1380601000,1300000000,,1380601000,,,,,U,PSGC-2026-Q2-2026-06-30,barangay-199-national-capital-region-ncr
1380601200,133901200,Barangay 200,Barangay 200,barangay,1380601000,1300000000,,1380601000,,,,,U,PSGC-2026-Q2-2026-06-30,barangay-200-national-capital-region-ncr
1380601201,133901201,Barangay 201,Barangay 201,barangay,1380601000,1300000000,,1380601000,,,,,U,PSGC-2026-Q2-2026-06-30,barangay-201-national-capital-region-ncr
1380601202,133901202,Barangay 202,Barangay 202,barangay,1380601000,1300000000,,1380601000,,,,,U,PSGC-2026-Q2-2026-06-30,barangay-202
1380601203,133901203,Barangay 202-A,Barangay 202-A,barangay,1380601000,1300000000,,1380601000,,,,,U,PSGC-2026-Q2-2026-06-30,barangay-202-a
1380601204,133901204,Barangay 203,Barangay 203,barangay,1380601000,1300000000,,1380601000,,,,,U,PSGC-2026-Q2-2026-06-30,barangay-203
1380601205,133901205,Barangay 204,Barangay 204,barangay,1380601000,1300000000,,1380601000,,,,,U,PSGC-2026-Q2-2026-06-30,barangay-204
1380601206,133901206,Barangay 205,Barangay 205,barangay,1380601000,1300000000,,1380601000,,,,,U,PSGC-2026-Q2-2026-06-30,barangay-205
1380601207,133901207,Barangay 206,Barangay 206,barangay,1380601000,1300000000,,1380601000,,,,,U,PSGC-2026-Q2-2026-06-30,barangay-206
1380601208,133901208,Barangay 207,Barangay 207,barangay,1380601000,1300000000,,1380601000,,,,,U,PSGC-2026-Q2-2026-06-30,barangay-207
1380601209,133901209,Barangay 208,Barangay 208,barangay,1380601000,1300000000,,1380601000,,,,,U,PSGC-2026-Q2-2026-06-30,barangay-208
1380601210,133901210,Barangay 209,Barangay 209,barangay,1380601000,1300000000,,1380601000,,,,,U,PSGC-2026-Q2-2026-06-30,barangay-209
1380601211,133901211,Barangay 210,Barangay 210,barangay,1380601000,1300000000,,1380601000,,,,,U,PSGC-2026-Q2-2026-06-30,barangay-210
1380601212,133901212,Barangay 211,Barangay 211,barangay,1380601000,1300000000,,1380601000,,,,,U,PSGC-2026-Q2-2026-06-30,barangay-211
1380601213,133901213,Barangay 212,Barangay 212,barangay,1380601000,1300000000,,1380601000,,,,,U,PSGC-2026-Q2-2026-06-30,barangay-212
1380601214,133901214,Barangay 213,Barangay 213,barangay,1380601000,1300000000,,1380601000,,,,,U,PSGC-2026-Q2-2026-06-30,barangay-213
1380601215,133901215,Barangay 214,Barangay 214,barangay,1380601000,1300000000,,1380601000,,,,,U,PSGC-2026-Q2-2026-06-30,barangay-214
1380601216,133901216,Barangay 215,Barangay 215,barangay,1380601000,1300000000,,1380601000,,,,,U,PSGC-2026-Q2-2026-06-30,barangay-215
1380601217,133901217,Barangay 216,Barangay 216,barangay,1380601000,1300000000,,1380601000,,,,,U,PSGC-2026-Q2-2026-06-30,barangay-216
1380601218,133901218,Barangay 217,Barangay 217,barangay,1380601000,1300000000,,1380601000,,,,,U,PSGC-2026-Q2-2026-06-30,barangay-217
1380601219,133901219,Barangay 218,Barangay 218,barangay,1380601000,1300000000,,1380601000,,,,,U,PSGC-2026-Q2-2026-06-30,barangay-218
1380601220,133901220,Barangay 219,Barangay 219,barangay,1380601000,1300000000,,1380601000,,,,,U,PSGC-2026-Q2-2026-06-30,barangay-219
1380601221,133901221,Barangay 220,Barangay 220,barangay,1380601000,1300000000,,1380601000,,,,,U,PSGC-2026-Q2-2026-06-30,barangay-220
1380601222,133901222,Barangay 221,Barangay 221,barangay,1380601000,1300000000,,1380601000,,,,,U,PSGC-2026-Q2-2026-06-30,barangay-221
1380601223,133901223,Barangay 222,Barangay 222,barangay,1380601000,1300000000,,1380601000,,,,,U,PSGC-2026-Q2-2026-06-30,barangay-222
1380601224,133901224,Barangay 223,Barangay 223,barangay,1380601000,1300000000,,1380601000,,,,,U,PSGC-2026-Q2-2026-06-30,barangay-223
1380601225,133901225,Barangay 224,Barangay 224,barangay,1380601000,1300000000,,1380601000,,,,,U,PSGC-2026-Q2-2026-06-30,barangay-224
1380601226,133901226,Barangay 225,Barangay 225,barangay,1380601000,1300000000,,1380601000,,,,,U,PSGC-2026-Q2-2026-06-30,barangay-225
1380601227,133901227,Barangay 226,Barangay 226,barangay,1380601000,1300000000,,1380601000,,,,,U,PSGC-2026-Q2-2026-06-30,barangay-226
1380601228,133901228,Barangay 227,Barangay 227,barangay,1380601000,1300000000,,1380601000,,,,,U,PSGC-2026-Q2-2026-06-30,barangay-227
1380601229,133901229,Barangay 228,Barangay 228,barangay,1380601000,1300000000,,1380601000,,,,,U,PSGC-2026-Q2-2026-06-30,barangay-228
1380601230,133901230,Barangay 229,Barangay 229,barangay,1380601000,1300000000,,1380601000,,,,,U,PSGC-2026-Q2-2026-06-30,barangay-229
1380601231,133901231,Barangay 230,Barangay 230,barangay,1380601000,1300000000,,1380601000,,,,,U,PSGC-2026-Q2-2026-06-30,barangay-230
1380601232,133901232,Barangay 231,Barangay 231,barangay,1380601000,1300000000,,1380601000,,,,,U,PSGC-2026-Q2-2026-06-30,barangay-231
1380601233,133901233,Barangay 232,Barangay 232,barangay,1380601000,1300000000,,1380601000,,,,,U,PSGC-2026-Q2-2026-06-30,barangay-232
1380601234,133901234,Barangay 233,Barangay 233,barangay,1380601000,1300000000,,1380601000,,,,,U,PSGC-2026-Q2-2026-06-30,barangay-233
1380601235,133901235,Barangay 234,Barangay 234,barangay,1380601000,1300000000,,1380601000,,,,,U,PSGC-2026-Q2-2026-06-30,barangay-234
1380601236,133901236,Barangay 235,Barangay 235,barangay,1380601000,1300000000,,1380601000,,,,,U,PSGC-2026-Q2-2026-06-30,barangay-235
1380601237,133901237,Barangay 236,Barangay 236,barangay,1380601000,1300000000,,1380601000,,,,,U,PSGC-2026-Q2-2026-06-30,barangay-236
1380601238,133901238,Barangay 237,Barangay 237,barangay,1380601000,1300000000,,1380601000,,,,,U,PSGC-2026-Q2-2026-06-30,barangay-237
1380601239,133901239,Barangay 238,Barangay 238,barangay,1380601000,1300000000,,1380601000,,,,,U,PSGC-2026-Q2-2026-06-30,barangay-238
1380601240,133901240,Barangay 239,Barangay 239,barangay,1380601000,1300000000,,1380601000,,,,,U,PSGC-2026-Q2-2026-06-30,barangay-239
1380601241,133901241,Barangay 240,Barangay 240,barangay,1380601000,1300000000,,1380601000,,,,,U,PSGC-2026-Q2-2026-06-30,barangay-240
1380601242,133901242,Barangay 241,Barangay 241,barangay,1380601000,1300000000,,1380601000,,,,,U,PSGC-2026-Q2-2026-06-30,barangay-241
1380601243,133901243,Barangay 242,Barangay 242,barangay,1380601000,1300000000,,1380601000,,,,,U,PSGC-2026-Q2-2026-06-30,barangay-242
1380601244,133901244,Barangay 243,Barangay 243,barangay,1380601000,1300000000,,1380601000,,,,,U,PSGC-2026-Q2-2026-06-30,barangay-243
1380601245,133901245,Barangay 244,Barangay 244,barangay,1380601000,1300000000,,1380601000,,,,,U,PSGC-2026-Q2-2026-06-30,barangay-244
1380601246,133901246,Barangay 245,Barangay 245,barangay,1380601000,1300000000,,1380601000,,,,,U,PSGC-2026-Q2-2026-06-30,barangay-245
1380601247,133901247,Barangay 246,Barangay 246,barangay,1380601000,1300000000,,1380601000,,,,,U,PSGC-2026-Q2-2026-06-30,barangay-246
1380601248,133901248,Barangay 247,Barangay 247,barangay,1380601000,1300000000,,1380601000,,,,,U,PSGC-2026-Q2-2026-06-30,barangay-247
1380601249,133901249,Barangay 248,Barangay 248,barangay,1380601000,1300000000,,1380601000,,,,,U,PSGC-2026-Q2-2026-06-30,barangay-248
1380601250,133901250,Barangay 249,Barangay 249,barangay,1380601000,1300000000,,1380601000,,,,,U,PSGC-2026-Q2-2026-06-30,barangay-249
1380601251,133901251,Barangay 250,Barangay 250,barangay,1380601000,1300000000,,1380601000,,,,,U,PSGC-2026-Q2-2026-06-30,barangay-250
1380601252,133901252,Barangay 251,Barangay 251,barangay,1380601000,1300000000,,1380601000,,,,,U,PSGC-2026-Q2-2026-06-30,barangay-251
1380601253,133901253,Barangay 252,Barangay 252,barangay,1380601000,1300000000,,1380601000,,,,,U,PSGC-2026-Q2-2026-06-30,barangay-252
1380601254,133901254,Barangay 253,Barangay 253,barangay,1380601000,1300000000,,1380601000,,,,,U,PSGC-2026-Q2-2026-06-30,barangay-253
1380601255,133901255,Barangay 254,Barangay 254,barangay,1380601000,1300000000,,1380601000,,,,,U,PSGC-2026-Q2-2026-06-30,barangay-254
1380601256,133901256,Barangay 255,Barangay 255,barangay,1380601000,1300000000,,1380601000,,,,,U,PSGC-2026-Q2-2026-06-30,barangay-255
1380601257,133901257,Barangay 256,Barangay 256,barangay,1380601000,1300000000,,1380601000,,,,,U,PSGC-2026-Q2-2026-06-30,barangay-256
1380601258,133901258,Barangay 257,Barangay 257,barangay,1380601000,1300000000,,1380601000,,,,,U,PSGC-2026-Q2-2026-06-30,barangay-257
1380601259,133901259,Barangay 258,Barangay 258,barangay,1380601000,1300000000,,1380601000,,,,,U,PSGC-2026-Q2-2026-06-30,barangay-258
1380601260,133901260,Barangay 259,Barangay 259,barangay,1380601000,1300000000,,1380601000,,,,,U,PSGC-2026-Q2-2026-06-30,barangay-259
1380601261,133901261,Barangay 260,Barangay 260,barangay,1380601000,1300000000,,1380601000,,,,,U,PSGC-2026-Q2-2026-06-30,barangay-260
1380601262,133901262,Barangay 261,Barangay 261,barangay,1380601000,1300000000,,1380601000,,,,,U,PSGC-2026-Q2-2026-06-30,barangay-261
1380601263,133901263,Barangay 262,Barangay 262,barangay,1380601000,1300000000,,1380601000,,,,,U,PSGC-2026-Q2-2026-06-30,barangay-262
1380601264,133901264,Barangay 263,Barangay 263,barangay,1380601000,1300000000,,1380601000,,,,,U,PSGC-2026-Q2-2026-06-30,barangay-263
1380601265,133901265,Barangay 264,Barangay 264,barangay,1380601000,1300000000,,1380601000,,,,,U,PSGC-2026-Q2-2026-06-30,barangay-264
1380601266,133901266,Barangay 265,Barangay 265,barangay,1380601000,1300000000,,1380601000,,,,,U,PSGC-2026-Q2-2026-06-30,barangay-265
1380601267,133901267,Barangay 266,Barangay 266,barangay,1380601000,1300000000,,1380601000,,,,,U,PSGC-2026-Q2-2026-06-30,barangay-266
1380601268,133901268,Barangay 267,Barangay 267,barangay,1380601000,1300000000,,1380601000,,,,,U,PSGC-2026-Q2-2026-06-30,barangay-267
1380602000,133902000,Binondo,Binondo,submunicipality,1380600000,1300000000,,1380600000,,,,,,PSGC-2026-Q2-2026-06-30,binondo
1380602001,133902001,Barangay 287,Barangay 287,barangay,1380602000,1300000000,,1380602000,,,,,U,PSGC-2026-Q2-2026-06-30,barangay-287
1380602002,133902002,Barangay 288,Barangay 288,barangay,1380602000,1300000000,,1380602000,,,,,U,PSGC-2026-Q2-2026-06-30,barangay-288
1380602003,133902003,Barangay 289,Barangay 289,barangay,1380602000,1300000000,,1380602000,,,,,U,PSGC-2026-Q2-2026-06-30,barangay-289
1380602004,133902004,Barangay 290,Barangay 290,barangay,1380602000,1300000000,,1380602000,,,,,U,PSGC-2026-Q2-2026-06-30,barangay-290
1380602005,133902005,Barangay 291,Barangay 291,barangay,1380602000,1300000000,,1380602000,,,,,U,PSGC-2026-Q2-2026-06-30,barangay-291
1380602006,133902006,Barangay 292,Barangay 292,barangay,1380602000,1300000000,,1380602000,,,,,U,PSGC-2026-Q2-2026-06-30,barangay-292
1380602007,133902007,Barangay 293,Barangay 293,barangay,1380602000,1300000000,,1380602000,,,,,U,PSGC-2026-Q2-2026-06-30,barangay-293
1380602008,133902008,Barangay 294,Barangay 294,barangay,1380602000,1300000000,,1380602000,,,,,U,PSGC-2026-Q2-2026-06-30,barangay-294
1380602009,133902009,Barangay 295,Barangay 295,barangay,1380602000,1300000000,,1380602000,,,,,U,PSGC-2026-Q2-2026-06-30,barangay-295
1380602010,133902010,Barangay 296,Barangay 296,barangay,1380602000,1300000000,,1380602000,,,,,U,PSGC-2026-Q2-2026-06-30,barangay-296
1380603000,133903000,Quiapo,Quiapo,submunicipality,1380600000,1300000000,,1380600000,,,,,,PSGC-2026-Q2-2026-06-30,quiapo
1380603003,133903003,Barangay 383,Barangay 383,barangay,1380603000,1300000000,,1380603000,,,,,U,PSGC-2026-Q2-2026-06-30,barangay-383
1380603004,133903004,Barangay 384,Barangay 384,barangay,1380603000,1300000000,,1380603000,,,,,U,PSGC-2026-Q2-2026-06-30,barangay-384
1380603005,133903005,Barangay 385,Barangay 385,barangay,1380603000,1300000000,,1380603000,,,,,U,PSGC-2026-Q2-2026-06-30,barangay-385
1380603006,133903006,Barangay 386,Barangay 386,barangay,1380603000,1300000000,,1380603000,,,,,U,PSGC-2026-Q2-2026-06-30,barangay-386
1380603007,133903007,Barangay 387,Barangay 387,barangay,1380603000,1300000000,,1380603000,,,,,U,PSGC-2026-Q2-2026-06-30,barangay-387
1380603008,133903008,Barangay 388,Barangay 388,barangay,1380603000,1300000000,,1380603000,,,,,U,PSGC-2026-Q2-2026-06-30,barangay-388
1380603009,133903009,Barangay 389,Barangay 389,barangay,1380603000,1300000000,,1380603000,,,,,U,PSGC-2026-Q2-2026-06-30,barangay-389
1380603010,133903010,Barangay 390,Barangay 390,barangay,1380603000,1300000000,,1380603000,,,,,U,PSGC-2026-Q2-2026-06-30,barangay-390
1380603011,133903011,Barangay 391,Barangay 391,barangay,1380603000,1300000000,,1380603000,,,,,U,PSGC-2026-Q2-2026-06-30,barangay-391
1380603012,133903012,Barangay 392,Barangay 392,barangay,1380603000,1300000000,,1380603000,,,,,U,PSGC-2026-Q2-2026-06-30,barangay-392
1380603013,133903013,Barangay 393,Barangay 393,barangay,1380603000,1300000000,,1380603000,,,,,U,PSGC-2026-Q2-2026-06-30,barangay-393
1380603014,133903014,Barangay 394,Barangay 394,barangay,1380603000,1300000000,,1380603000,,,,,U,PSGC-2026-Q2-2026-06-30,barangay-394
1380603015,133903015,Barangay 306,Barangay 306,barangay,1380603000,1300000000,,1380603000,,,,,U,PSGC-2026-Q2-2026-06-30,barangay-306
1380603016,133903016,Barangay 307,Barangay 307,barangay,1380603000,1300000000,,1380603000,,,,,U,PSGC-2026-Q2-2026-06-30,barangay-307
1380603017,133903017,Barangay 308,Barangay 308,barangay,1380603000,1300000000,,1380603000,,,,,U,PSGC-2026-Q2-2026-06-30,barangay-308
1380603018,133903018,Barangay 309,Barangay 309,barangay,1380603000,1300000000,,1380603000,,,,,U,PSGC-2026-Q2-2026-06-30,barangay-309
1380604000,133904000,San Nicolas,San Nicolas,submunicipality,1380600000,1300000000,,1380600000,,,,,,PSGC-2026-Q2-2026-06-30,san-nicolas-national-capital-region-ncr
1380604001,133904001,Barangay 268,Barangay 268,barangay,1380604000,1300000000,,1380604000,,,,,U,PSGC-2026-Q2-2026-06-30,barangay-268
1380604002,133904002,Barangay 269,Barangay 269,barangay,1380604000,1300000000,,1380604000,,,,,U,PSGC-2026-Q2-2026-06-30,barangay-269
1380604003,133904003,Barangay 270,Barangay 270,barangay,1380604000,1300000000,,1380604000,,,,,U,PSGC-2026-Q2-2026-06-30,barangay-270
1380604004,133904004,Barangay 271,Barangay 271,barangay,1380604000,1300000000,,1380604000,,,,,U,PSGC-2026-Q2-2026-06-30,barangay-271
1380604005,133904005,Barangay 272,Barangay 272,barangay,1380604000,1300000000,,1380604000,,,,,U,PSGC-2026-Q2-2026-06-30,barangay-272
1380604006,133904006,Barangay 273,Barangay 273,barangay,1380604000,1300000000,,1380604000,,,,,U,PSGC-2026-Q2-2026-06-30,barangay-273
1380604007,133904007,Barangay 274,Barangay 274,barangay,1380604000,1300000000,,1380604000,,,,,U,PSGC-2026-Q2-2026-06-30,barangay-274
1380604008,133904008,Barangay 275,Barangay 275,barangay,1380604000,1300000000,,1380604000,,,,,U,PSGC-2026-Q2-2026-06-30,barangay-275
1380604009,133904009,Barangay 276,Barangay 276,barangay,1380604000,1300000000,,1380604000,,,,,U,PSGC-2026-Q2-2026-06-30,barangay-276
1380604014,133904014,Barangay 281,Barangay 281,barangay,1380604000,1300000000,,1380604000,,,,,U,PSGC-2026-Q2-2026-06-30,barangay-281
1380604015,133904015,Barangay 282,Barangay 282,barangay,1380604000,1300000000,,1380604000,,,,,U,PSGC-2026-Q2-2026-06-30,barangay-282
1380604016,133904016,Barangay 283,Barangay 283,barangay,1380604000,1300000000,,1380604000,,,,,U,PSGC-2026-Q2-2026-06-30,barangay-283
1380604017,133904017,Barangay 284,Barangay 284,barangay,1380604000,1300000000,,1380604000,,,,,U,PSGC-2026-Q2-2026-06-30,barangay-284
1380604018,133904018,Barangay 285,Barangay 285,barangay,1380604000,1300000000,,1380604000,,,,,U,PSGC-2026-Q2-2026-06-30,barangay-285
1380604019,133904019,Barangay 286,Barangay 286,barangay,1380604000,1300000000,,1380604000,,,,,U,PSGC-2026-Q2-2026-06-30,barangay-286
1380605000,133905000,Santa Cruz,Santa Cruz,submunicipality,1380600000,1300000000,,1380600000,,,,,,PSGC-2026-Q2-2026-06-30,santa-cruz-national-capital-region-ncr
1380605001,133905001,Barangay 297,Barangay 297,barangay,1380605000,1300000000,,1380605000,,,,,U,PSGC-2026-Q2-2026-06-30,barangay-297
1380605002,133905002,Barangay 298,Barangay 298,barangay,1380605000,1300000000,,1380605000,,,,,U,PSGC-2026-Q2-2026-06-30,barangay-298
1380605003,133905003,Barangay 299,Barangay 299,barangay,1380605000,1300000000,,1380605000,,,,,U,PSGC-2026-Q2-2026-06-30,barangay-299
1380605004,133905004,Barangay 300,Barangay 300,barangay,1380605000,1300000000,,1380605000,,,,,U,PSGC-2026-Q2-2026-06-30,barangay-300
1380605005,133905005,Barangay 301,Barangay 301,barangay,1380605000,1300000000,,1380605000,,,,,U,PSGC-2026-Q2-2026-06-30,barangay-301
1380605006,133905006,Barangay 302,Barangay 302,barangay,1380605000,1300000000,,1380605000,,,,,U,PSGC-2026-Q2-2026-06-30,barangay-302
1380605007,133905007,Barangay 303,Barangay 303,barangay,1380605000,1300000000,,1380605000,,,,,U,PSGC-2026-Q2-2026-06-30,barangay-303
1380605008,133905008,Barangay 304,Barangay 304,barangay,1380605000,1300000000,,1380605000,,,,,U,PSGC-2026-Q2-2026-06-30,barangay-304
1380605009,133905009,Barangay 305,Barangay 305,barangay,1380605000,1300000000,,1380605000,,,,,U,PSGC-2026-Q2-2026-06-30,barangay-305
1380605012,133905012,Barangay 310,Barangay 310,barangay,1380605000,1300000000,,1380605000,,,,,U,PSGC-2026-Q2-2026-06-30,barangay-310
1380605013,133905013,Barangay 311,Barangay 311,barangay,1380605000,1300000000,,1380605000,,,,,U,PSGC-2026-Q2-2026-06-30,barangay-311
1380605014,133905014,Barangay 312,Barangay 312,barangay,1380605000,1300000000,,1380605000,,,,,U,PSGC-2026-Q2-2026-06-30,barangay-312
1380605015,133905015,Barangay 313,Barangay 313,barangay,1380605000,1300000000,,1380605000,,,,,U,PSGC-2026-Q2-2026-06-30,barangay-313
1380605016,133905016,Barangay 314,Barangay 314,barangay,1380605000,1300000000,,1380605000,,,,,U,PSGC-2026-Q2-2026-06-30,barangay-314
1380605017,133905017,Barangay 315,Barangay 315,barangay,1380605000,1300000000,,1380605000,,,,,U,PSGC-2026-Q2-2026-06-30,barangay-315
1380605018,133905018,Barangay 316,Barangay 316,barangay,1380605000,1300000000,,1380605000,,,,,U,PSGC-2026-Q2-2026-06-30,barangay-316
1380605019,133905019,Barangay 317,Barangay 317,barangay,1380605000,1300000000,,1380605000,,,,,U,PSGC-2026-Q2-2026-06-30,barangay-317
1380605020,133905020,Barangay 318,Barangay 318,barangay,1380605000,1300000000,,1380605000,,,,,U,PSGC-2026-Q2-2026-06-30,barangay-318
1380605021,133905021,Barangay 319,Barangay 319,barangay,1380605000,1300000000,,1380605000,,,,,U,PSGC-2026-Q2-2026-06-30,barangay-319
1380605022,133905022,Barangay 320,Barangay 320,barangay,1380605000,1300000000,,1380605000,,,,,U,PSGC-2026-Q2-2026-06-30,barangay-320
1380605023,133905023,Barangay 321,Barangay 321,barangay,1380605000,1300000000,,1380605000,,,,,U,PSGC-2026-Q2-2026-06-30,barangay-321
1380605024,133905024,Barangay 322,Barangay 322,barangay,1380605000,1300000000,,1380605000,,,,,U,PSGC-2026-Q2-2026-06-30,barangay-322
1380605025,133905025,Barangay 323,Barangay 323,barangay,1380605000,1300000000,,1380605000,,,,,U,PSGC-2026-Q2-2026-06-30,barangay-323
1380605026,133905026,Barangay 324,Barangay 324,barangay,1380605000,1300000000,,1380605000,,,,,U,PSGC-2026-Q2-2026-06-30,barangay-324
1380605027,133905027,Barangay 325,Barangay 325,barangay,1380605000,1300000000,,1380605000,,,,,U,PSGC-2026-Q2-2026-06-30,barangay-325
1380605028,133905028,Barangay 326,Barangay 326,barangay,1380605000,1300000000,,1380605000,,,,,U,PSGC-2026-Q2-2026-06-30,barangay-326
1380605029,133905029,Barangay 327,Barangay 327,barangay,1380605000,1300000000,,1380605000,,,,,U,PSGC-2026-Q2-2026-06-30,barangay-327
1380605030,133905030,Barangay 328,Barangay 328,barangay,1380605000,1300000000,,1380605000,,,,,U,PSGC-2026-Q2-2026-06-30,barangay-328
1380605031,133905031,Barangay 329,Barangay 329,barangay,1380605000,1300000000,,1380605000,,,,,U,PSGC-2026-Q2-2026-06-30,barangay-329
1380605032,133905032,Barangay 330,Barangay 330,barangay,1380605000,1300000000,,1380605000,,,,,U,PSGC-2026-Q2-2026-06-30,barangay-330
1380605033,133905033,Barangay 331,Barangay 331,barangay,1380605000,1300000000,,1380605000,,,,,U,PSGC-2026-Q2-2026-06-30,barangay-331
1380605034,133905034,Barangay 332,Barangay 332,barangay,1380605000,1300000000,,1380605000,,,,,U,PSGC-2026-Q2-2026-06-30,barangay-332
1380605035,133905035,Barangay 333,Barangay 333,barangay,1380605000,1300000000,,1380605000,,,,,U,PSGC-2026-Q2-2026-06-30,barangay-333
1380605036,133905036,Barangay 334,Barangay 334,barangay,1380605000,1300000000,,1380605000,,,,,U,PSGC-2026-Q2-2026-06-30,barangay-334
1380605037,133905037,Barangay 335,Barangay 335,barangay,1380605000,1300000000,,1380605000,,,,,U,PSGC-2026-Q2-2026-06-30,barangay-335
1380605038,133905038,Barangay 336,Barangay 336,barangay,1380605000,1300000000,,1380605000,,,,,U,PSGC-2026-Q2-2026-06-30,barangay-336
1380605039,133905039,Barangay 337,Barangay 337,barangay,1380605000,1300000000,,1380605000,,,,,U,PSGC-2026-Q2-2026-06-30,barangay-337
1380605040,133905040,Barangay 338,Barangay 338,barangay,1380605000,1300000000,,1380605000,,,,,U,PSGC-2026-Q2-2026-06-30,barangay-338
1380605041,133905041,Barangay 339,Barangay 339,barangay,1380605000,1300000000,,1380605000,,,,,U,PSGC-2026-Q2-2026-06-30,barangay-339
1380605042,133905042,Barangay 340,Barangay 340,barangay,1380605000,1300000000,,1380605000,,,,,U,PSGC-2026-Q2-2026-06-30,barangay-340
1380605043,133905043,Barangay 341,Barangay 341,barangay,1380605000,1300000000,,1380605000,,,,,U,PSGC-2026-Q2-2026-06-30,barangay-341
1380605044,133905044,Barangay 342,Barangay 342,barangay,1380605000,1300000000,,1380605000,,,,,U,PSGC-2026-Q2-2026-06-30,barangay-342
1380605045,133905045,Barangay 343,Barangay 343,barangay,1380605000,1300000000,,1380605000,,,,,U,PSGC-2026-Q2-2026-06-30,barangay-343
1380605046,133905046,Barangay 344,Barangay 344,barangay,1380605000,1300000000,,1380605000,,,,,U,PSGC-2026-Q2-2026-06-30,barangay-344
1380605047,133905047,Barangay 345,Barangay 345,barangay,1380605000,1300000000,,1380605000,,,,,U,PSGC-2026-Q2-2026-06-30,barangay-345
1380605048,133905048,Barangay 346,Barangay 346,barangay,1380605000,1300000000,,1380605000,,,,,U,PSGC-2026-Q2-2026-06-30,barangay-346
1380605049,133905049,Barangay 347,Barangay 347,barangay,1380605000,1300000000,,1380605000,,,,,U,PSGC-2026-Q2-2026-06-30,barangay-347
1380605050,133905050,Barangay 348,Barangay 348,barangay,1380605000,1300000000,,1380605000,,,,,U,PSGC-2026-Q2-2026-06-30,barangay-348
1380605051,133905051,Barangay 349,Barangay 349,barangay,1380605000,1300000000,,1380605000,,,,,U,PSGC-2026-Q2-2026-06-30,barangay-349
1380605052,133905052,Barangay 350,Barangay 350,barangay,1380605000,1300000000,,1380605000,,,,,U,PSGC-2026-Q2-2026-06-30,barangay-350
1380605053,133905053,Barangay 351,Barangay 351,barangay,1380605000,1300000000,,1380605000,,,,,U,PSGC-2026-Q2-2026-06-30,barangay-351
1380605054,133905054,Barangay 352,Barangay 352,barangay,1380605000,1300000000,,1380605000,,,,,U,PSGC-2026-Q2-2026-06-30,barangay-352
1380605055,133905055,Barangay 353,Barangay 353,barangay,1380605000,1300000000,,1380605000,,,,,U,PSGC-2026-Q2-2026-06-30,barangay-353
1380605056,133905056,Barangay 354,Barangay 354,barangay,1380605000,1300000000,,1380605000,,,,,U,PSGC-2026-Q2-2026-06-30,barangay-354
1380605057,133905057,Barangay 355,Barangay 355,barangay,1380605000,1300000000,,1380605000,,,,,U,PSGC-2026-Q2-2026-06-30,barangay-355
1380605058,133905058,Barangay 356,Barangay 356,barangay,1380605000,1300000000,,1380605000,,,,,U,PSGC-2026-Q2-2026-06-30,barangay-356
1380605059,133905059,Barangay 357,Barangay 357,barangay,1380605000,1300000000,,1380605000,,,,,U,PSGC-2026-Q2-2026-06-30,barangay-357
1380605060,133905060,Barangay 358,Barangay 358,barangay,1380605000,1300000000,,1380605000,,,,,U,PSGC-2026-Q2-2026-06-30,barangay-358
1380605061,133905061,Barangay 359,Barangay 359,barangay,1380605000,1300000000,,1380605000,,,,,U,PSGC-2026-Q2-2026-06-30,barangay-359
1380605062,133905062,Barangay 360,Barangay 360,barangay,1380605000,1300000000,,1380605000,,,,,U,PSGC-2026-Q2-2026-06-30,barangay-360
1380605063,133905063,Barangay 361,Barangay 361,barangay,1380605000,1300000000,,1380605000,,,,,U,PSGC-2026-Q2-2026-06-30,barangay-361
1380605064,133905064,Barangay 362,Barangay 362,barangay,1380605000,1300000000,,1380605000,,,,,U,PSGC-2026-Q2-2026-06-30,barangay-362
1380605065,133905065,Barangay 363,Barangay 363,barangay,1380605000,1300000000,,1380605000,,,,,U,PSGC-2026-Q2-2026-06-30,barangay-363
1380605066,133905066,Barangay 364,Barangay 364,barangay,1380605000,1300000000,,1380605000,,,,,U,PSGC-2026-Q2-2026-06-30,barangay-364
1380605067,133905067,Barangay 365,Barangay 365,barangay,1380605000,1300000000,,1380605000,,,,,U,PSGC-2026-Q2-2026-06-30,barangay-365
1380605069,133905069,Barangay 366,Barangay 366,barangay,1380605000,1300000000,,1380605000,,,,,U,PSGC-2026-Q2-2026-06-30,barangay-366
1380605070,133905070,Barangay 367,Barangay 367,barangay,1380605000,1300000000,,1380605000,,,,,U,PSGC-2026-Q2-2026-06-30,barangay-367
1380605071,133905071,Barangay 368,Barangay 368,barangay,1380605000,1300000000,,1380605000,,,,,U,PSGC-2026-Q2-2026-06-30,barangay-368
1380605072,133905072,Barangay 369,Barangay 369,barangay,1380605000,1300000000,,1380605000,,,,,U,PSGC-2026-Q2-2026-06-30,barangay-369
1380605073,133905073,Barangay 370,Barangay 370,barangay,1380605000,1300000000,,1380605000,,,,,U,PSGC-2026-Q2-2026-06-30,barangay-370
1380605074,133905074,Barangay 371,Barangay 371,barangay,1380605000,1300000000,,1380605000,,,,,U,PSGC-2026-Q2-2026-06-30,barangay-371
1380605075,133905075,Barangay 372,Barangay 372,barangay,1380605000,1300000000,,1380605000,,,,,U,PSGC-2026-Q2-2026-06-30,barangay-372
1380605076,133905076,Barangay 373,Barangay 373,barangay,1380605000,1300000000,,1380605000,,,,,U,PSGC-2026-Q2-2026-06-30,barangay-373
1380605077,133905077,Barangay 374,Barangay 374,barangay,1380605000,1300000000,,1380605000,,,,,U,PSGC-2026-Q2-2026-06-30,barangay-374
1380605078,133905078,Barangay 375,Barangay 375,barangay,1380605000,1300000000,,1380605000,,,,,U,PSGC-2026-Q2-2026-06-30,barangay-375
1380605079,133905079,Barangay 376,Barangay 376,barangay,1380605000,1300000000,,1380605000,,,,,U,PSGC-2026-Q2-2026-06-30,barangay-376
1380605080,133905080,Barangay 377,Barangay 377,barangay,1380605000,1300000000,,1380605000,,,,,U,PSGC-2026-Q2-2026-06-30,barangay-377
1380605081,133905081,Barangay 378,Barangay 378,barangay,1380605000,1300000000,,1380605000,,,,,U,PSGC-2026-Q2-2026-06-30,barangay-378
1380605082,133905082,Barangay 379,Barangay 379,barangay,1380605000,1300000000,,1380605000,,,,,U,PSGC-2026-Q2-2026-06-30,barangay-379
1380605083,133905083,Barangay 380,Barangay 380,barangay,1380605000,1300000000,,1380605000,,,,,U,PSGC-2026-Q2-2026-06-30,barangay-380
1380605084,133905084,Barangay 381,Barangay 381,barangay,1380605000,1300000000,,1380605000,,,,,U,PSGC-2026-Q2-2026-06-30,barangay-381
1380605085,133905085,Barangay 382,Barangay 382,barangay,1380605000,1300000000,,1380605000,,,,,U,PSGC-2026-Q2-2026-06-30,barangay-382
1380606000,133906000,Sampaloc,Sampaloc,submunicipality,1380600000,1300000000,,1380600000,,,,,,PSGC-2026-Q2-2026-06-30,sampaloc-national-capital-region-ncr
1380606001,133906001,Barangay 395,Barangay 395,barangay,1380606000,1300000000,,1380606000,,,,,U,PSGC-2026-Q2-2026-06-30,barangay-395
1380606002,133906002,Barangay 396,Barangay 396,barangay,1380606000,1300000000,,1380606000,,,,,U,PSGC-2026-Q2-2026-06-30,barangay-396
1380606003,133906003,Barangay 397,Barangay 397,barangay,1380606000,1300000000,,1380606000,,,,,U,PSGC-2026-Q2-2026-06-30,barangay-397
1380606004,133906004,Barangay 398,Barangay 398,barangay,1380606000,1300000000,,1380606000,,,,,U,PSGC-2026-Q2-2026-06-30,barangay-398
1380606005,133906005,Barangay 399,Barangay 399,barangay,1380606000,1300000000,,1380606000,,,,,U,PSGC-2026-Q2-2026-06-30,barangay-399
1380606006,133906006,Barangay 400,Barangay 400,barangay,1380606000,1300000000,,1380606000,,,,,U,PSGC-2026-Q2-2026-06-30,barangay-400
1380606007,133906007,Barangay 401,Barangay 401,barangay,1380606000,1300000000,,1380606000,,,,,U,PSGC-2026-Q2-2026-06-30,barangay-401
1380606008,133906008,Barangay 402,Barangay 402,barangay,1380606000,1300000000,,1380606000,,,,,U,PSGC-2026-Q2-2026-06-30,barangay-402
1380606009,133906009,Barangay 403,Barangay 403,barangay,1380606000,1300000000,,1380606000,,,,,U,PSGC-2026-Q2-2026-06-30,barangay-403
1380606010,133906010,Barangay 404,Barangay 404,barangay,1380606000,1300000000,,1380606000,,,,,U,PSGC-2026-Q2-2026-06-30,barangay-404
1380606011,133906011,Barangay 405,Barangay 405,barangay,1380606000,1300000000,,1380606000,,,,,U,PSGC-2026-Q2-2026-06-30,barangay-405
1380606012,133906012,Barangay 406,Barangay 406,barangay,1380606000,1300000000,,1380606000,,,,,U,PSGC-2026-Q2-2026-06-30,barangay-406
1380606013,133906013,Barangay 407,Barangay 407,barangay,1380606000,1300000000,,1380606000,,,,,U,PSGC-2026-Q2-2026-06-30,barangay-407
1380606014,133906014,Barangay 408,Barangay 408,barangay,1380606000,1300000000,,1380606000,,,,,U,PSGC-2026-Q2-2026-06-30,barangay-408
1380606015,133906015,Barangay 409,Barangay 409,barangay,1380606000,1300000000,,1380606000,,,,,U,PSGC-2026-Q2-2026-06-30,barangay-409
1380606016,133906016,Barangay 410,Barangay 410,barangay,1380606000,1300000000,,1380606000,,,,,U,PSGC-2026-Q2-2026-06-30,barangay-410
1380606017,133906017,Barangay 411,Barangay 411,barangay,1380606000,1300000000,,1380606000,,,,,U,PSGC-2026-Q2-2026-06-30,barangay-411
1380606018,133906018,Barangay 412,Barangay 412,barangay,1380606000,1300000000,,1380606000,,,,,U,PSGC-2026-Q2-2026-06-30,barangay-412
1380606019,133906019,Barangay 413,Barangay 413,barangay,1380606000,1300000000,,1380606000,,,,,U,PSGC-2026-Q2-2026-06-30,barangay-413
1380606020,133906020,Barangay 414,Barangay 414,barangay,1380606000,1300000000,,1380606000,,,,,U,PSGC-2026-Q2-2026-06-30,barangay-414
1380606021,133906021,Barangay 415,Barangay 415,barangay,1380606000,1300000000,,1380606000,,,,,U,PSGC-2026-Q2-2026-06-30,barangay-415
1380606022,133906022,Barangay 416,Barangay 416,barangay,1380606000,1300000000,,1380606000,,,,,U,PSGC-2026-Q2-2026-06-30,barangay-416
1380606023,133906023,Barangay 417,Barangay 417,barangay,1380606000,1300000000,,1380606000,,,,,U,PSGC-2026-Q2-2026-06-30,barangay-417
1380606024,133906024,Barangay 418,Barangay 418,barangay,1380606000,1300000000,,1380606000,,,,,U,PSGC-2026-Q2-2026-06-30,barangay-418
1380606025,133906025,Barangay 419,Barangay 419,barangay,1380606000,1300000000,,1380606000,,,,,U,PSGC-2026-Q2-2026-06-30,barangay-419
1380606026,133906026,Barangay 420,Barangay 420,barangay,1380606000,1300000000,,1380606000,,,,,U,PSGC-2026-Q2-2026-06-30,barangay-420
1380606027,133906027,Barangay 421,Barangay 421,barangay,1380606000,1300000000,,1380606000,,,,,U,PSGC-2026-Q2-2026-06-30,barangay-421
1380606028,133906028,Barangay 422,Barangay 422,barangay,1380606000,1300000000,,1380606000,,,,,U,PSGC-2026-Q2-2026-06-30,barangay-422
1380606029,133906029,Barangay 423,Barangay 423,barangay,1380606000,1300000000,,1380606000,,,,,U,PSGC-2026-Q2-2026-06-30,barangay-423
1380606030,133906030,Barangay 424,Barangay 424,barangay,1380606000,1300000000,,1380606000,,,,,U,PSGC-2026-Q2-2026-06-30,barangay-424
1380606031,133906031,Barangay 425,Barangay 425,barangay,1380606000,1300000000,,1380606000,,,,,U,PSGC-2026-Q2-2026-06-30,barangay-425
1380606032,133906032,Barangay 426,Barangay 426,barangay,1380606000,1300000000,,1380606000,,,,,U,PSGC-2026-Q2-2026-06-30,barangay-426
1380606033,133906033,Barangay 427,Barangay 427,barangay,1380606000,1300000000,,1380606000,,,,,U,PSGC-2026-Q2-2026-06-30,barangay-427
1380606034,133906034,Barangay 428,Barangay 428,barangay,1380606000,1300000000,,1380606000,,,,,U,PSGC-2026-Q2-2026-06-30,barangay-428
1380606035,133906035,Barangay 429,Barangay 429,barangay,1380606000,1300000000,,1380606000,,,,,U,PSGC-2026-Q2-2026-06-30,barangay-429
1380606036,133906036,Barangay 430,Barangay 430,barangay,1380606000,1300000000,,1380606000,,,,,U,PSGC-2026-Q2-2026-06-30,barangay-430
1380606037,133906037,Barangay 431,Barangay 431,barangay,1380606000,1300000000,,1380606000,,,,,U,PSGC-2026-Q2-2026-06-30,barangay-431
1380606038,133906038,Barangay 432,Barangay 432,barangay,1380606000,1300000000,,1380606000,,,,,U,PSGC-2026-Q2-2026-06-30,barangay-432
1380606039,133906039,Barangay 433,Barangay 433,barangay,1380606000,1300000000,,1380606000,,,,,U,PSGC-2026-Q2-2026-06-30,barangay-433
1380606040,133906040,Barangay 434,Barangay 434,barangay,1380606000,1300000000,,1380606000,,,,,U,PSGC-2026-Q2-2026-06-30,barangay-434
1380606041,133906041,Barangay 435,Barangay 435,barangay,1380606000,1300000000,,1380606000,,,,,U,PSGC-2026-Q2-2026-06-30,barangay-435
1380606042,133906042,Barangay 436,Barangay 436,barangay,1380606000,1300000000,,1380606000,,,,,U,PSGC-2026-Q2-2026-06-30,barangay-436
1380606043,133906043,Barangay 437,Barangay 437,barangay,1380606000,1300000000,,1380606000,,,,,U,PSGC-2026-Q2-2026-06-30,barangay-437
1380606044,133906044,Barangay 438,Barangay 438,barangay,1380606000,1300000000,,1380606000,,,,,U,PSGC-2026-Q2-2026-06-30,barangay-438
1380606045,133906045,Barangay 439,Barangay 439,barangay,1380606000,1300000000,,1380606000,,,,,U,PSGC-2026-Q2-2026-06-30,barangay-439
1380606046,133906046,Barangay 440,Barangay 440,barangay,1380606000,1300000000,,1380606000,,,,,U,PSGC-2026-Q2-2026-06-30,barangay-440
1380606047,133906047,Barangay 441,Barangay 441,barangay,1380606000,1300000000,,1380606000,,,,,U,PSGC-2026-Q2-2026-06-30,barangay-441
1380606048,133906048,Barangay 442,Barangay 442,barangay,1380606000,1300000000,,1380606000,,,,,U,PSGC-2026-Q2-2026-06-30,barangay-442
1380606049,133906049,Barangay 443,Barangay 443,barangay,1380606000,1300000000,,1380606000,,,,,U,PSGC-2026-Q2-2026-06-30,barangay-443
1380606050,133906050,Barangay 444,Barangay 444,barangay,1380606000,1300000000,,1380606000,,,,,U,PSGC-2026-Q2-2026-06-30,barangay-444
1380606051,133906051,Barangay 445,Barangay 445,barangay,1380606000,1300000000,,1380606000,,,,,U,PSGC-2026-Q2-2026-06-30,barangay-445
1380606052,133906052,Barangay 446,Barangay 446,barangay,1380606000,1300000000,,1380606000,,,,,U,PSGC-2026-Q2-2026-06-30,barangay-446
1380606053,133906053,Barangay 447,Barangay 447,barangay,1380606000,1300000000,,1380606000,,,,,U,PSGC-2026-Q2-2026-06-30,barangay-447
1380606054,133906054,Barangay 448,Barangay 448,barangay,1380606000,1300000000,,1380606000,,,,,U,PSGC-2026-Q2-2026-06-30,barangay-448
1380606055,133906055,Barangay 449,Barangay 449,barangay,1380606000,1300000000,,1380606000,,,,,U,PSGC-2026-Q2-2026-06-30,barangay-449
1380606056,133906056,Barangay 450,Barangay 450,barangay,1380606000,1300000000,,1380606000,,,,,U,PSGC-2026-Q2-2026-06-30,barangay-450
1380606057,133906057,Barangay 451,Barangay 451,barangay,1380606000,1300000000,,1380606000,,,,,U,PSGC-2026-Q2-2026-06-30,barangay-451
1380606058,133906058,Barangay 452,Barangay 452,barangay,1380606000,1300000000,,1380606000,,,,,U,PSGC-2026-Q2-2026-06-30,barangay-452
1380606059,133906059,Barangay 453,Barangay 453,barangay,1380606000,1300000000,,1380606000,,,,,U,PSGC-2026-Q2-2026-06-30,barangay-453
1380606060,133906060,Barangay 454,Barangay 454,barangay,1380606000,1300000000,,1380606000,,,,,U,PSGC-2026-Q2-2026-06-30,barangay-454
1380606061,133906061,Barangay 455,Barangay 455,barangay,1380606000,1300000000,,1380606000,,,,,U,PSGC-2026-Q2-2026-06-30,barangay-455
1380606062,133906062,Barangay 456,Barangay 456,barangay,1380606000,1300000000,,1380606000,,,,,U,PSGC-2026-Q2-2026-06-30,barangay-456
1380606063,133906063,Barangay 457,Barangay 457,barangay,1380606000,1300000000,,1380606000,,,,,U,PSGC-2026-Q2-2026-06-30,barangay-457
1380606064,133906064,Barangay 458,Barangay 458,barangay,1380606000,1300000000,,1380606000,,,,,U,PSGC-2026-Q2-2026-06-30,barangay-458
1380606065,133906065,Barangay 459,Barangay 459,barangay,1380606000,1300000000,,1380606000,,,,,U,PSGC-2026-Q2-2026-06-30,barangay-459
1380606066,133906066,Barangay 460,Barangay 460,barangay,1380606000,1300000000,,1380606000,,,,,U,PSGC-2026-Q2-2026-06-30,barangay-460
1380606067,133906067,Barangay 461,Barangay 461,barangay,1380606000,1300000000,,1380606000,,,,,U,PSGC-2026-Q2-2026-06-30,barangay-461
1380606068,133906068,Barangay 462,Barangay 462,barangay,1380606000,1300000000,,1380606000,,,,,U,PSGC-2026-Q2-2026-06-30,barangay-462
1380606069,133906069,Barangay 463,Barangay 463,barangay,1380606000,1300000000,,1380606000,,,,,U,PSGC-2026-Q2-2026-06-30,barangay-463
1380606070,133906070,Barangay 464,Barangay 464,barangay,1380606000,1300000000,,1380606000,,,,,U,PSGC-2026-Q2-2026-06-30,barangay-464
1380606071,133906071,Barangay 465,Barangay 465,barangay,1380606000,1300000000,,1380606000,,,,,U,PSGC-2026-Q2-2026-06-30,barangay-465
1380606072,133906072,Barangay 466,Barangay 466,barangay,1380606000,1300000000,,1380606000,,,,,U,PSGC-2026-Q2-2026-06-30,barangay-466
1380606073,133906073,Barangay 467,Barangay 467,barangay,1380606000,1300000000,,1380606000,,,,,U,PSGC-2026-Q2-2026-06-30,barangay-467
1380606074,133906074,Barangay 468,Barangay 468,barangay,1380606000,1300000000,,1380606000,,,,,U,PSGC-2026-Q2-2026-06-30,barangay-468
1380606075,133906075,Barangay 469,Barangay 469,barangay,1380606000,1300000000,,1380606000,,,,,U,PSGC-2026-Q2-2026-06-30,barangay-469
1380606076,133906076,Barangay 470,Barangay 470,barangay,1380606000,1300000000,,1380606000,,,,,U,PSGC-2026-Q2-2026-06-30,barangay-470
1380606077,133906077,Barangay 471,Barangay 471,barangay,1380606000,1300000000,,1380606000,,,,,U,PSGC-2026-Q2-2026-06-30,barangay-471
1380606078,133906078,Barangay 472,Barangay 472,barangay,1380606000,1300000000,,1380606000,,,,,U,PSGC-2026-Q2-2026-06-30,barangay-472
1380606079,133906079,Barangay 473,Barangay 473,barangay,1380606000,1300000000,,1380606000,,,,,U,PSGC-2026-Q2-2026-06-30,barangay-473
1380606080,133906080,Barangay 474,Barangay 474,barangay,1380606000,1300000000,,1380606000,,,,,U,PSGC-2026-Q2-2026-06-30,barangay-474
1380606081,133906081,Barangay 475,Barangay 475,barangay,1380606000,1300000000,,1380606000,,,,,U,PSGC-2026-Q2-2026-06-30,barangay-475
1380606082,133906082,Barangay 476,Barangay 476,barangay,1380606000,1300000000,,1380606000,,,,,U,PSGC-2026-Q2-2026-06-30,barangay-476
1380606083,133906083,Barangay 477,Barangay 477,barangay,1380606000,1300000000,,1380606000,,,,,U,PSGC-2026-Q2-2026-06-30,barangay-477
1380606084,133906084,Barangay 478,Barangay 478,barangay,1380606000,1300000000,,1380606000,,,,,U,PSGC-2026-Q2-2026-06-30,barangay-478
1380606085,133906085,Barangay 479,Barangay 479,barangay,1380606000,1300000000,,1380606000,,,,,U,PSGC-2026-Q2-2026-06-30,barangay-479
1380606086,133906086,Barangay 480,Barangay 480,barangay,1380606000,1300000000,,1380606000,,,,,U,PSGC-2026-Q2-2026-06-30,barangay-480
1380606087,133906087,Barangay 481,Barangay 481,barangay,1380606000,1300000000,,1380606000,,,,,U,PSGC-2026-Q2-2026-06-30,barangay-481
1380606088,133906088,Barangay 482,Barangay 482,barangay,1380606000,1300000000,,1380606000,,,,,U,PSGC-2026-Q2-2026-06-30,barangay-482
1380606089,133906089,Barangay 483,Barangay 483,barangay,1380606000,1300000000,,1380606000,,,,,U,PSGC-2026-Q2-2026-06-30,barangay-483
1380606090,133906090,Barangay 484,Barangay 484,barangay,1380606000,1300000000,,1380606000,,,,,U,PSGC-2026-Q2-2026-06-30,barangay-484
1380606091,133906091,Barangay 485,Barangay 485,barangay,1380606000,1300000000,,1380606000,,,,,U,PSGC-2026-Q2-2026-06-30,barangay-485
1380606092,133906092,Barangay 486,Barangay 486,barangay,1380606000,1300000000,,1380606000,,,,,U,PSGC-2026-Q2-2026-06-30,barangay-486
1380606093,133906093,Barangay 487,Barangay 487,barangay,1380606000,1300000000,,1380606000,,,,,U,PSGC-2026-Q2-2026-06-30,barangay-487
1380606094,133906094,Barangay 488,Barangay 488,barangay,1380606000,1300000000,,1380606000,,,,,U,PSGC-2026-Q2-2026-06-30,barangay-488
1380606095,133906095,Barangay 489,Barangay 489,barangay,1380606000,1300000000,,1380606000,,,,,U,PSGC-2026-Q2-2026-06-30,barangay-489
1380606096,133906096,Barangay 490,Barangay 490,barangay,1380606000,1300000000,,1380606000,,,,,U,PSGC-2026-Q2-2026-06-30,barangay-490
1380606097,133906097,Barangay 491,Barangay 491,barangay,1380606000,1300000000,,1380606000,,,,,U,PSGC-2026-Q2-2026-06-30,barangay-491
1380606098,133906098,Barangay 492,Barangay 492,barangay,1380606000,1300000000,,1380606000,,,,,U,PSGC-2026-Q2-2026-06-30,barangay-492
1380606099,133906099,Barangay 493,Barangay 493,barangay,1380606000,1300000000,,1380606000,,,,,U,PSGC-2026-Q2-2026-06-30,barangay-493
1380606100,133906100,Barangay 494,Barangay 494,barangay,1380606000,1300000000,,1380606000,,,,,U,PSGC-2026-Q2-2026-06-30,barangay-494
1380606101,133906101,Barangay 495,Barangay 495,barangay,1380606000,1300000000,,1380606000,,,,,U,PSGC-2026-Q2-2026-06-30,barangay-495
1380606102,133906102,Barangay 496,Barangay 496,barangay,1380606000,1300000000,,1380606000,,,,,U,PSGC-2026-Q2-2026-06-30,barangay-496
1380606103,133906103,Barangay 497,Barangay 497,barangay,1380606000,1300000000,,1380606000,,,,,U,PSGC-2026-Q2-2026-06-30,barangay-497
1380606104,133906104,Barangay 498,Barangay 498,barangay,1380606000,1300000000,,1380606000,,,,,U,PSGC-2026-Q2-2026-06-30,barangay-498
1380606105,133906105,Barangay 499,Barangay 499,barangay,1380606000,1300000000,,1380606000,,,,,U,PSGC-2026-Q2-2026-06-30,barangay-499
1380606106,133906106,Barangay 500,Barangay 500,barangay,1380606000,1300000000,,1380606000,,,,,U,PSGC-2026-Q2-2026-06-30,barangay-500
1380606107,133906107,Barangay 501,Barangay 501,barangay,1380606000,1300000000,,1380606000,,,,,U,PSGC-2026-Q2-2026-06-30,barangay-501
1380606108,133906108,Barangay 502,Barangay 502,barangay,1380606000,1300000000,,1380606000,,,,,U,PSGC-2026-Q2-2026-06-30,barangay-502
1380606109,133906109,Barangay 503,Barangay 503,barangay,1380606000,1300000000,,1380606000,,,,,U,PSGC-2026-Q2-2026-06-30,barangay-503
1380606110,133906110,Barangay 504,Barangay 504,barangay,1380606000,1300000000,,1380606000,,,,,U,PSGC-2026-Q2-2026-06-30,barangay-504
1380606111,133906111,Barangay 505,Barangay 505,barangay,1380606000,1300000000,,1380606000,,,,,U,PSGC-2026-Q2-2026-06-30,barangay-505
1380606112,133906112,Barangay 506,Barangay 506,barangay,1380606000,1300000000,,1380606000,,,,,U,PSGC-2026-Q2-2026-06-30,barangay-506
1380606113,133906113,Barangay 507,Barangay 507,barangay,1380606000,1300000000,,1380606000,,,,,U,PSGC-2026-Q2-2026-06-30,barangay-507
1380606114,133906114,Barangay 508,Barangay 508,barangay,1380606000,1300000000,,1380606000,,,,,U,PSGC-2026-Q2-2026-06-30,barangay-508
1380606115,133906115,Barangay 509,Barangay 509,barangay,1380606000,1300000000,,1380606000,,,,,U,PSGC-2026-Q2-2026-06-30,barangay-509
1380606116,133906116,Barangay 510,Barangay 510,barangay,1380606000,1300000000,,1380606000,,,,,U,PSGC-2026-Q2-2026-06-30,barangay-510
1380606117,133906117,Barangay 511,Barangay 511,barangay,1380606000,1300000000,,1380606000,,,,,U,PSGC-2026-Q2-2026-06-30,barangay-511
1380606118,133906118,Barangay 512,Barangay 512,barangay,1380606000,1300000000,,1380606000,,,,,U,PSGC-2026-Q2-2026-06-30,barangay-512
1380606119,133906119,Barangay 513,Barangay 513,barangay,1380606000,1300000000,,1380606000,,,,,U,PSGC-2026-Q2-2026-06-30,barangay-513
1380606120,133906120,Barangay 514,Barangay 514,barangay,1380606000,1300000000,,1380606000,,,,,U,PSGC-2026-Q2-2026-06-30,barangay-514
1380606121,133906121,Barangay 515,Barangay 515,barangay,1380606000,1300000000,,1380606000,,,,,U,PSGC-2026-Q2-2026-06-30,barangay-515
1380606122,133906122,Barangay 516,Barangay 516,barangay,1380606000,1300000000,,1380606000,,,,,U,PSGC-2026-Q2-2026-06-30,barangay-516
1380606123,133906123,Barangay 517,Barangay 517,barangay,1380606000,1300000000,,1380606000,,,,,U,PSGC-2026-Q2-2026-06-30,barangay-517
1380606124,133906124,Barangay 518,Barangay 518,barangay,1380606000,1300000000,,1380606000,,,,,U,PSGC-2026-Q2-2026-06-30,barangay-518
1380606125,133906125,Barangay 519,Barangay 519,barangay,1380606000,1300000000,,1380606000,,,,,U,PSGC-2026-Q2-2026-06-30,barangay-519
1380606126,133906126,Barangay 520,Barangay 520,barangay,1380606000,1300000000,,1380606000,,,,,U,PSGC-2026-Q2-2026-06-30,barangay-520
1380606127,133906127,Barangay 521,Barangay 521,barangay,1380606000,1300000000,,1380606000,,,,,U,PSGC-2026-Q2-2026-06-30,barangay-521
1380606128,133906128,Barangay 522,Barangay 522,barangay,1380606000,1300000000,,1380606000,,,,,U,PSGC-2026-Q2-2026-06-30,barangay-522
1380606129,133906129,Barangay 523,Barangay 523,barangay,1380606000,1300000000,,1380606000,,,,,U,PSGC-2026-Q2-2026-06-30,barangay-523
1380606130,133906130,Barangay 524,Barangay 524,barangay,1380606000,1300000000,,1380606000,,,,,U,PSGC-2026-Q2-2026-06-30,barangay-524
1380606131,133906131,Barangay 525,Barangay 525,barangay,1380606000,1300000000,,1380606000,,,,,U,PSGC-2026-Q2-2026-06-30,barangay-525
1380606132,133906132,Barangay 526,Barangay 526,barangay,1380606000,1300000000,,1380606000,,,,,U,PSGC-2026-Q2-2026-06-30,barangay-526
1380606133,133906133,Barangay 527,Barangay 527,barangay,1380606000,1300000000,,1380606000,,,,,U,PSGC-2026-Q2-2026-06-30,barangay-527
1380606134,133906134,Barangay 528,Barangay 528,barangay,1380606000,1300000000,,1380606000,,,,,U,PSGC-2026-Q2-2026-06-30,barangay-528
1380606135,133906135,Barangay 529,Barangay 529,barangay,1380606000,1300000000,,1380606000,,,,,U,PSGC-2026-Q2-2026-06-30,barangay-529
1380606136,133906136,Barangay 530,Barangay 530,barangay,1380606000,1300000000,,1380606000,,,,,U,PSGC-2026-Q2-2026-06-30,barangay-530
1380606137,133906137,Barangay 531,Barangay 531,barangay,1380606000,1300000000,,1380606000,,,,,U,PSGC-2026-Q2-2026-06-30,barangay-531
1380606138,133906138,Barangay 532,Barangay 532,barangay,1380606000,1300000000,,1380606000,,,,,U,PSGC-2026-Q2-2026-06-30,barangay-532
1380606139,133906139,Barangay 533,Barangay 533,barangay,1380606000,1300000000,,1380606000,,,,,U,PSGC-2026-Q2-2026-06-30,barangay-533
1380606140,133906140,Barangay 534,Barangay 534,barangay,1380606000,1300000000,,1380606000,,,,,U,PSGC-2026-Q2-2026-06-30,barangay-534
1380606141,133906141,Barangay 535,Barangay 535,barangay,1380606000,1300000000,,1380606000,,,,,U,PSGC-2026-Q2-2026-06-30,barangay-535
1380606142,133906142,Barangay 536,Barangay 536,barangay,1380606000,1300000000,,1380606000,,,,,U,PSGC-2026-Q2-2026-06-30,barangay-536
1380606143,133906143,Barangay 537,Barangay 537,barangay,1380606000,1300000000,,1380606000,,,,,U,PSGC-2026-Q2-2026-06-30,barangay-537
1380606144,133906144,Barangay 538,Barangay 538,barangay,1380606000,1300000000,,1380606000,,,,,U,PSGC-2026-Q2-2026-06-30,barangay-538
1380606145,133906145,Barangay 539,Barangay 539,barangay,1380606000,1300000000,,1380606000,,,,,U,PSGC-2026-Q2-2026-06-30,barangay-539
1380606146,133906146,Barangay 540,Barangay 540,barangay,1380606000,1300000000,,1380606000,,,,,U,PSGC-2026-Q2-2026-06-30,barangay-540
1380606147,133906147,Barangay 541,Barangay 541,barangay,1380606000,1300000000,,1380606000,,,,,U,PSGC-2026-Q2-2026-06-30,barangay-541
1380606148,133906148,Barangay 542,Barangay 542,barangay,1380606000,1300000000,,1380606000,,,,,U,PSGC-2026-Q2-2026-06-30,barangay-542
1380606149,133906149,Barangay 543,Barangay 543,barangay,1380606000,1300000000,,1380606000,,,,,U,PSGC-2026-Q2-2026-06-30,barangay-543
1380606150,133906150,Barangay 544,Barangay 544,barangay,1380606000,1300000000,,1380606000,,,,,U,PSGC-2026-Q2-2026-06-30,barangay-544
1380606151,133906151,Barangay 545,Barangay 545,barangay,1380606000,1300000000,,1380606000,,,,,U,PSGC-2026-Q2-2026-06-30,barangay-545
1380606152,133906152,Barangay 546,Barangay 546,barangay,1380606000,1300000000,,1380606000,,,,,U,PSGC-2026-Q2-2026-06-30,barangay-546
1380606153,133906153,Barangay 547,Barangay 547,barangay,1380606000,1300000000,,1380606000,,,,,U,PSGC-2026-Q2-2026-06-30,barangay-547
1380606154,133906154,Barangay 548,Barangay 548,barangay,1380606000,1300000000,,1380606000,,,,,U,PSGC-2026-Q2-2026-06-30,barangay-548
1380606155,133906155,Barangay 549,Barangay 549,barangay,1380606000,1300000000,,1380606000,,,,,U,PSGC-2026-Q2-2026-06-30,barangay-549
1380606156,133906156,Barangay 550,Barangay 550,barangay,1380606000,1300000000,,1380606000,,,,,U,PSGC-2026-Q2-2026-06-30,barangay-550
1380606157,133906157,Barangay 551,Barangay 551,barangay,1380606000,1300000000,,1380606000,,,,,U,PSGC-2026-Q2-2026-06-30,barangay-551
1380606158,133906158,Barangay 552,Barangay 552,barangay,1380606000,1300000000,,1380606000,,,,,U,PSGC-2026-Q2-2026-06-30,barangay-552
1380606159,133906159,Barangay 553,Barangay 553,barangay,1380606000,1300000000,,1380606000,,,,,U,PSGC-2026-Q2-2026-06-30,barangay-553
1380606160,133906160,Barangay 554,Barangay 554,barangay,1380606000,1300000000,,1380606000,,,,,U,PSGC-2026-Q2-2026-06-30,barangay-554
1380606161,133906161,Barangay 555,Barangay 555,barangay,1380606000,1300000000,,1380606000,,,,,U,PSGC-2026-Q2-2026-06-30,barangay-555
1380606162,133906162,Barangay 556,Barangay 556,barangay,1380606000,1300000000,,1380606000,,,,,U,PSGC-2026-Q2-2026-06-30,barangay-556
1380606163,133906163,Barangay 557,Barangay 557,barangay,1380606000,1300000000,,1380606000,,,,,U,PSGC-2026-Q2-2026-06-30,barangay-557
1380606164,133906164,Barangay 558,Barangay 558,barangay,1380606000,1300000000,,1380606000,,,,,U,PSGC-2026-Q2-2026-06-30,barangay-558
1380606165,133906165,Barangay 559,Barangay 559,barangay,1380606000,1300000000,,1380606000,,,,,U,PSGC-2026-Q2-2026-06-30,barangay-559
1380606166,133906166,Barangay 560,Barangay 560,barangay,1380606000,1300000000,,1380606000,,,,,U,PSGC-2026-Q2-2026-06-30,barangay-560
1380606167,133906167,Barangay 561,Barangay 561,barangay,1380606000,1300000000,,1380606000,,,,,U,PSGC-2026-Q2-2026-06-30,barangay-561
1380606168,133906168,Barangay 562,Barangay 562,barangay,1380606000,1300000000,,1380606000,,,,,U,PSGC-2026-Q2-2026-06-30,barangay-562
1380606169,133906169,Barangay 563,Barangay 563,barangay,1380606000,1300000000,,1380606000,,,,,U,PSGC-2026-Q2-2026-06-30,barangay-563
1380606170,133906170,Barangay 564,Barangay 564,barangay,1380606000,1300000000,,1380606000,,,,,U,PSGC-2026-Q2-2026-06-30,barangay-564
1380606171,133906171,Barangay 565,Barangay 565,barangay,1380606000,1300000000,,1380606000,,,,,U,PSGC-2026-Q2-2026-06-30,barangay-565
1380606172,133906172,Barangay 566,Barangay 566,barangay,1380606000,1300000000,,1380606000,,,,,U,PSGC-2026-Q2-2026-06-30,barangay-566
1380606173,133906173,Barangay 567,Barangay 567,barangay,1380606000,1300000000,,1380606000,,,,,U,PSGC-2026-Q2-2026-06-30,barangay-567
1380606174,133906174,Barangay 568,Barangay 568,barangay,1380606000,1300000000,,1380606000,,,,,U,PSGC-2026-Q2-2026-06-30,barangay-568
1380606175,133906175,Barangay 569,Barangay 569,barangay,1380606000,1300000000,,1380606000,,,,,U,PSGC-2026-Q2-2026-06-30,barangay-569
1380606176,133906176,Barangay 570,Barangay 570,barangay,1380606000,1300000000,,1380606000,,,,,U,PSGC-2026-Q2-2026-06-30,barangay-570
1380606177,133906177,Barangay 571,Barangay 571,barangay,1380606000,1300000000,,1380606000,,,,,U,PSGC-2026-Q2-2026-06-30,barangay-571
1380606178,133906178,Barangay 572,Barangay 572,barangay,1380606000,1300000000,,1380606000,,,,,U,PSGC-2026-Q2-2026-06-30,barangay-572
1380606179,133906179,Barangay 573,Barangay 573,barangay,1380606000,1300000000,,1380606000,,,,,U,PSGC-2026-Q2-2026-06-30,barangay-573
1380606180,133906180,Barangay 574,Barangay 574,barangay,1380606000,1300000000,,1380606000,,,,,U,PSGC-2026-Q2-2026-06-30,barangay-574
1380606181,133906181,Barangay 575,Barangay 575,barangay,1380606000,1300000000,,1380606000,,,,,U,PSGC-2026-Q2-2026-06-30,barangay-575
1380606182,133906182,Barangay 576,Barangay 576,barangay,1380606000,1300000000,,1380606000,,,,,U,PSGC-2026-Q2-2026-06-30,barangay-576
1380606183,133906183,Barangay 577,Barangay 577,barangay,1380606000,1300000000,,1380606000,,,,,U,PSGC-2026-Q2-2026-06-30,barangay-577
1380606184,133906184,Barangay 578,Barangay 578,barangay,1380606000,1300000000,,1380606000,,,,,U,PSGC-2026-Q2-2026-06-30,barangay-578
1380606185,133906185,Barangay 579,Barangay 579,barangay,1380606000,1300000000,,1380606000,,,,,U,PSGC-2026-Q2-2026-06-30,barangay-579
1380606186,133906186,Barangay 580,Barangay 580,barangay,1380606000,1300000000,,1380606000,,,,,U,PSGC-2026-Q2-2026-06-30,barangay-580
1380606187,133906187,Barangay 581,Barangay 581,barangay,1380606000,1300000000,,1380606000,,,,,U,PSGC-2026-Q2-2026-06-30,barangay-581
1380606188,133906188,Barangay 582,Barangay 582,barangay,1380606000,1300000000,,1380606000,,,,,U,PSGC-2026-Q2-2026-06-30,barangay-582
1380606189,133906189,Barangay 583,Barangay 583,barangay,1380606000,1300000000,,1380606000,,,,,U,PSGC-2026-Q2-2026-06-30,barangay-583
1380606190,133906190,Barangay 584,Barangay 584,barangay,1380606000,1300000000,,1380606000,,,,,U,PSGC-2026-Q2-2026-06-30,barangay-584
1380606191,133906191,Barangay 585,Barangay 585,barangay,1380606000,1300000000,,1380606000,,,,,U,PSGC-2026-Q2-2026-06-30,barangay-585
1380606192,133906192,Barangay 586,Barangay 586,barangay,1380606000,1300000000,,1380606000,,,,,U,PSGC-2026-Q2-2026-06-30,barangay-586
1380606193,133906193,Barangay 587,Barangay 587,barangay,1380606000,1300000000,,1380606000,,,,,U,PSGC-2026-Q2-2026-06-30,barangay-587
1380606194,133906194,Barangay 587-A,Barangay 587-A,barangay,1380606000,1300000000,,1380606000,,,,,U,PSGC-2026-Q2-2026-06-30,barangay-587-a
1380606195,133906195,Barangay 588,Barangay 588,barangay,1380606000,1300000000,,1380606000,,,,,U,PSGC-2026-Q2-2026-06-30,barangay-588
1380606196,133906196,Barangay 589,Barangay 589,barangay,1380606000,1300000000,,1380606000,,,,,U,PSGC-2026-Q2-2026-06-30,barangay-589
1380606197,133906197,Barangay 590,Barangay 590,barangay,1380606000,1300000000,,1380606000,,,,,U,PSGC-2026-Q2-2026-06-30,barangay-590
1380606198,133906198,Barangay 591,Barangay 591,barangay,1380606000,1300000000,,1380606000,,,,,U,PSGC-2026-Q2-2026-06-30,barangay-591
1380606199,133906199,Barangay 592,Barangay 592,barangay,1380606000,1300000000,,1380606000,,,,,U,PSGC-2026-Q2-2026-06-30,barangay-592
1380606200,133906200,Barangay 593,Barangay 593,barangay,1380606000,1300000000,,1380606000,,,,,U,PSGC-2026-Q2-2026-06-30,barangay-593
1380606201,133906201,Barangay 594,Barangay 594,barangay,1380606000,1300000000,,1380606000,,,,,U,PSGC-2026-Q2-2026-06-30,barangay-594
1380606202,133906202,Barangay 595,Barangay 595,barangay,1380606000,1300000000,,1380606000,,,,,U,PSGC-2026-Q2-2026-06-30,barangay-595
1380606203,133906203,Barangay 596,Barangay 596,barangay,1380606000,1300000000,,1380606000,,,,,U,PSGC-2026-Q2-2026-06-30,barangay-596
1380606204,133906204,Barangay 597,Barangay 597,barangay,1380606000,1300000000,,1380606000,,,,,U,PSGC-2026-Q2-2026-06-30,barangay-597
1380606205,133906205,Barangay 598,Barangay 598,barangay,1380606000,1300000000,,1380606000,,,,,U,PSGC-2026-Q2-2026-06-30,barangay-598
1380606206,133906206,Barangay 599,Barangay 599,barangay,1380606000,1300000000,,1380606000,,,,,U,PSGC-2026-Q2-2026-06-30,barangay-599
1380606207,133906207,Barangay 600,Barangay 600,barangay,1380606000,1300000000,,1380606000,,,,,U,PSGC-2026-Q2-2026-06-30,barangay-600
1380606208,133906208,Barangay 601,Barangay 601,barangay,1380606000,1300000000,,1380606000,,,,,U,PSGC-2026-Q2-2026-06-30,barangay-601
1380606209,133906209,Barangay 602,Barangay 602,barangay,1380606000,1300000000,,1380606000,,,,,U,PSGC-2026-Q2-2026-06-30,barangay-602
1380606210,133906210,Barangay 603,Barangay 603,barangay,1380606000,1300000000,,1380606000,,,,,U,PSGC-2026-Q2-2026-06-30,barangay-603
1380606211,133906211,Barangay 604,Barangay 604,barangay,1380606000,1300000000,,1380606000,,,,,U,PSGC-2026-Q2-2026-06-30,barangay-604
1380606212,133906212,Barangay 605,Barangay 605,barangay,1380606000,1300000000,,1380606000,,,,,U,PSGC-2026-Q2-2026-06-30,barangay-605
1380606213,133906213,Barangay 606,Barangay 606,barangay,1380606000,1300000000,,1380606000,,,,,U,PSGC-2026-Q2-2026-06-30,barangay-606
1380606214,133906214,Barangay 607,Barangay 607,barangay,1380606000,1300000000,,1380606000,,,,,U,PSGC-2026-Q2-2026-06-30,barangay-607
1380606215,133906215,Barangay 608,Barangay 608,barangay,1380606000,1300000000,,1380606000,,,,,U,PSGC-2026-Q2-2026-06-30,barangay-608
1380606216,133906216,Barangay 609,Barangay 609,barangay,1380606000,1300000000,,1380606000,,,,,U,PSGC-2026-Q2-2026-06-30,barangay-609
1380606217,133906217,Barangay 610,Barangay 610,barangay,1380606000,1300000000,,1380606000,,,,,U,PSGC-2026-Q2-2026-06-30,barangay-610
1380606218,133906218,Barangay 611,Barangay 611,barangay,1380606000,1300000000,,1380606000,,,,,U,PSGC-2026-Q2-2026-06-30,barangay-611
1380606219,133906219,Barangay 612,Barangay 612,barangay,1380606000,1300000000,,1380606000,,,,,U,PSGC-2026-Q2-2026-06-30,barangay-612
1380606220,133906220,Barangay 613,Barangay 613,barangay,1380606000,1300000000,,1380606000,,,,,U,PSGC-2026-Q2-2026-06-30,barangay-613
1380606221,133906221,Barangay 614,Barangay 614,barangay,1380606000,1300000000,,1380606000,,,,,U,PSGC-2026-Q2-2026-06-30,barangay-614
1380606222,133906222,Barangay 615,Barangay 615,barangay,1380606000,1300000000,,1380606000,,,,,U,PSGC-2026-Q2-2026-06-30,barangay-615
1380606223,133906223,Barangay 616,Barangay 616,barangay,1380606000,1300000000,,1380606000,,,,,U,PSGC-2026-Q2-2026-06-30,barangay-616
1380606224,133906224,Barangay 617,Barangay 617,barangay,1380606000,1300000000,,1380606000,,,,,U,PSGC-2026-Q2-2026-06-30,barangay-617
1380606225,133906225,Barangay 618,Barangay 618,barangay,1380606000,1300000000,,1380606000,,,,,U,PSGC-2026-Q2-2026-06-30,barangay-618
1380606226,133906226,Barangay 619,Barangay 619,barangay,1380606000,1300000000,,1380606000,,,,,U,PSGC-2026-Q2-2026-06-30,barangay-619
1380606227,133906227,Barangay 620,Barangay 620,barangay,1380606000,1300000000,,1380606000,,,,,U,PSGC-2026-Q2-2026-06-30,barangay-620
1380606228,133906228,Barangay 621,Barangay 621,barangay,1380606000,1300000000,,1380606000,,,,,U,PSGC-2026-Q2-2026-06-30,barangay-621
1380606229,133906229,Barangay 622,Barangay 622,barangay,1380606000,1300000000,,1380606000,,,,,U,PSGC-2026-Q2-2026-06-30,barangay-622
1380606230,133906230,Barangay 623,Barangay 623,barangay,1380606000,1300000000,,1380606000,,,,,U,PSGC-2026-Q2-2026-06-30,barangay-623
1380606231,133906231,Barangay 624,Barangay 624,barangay,1380606000,1300000000,,1380606000,,,,,U,PSGC-2026-Q2-2026-06-30,barangay-624
1380606232,133906232,Barangay 625,Barangay 625,barangay,1380606000,1300000000,,1380606000,,,,,U,PSGC-2026-Q2-2026-06-30,barangay-625
1380606233,133906233,Barangay 626,Barangay 626,barangay,1380606000,1300000000,,1380606000,,,,,U,PSGC-2026-Q2-2026-06-30,barangay-626
1380606234,133906234,Barangay 627,Barangay 627,barangay,1380606000,1300000000,,1380606000,,,,,U,PSGC-2026-Q2-2026-06-30,barangay-627
1380606235,133906235,Barangay 628,Barangay 628,barangay,1380606000,1300000000,,1380606000,,,,,U,PSGC-2026-Q2-2026-06-30,barangay-628
1380606236,133906236,Barangay 629,Barangay 629,barangay,1380606000,1300000000,,1380606000,,,,,U,PSGC-2026-Q2-2026-06-30,barangay-629
1380606237,133906237,Barangay 630,Barangay 630,barangay,1380606000,1300000000,,1380606000,,,,,U,PSGC-2026-Q2-2026-06-30,barangay-630
1380606238,133906238,Barangay 631,Barangay 631,barangay,1380606000,1300000000,,1380606000,,,,,U,PSGC-2026-Q2-2026-06-30,barangay-631
1380606239,133906239,Barangay 632,Barangay 632,barangay,1380606000,1300000000,,1380606000,,,,,U,PSGC-2026-Q2-2026-06-30,barangay-632
1380606240,133906240,Barangay 633,Barangay 633,barangay,1380606000,1300000000,,1380606000,,,,,U,PSGC-2026-Q2-2026-06-30,barangay-633
1380606241,133906241,Barangay 634,Barangay 634,barangay,1380606000,1300000000,,1380606000,,,,,U,PSGC-2026-Q2-2026-06-30,barangay-634
1380606242,133906242,Barangay 635,Barangay 635,barangay,1380606000,1300000000,,1380606000,,,,,U,PSGC-2026-Q2-2026-06-30,barangay-635
1380606243,133906243,Barangay 636,Barangay 636,barangay,1380606000,1300000000,,1380606000,,,,,U,PSGC-2026-Q2-2026-06-30,barangay-636
1380607000,133907000,San Miguel,San Miguel,submunicipality,1380600000,1300000000,,1380600000,,,,,,PSGC-2026-Q2-2026-06-30,san-miguel-national-capital-region-ncr
1380607001,133907001,Barangay 637,Barangay 637,barangay,1380607000,1300000000,,1380607000,,,,,U,PSGC-2026-Q2-2026-06-30,barangay-637
1380607002,133907002,Barangay 638,Barangay 638,barangay,1380607000,1300000000,,1380607000,,,,,U,PSGC-2026-Q2-2026-06-30,barangay-638
1380607003,133907003,Barangay 639,Barangay 639,barangay,1380607000,1300000000,,1380607000,,,,,U,PSGC-2026-Q2-2026-06-30,barangay-639
1380607004,133907004,Barangay 640,Barangay 640,barangay,1380607000,1300000000,,1380607000,,,,,U,PSGC-2026-Q2-2026-06-30,barangay-640
1380607005,133907005,Barangay 641,Barangay 641,barangay,1380607000,1300000000,,1380607000,,,,,U,PSGC-2026-Q2-2026-06-30,barangay-641
1380607006,133907006,Barangay 642,Barangay 642,barangay,1380607000,1300000000,,1380607000,,,,,U,PSGC-2026-Q2-2026-06-30,barangay-642
1380607007,133907007,Barangay 643,Barangay 643,barangay,1380607000,1300000000,,1380607000,,,,,U,PSGC-2026-Q2-2026-06-30,barangay-643
1380607008,133907008,Barangay 644,Barangay 644,barangay,1380607000,1300000000,,1380607000,,,,,U,PSGC-2026-Q2-2026-06-30,barangay-644
1380607009,133907009,Barangay 645,Barangay 645,barangay,1380607000,1300000000,,1380607000,,,,,U,PSGC-2026-Q2-2026-06-30,barangay-645
1380607010,133907010,Barangay 646,Barangay 646,barangay,1380607000,1300000000,,1380607000,,,,,U,PSGC-2026-Q2-2026-06-30,barangay-646
1380607011,133907011,Barangay 647,Barangay 647,barangay,1380607000,1300000000,,1380607000,,,,,U,PSGC-2026-Q2-2026-06-30,barangay-647
1380607012,133907012,Barangay 648,Barangay 648,barangay,1380607000,1300000000,,1380607000,,,,,U,PSGC-2026-Q2-2026-06-30,barangay-648
1380608000,133908000,Ermita,Ermita,submunicipality,1380600000,1300000000,,1380600000,,,,,,PSGC-2026-Q2-2026-06-30,ermita-national-capital-region-ncr
1380608001,133908001,Barangay 659,Barangay 659,barangay,1380608000,1300000000,,1380608000,,,,,U,PSGC-2026-Q2-2026-06-30,barangay-659
1380608002,133908002,Barangay 659-A,Barangay 659-A,barangay,1380608000,1300000000,,1380608000,,,,,U,PSGC-2026-Q2-2026-06-30,barangay-659-a
1380608003,133908003,Barangay 660,Barangay 660,barangay,1380608000,1300000000,,1380608000,,,,,U,PSGC-2026-Q2-2026-06-30,barangay-660
1380608004,133908004,Barangay 660-A,Barangay 660-A,barangay,1380608000,1300000000,,1380608000,,,,,U,PSGC-2026-Q2-2026-06-30,barangay-660-a
1380608005,133908005,Barangay 661,Barangay 661,barangay,1380608000,1300000000,,1380608000,,,,,U,PSGC-2026-Q2-2026-06-30,barangay-661
1380608008,133908008,Barangay 666,Barangay 666,barangay,1380608000,1300000000,,1380608000,,,,,U,PSGC-2026-Q2-2026-06-30,barangay-666
1380608009,133908009,Barangay 667,Barangay 667,barangay,1380608000,1300000000,,1380608000,,,,,U,PSGC-2026-Q2-2026-06-30,barangay-667
1380608010,133908010,Barangay 668,Barangay 668,barangay,1380608000,1300000000,,1380608000,,,,,U,PSGC-2026-Q2-2026-06-30,barangay-668
1380608011,133908011,Barangay 669,Barangay 669,barangay,1380608000,1300000000,,1380608000,,,,,U,PSGC-2026-Q2-2026-06-30,barangay-669
1380608012,133908012,Barangay 670,Barangay 670,barangay,1380608000,1300000000,,1380608000,,,,,U,PSGC-2026-Q2-2026-06-30,barangay-670
1380608013,133908013,Barangay 663,Barangay 663,barangay,1380608000,1300000000,,1380608000,,,,,U,PSGC-2026-Q2-2026-06-30,barangay-663
1380608014,133908014,Barangay 663-A,Barangay 663-A,barangay,1380608000,1300000000,,1380608000,,,,,U,PSGC-2026-Q2-2026-06-30,barangay-663-a
1380608015,133908015,Barangay 664,Barangay 664,barangay,1380608000,1300000000,,1380608000,,,,,U,PSGC-2026-Q2-2026-06-30,barangay-664
1380609000,133909000,Intramuros,Intramuros,submunicipality,1380600000,1300000000,,1380600000,,,,,,PSGC-2026-Q2-2026-06-30,intramuros
1380609001,133909001,Barangay 654,Barangay 654,barangay,1380609000,1300000000,,1380609000,,,,,U,PSGC-2026-Q2-2026-06-30,barangay-654
1380609002,133909002,Barangay 655,Barangay 655,barangay,1380609000,1300000000,,1380609000,,,,,U,PSGC-2026-Q2-2026-06-30,barangay-655
1380609003,133909003,Barangay 656,Barangay 656,barangay,1380609000,1300000000,,1380609000,,,,,U,PSGC-2026-Q2-2026-06-30,barangay-656
1380609004,133909004,Barangay 657,Barangay 657,barangay,1380609000,1300000000,,1380609000,,,,,U,PSGC-2026-Q2-2026-06-30,barangay-657
1380609005,133909005,Barangay 658,Barangay 658,barangay,1380609000,1300000000,,1380609000,,,,,U,PSGC-2026-Q2-2026-06-30,barangay-658
1380610000,133910000,Malate,Malate,submunicipality,1380600000,1300000000,,1380600000,,,,,,PSGC-2026-Q2-2026-06-30,malate-national-capital-region-ncr
1380610004,133910004,Barangay 689,Barangay 689,barangay,1380610000,1300000000,,1380610000,,,,,U,PSGC-2026-Q2-2026-06-30,barangay-689
1380610005,133910005,Barangay 690,Barangay 690,barangay,1380610000,1300000000,,1380610000,,,,,U,PSGC-2026-Q2-2026-06-30,barangay-690
1380610006,133910006,Barangay 691,Barangay 691,barangay,1380610000,1300000000,,1380610000,,,,,U,PSGC-2026-Q2-2026-06-30,barangay-691
1380610007,133910007,Barangay 692,Barangay 692,barangay,1380610000,1300000000,,1380610000,,,,,U,PSGC-2026-Q2-2026-06-30,barangay-692
1380610008,133910008,Barangay 693,Barangay 693,barangay,1380610000,1300000000,,1380610000,,,,,U,PSGC-2026-Q2-2026-06-30,barangay-693
1380610009,133910009,Barangay 694,Barangay 694,barangay,1380610000,1300000000,,1380610000,,,,,U,PSGC-2026-Q2-2026-06-30,barangay-694
1380610010,133910010,Barangay 695,Barangay 695,barangay,1380610000,1300000000,,1380610000,,,,,U,PSGC-2026-Q2-2026-06-30,barangay-695
1380610011,133910011,Barangay 696,Barangay 696,barangay,1380610000,1300000000,,1380610000,,,,,U,PSGC-2026-Q2-2026-06-30,barangay-696
1380610012,133910012,Barangay 697,Barangay 697,barangay,1380610000,1300000000,,1380610000,,,,,U,PSGC-2026-Q2-2026-06-30,barangay-697
1380610013,133910013,Barangay 698,Barangay 698,barangay,1380610000,1300000000,,1380610000,,,,,U,PSGC-2026-Q2-2026-06-30,barangay-698
1380610014,133910014,Barangay 699,Barangay 699,barangay,1380610000,1300000000,,1380610000,,,,,U,PSGC-2026-Q2-2026-06-30,barangay-699
1380610015,133910015,Barangay 700,Barangay 700,barangay,1380610000,1300000000,,1380610000,,,,,U,PSGC-2026-Q2-2026-06-30,barangay-700
1380610016,133910016,Barangay 701,Barangay 701,barangay,1380610000,1300000000,,1380610000,,,,,U,PSGC-2026-Q2-2026-06-30,barangay-701
1380610017,133910017,Barangay 702,Barangay 702,barangay,1380610000,1300000000,,1380610000,,,,,U,PSGC-2026-Q2-2026-06-30,barangay-702
1380610018,133910018,Barangay 703,Barangay 703,barangay,1380610000,1300000000,,1380610000,,,,,U,PSGC-2026-Q2-2026-06-30,barangay-703
1380610019,133910019,Barangay 704,Barangay 704,barangay,1380610000,1300000000,,1380610000,,,,,U,PSGC-2026-Q2-2026-06-30,barangay-704
1380610020,133910020,Barangay 705,Barangay 705,barangay,1380610000,1300000000,,1380610000,,,,,U,PSGC-2026-Q2-2026-06-30,barangay-705
1380610021,133910021,Barangay 706,Barangay 706,barangay,1380610000,1300000000,,1380610000,,,,,U,PSGC-2026-Q2-2026-06-30,barangay-706
1380610022,133910022,Barangay 707,Barangay 707,barangay,1380610000,1300000000,,1380610000,,,,,U,PSGC-2026-Q2-2026-06-30,barangay-707
1380610023,133910023,Barangay 708,Barangay 708,barangay,1380610000,1300000000,,1380610000,,,,,U,PSGC-2026-Q2-2026-06-30,barangay-708
1380610024,133910024,Barangay 709,Barangay 709,barangay,1380610000,1300000000,,1380610000,,,,,U,PSGC-2026-Q2-2026-06-30,barangay-709
1380610025,133910025,Barangay 710,Barangay 710,barangay,1380610000,1300000000,,1380610000,,,,,U,PSGC-2026-Q2-2026-06-30,barangay-710
1380610026,133910026,Barangay 711,Barangay 711,barangay,1380610000,1300000000,,1380610000,,,,,U,PSGC-2026-Q2-2026-06-30,barangay-711
1380610027,133910027,Barangay 712,Barangay 712,barangay,1380610000,1300000000,,1380610000,,,,,U,PSGC-2026-Q2-2026-06-30,barangay-712
1380610028,133910028,Barangay 713,Barangay 713,barangay,1380610000,1300000000,,1380610000,,,,,U,PSGC-2026-Q2-2026-06-30,barangay-713
1380610029,133910029,Barangay 714,Barangay 714,barangay,1380610000,1300000000,,1380610000,,,,,U,PSGC-2026-Q2-2026-06-30,barangay-714
1380610030,133910030,Barangay 715,Barangay 715,barangay,1380610000,1300000000,,1380610000,,,,,U,PSGC-2026-Q2-2026-06-30,barangay-715
1380610031,133910031,Barangay 716,Barangay 716,barangay,1380610000,1300000000,,1380610000,,,,,U,PSGC-2026-Q2-2026-06-30,barangay-716
1380610032,133910032,Barangay 717,Barangay 717,barangay,1380610000,1300000000,,1380610000,,,,,U,PSGC-2026-Q2-2026-06-30,barangay-717
1380610033,133910033,Barangay 718,Barangay 718,barangay,1380610000,1300000000,,1380610000,,,,,U,PSGC-2026-Q2-2026-06-30,barangay-718
1380610034,133910034,Barangay 719,Barangay 719,barangay,1380610000,1300000000,,1380610000,,,,,U,PSGC-2026-Q2-2026-06-30,barangay-719
1380610035,133910035,Barangay 720,Barangay 720,barangay,1380610000,1300000000,,1380610000,,,,,U,PSGC-2026-Q2-2026-06-30,barangay-720
1380610036,133910036,Barangay 721,Barangay 721,barangay,1380610000,1300000000,,1380610000,,,,,U,PSGC-2026-Q2-2026-06-30,barangay-721
1380610037,133910037,Barangay 722,Barangay 722,barangay,1380610000,1300000000,,1380610000,,,,,U,PSGC-2026-Q2-2026-06-30,barangay-722
1380610038,133910038,Barangay 723,Barangay 723,barangay,1380610000,1300000000,,1380610000,,,,,U,PSGC-2026-Q2-2026-06-30,barangay-723
1380610039,133910039,Barangay 724,Barangay 724,barangay,1380610000,1300000000,,1380610000,,,,,U,PSGC-2026-Q2-2026-06-30,barangay-724
1380610040,133910040,Barangay 725,Barangay 725,barangay,1380610000,1300000000,,1380610000,,,,,U,PSGC-2026-Q2-2026-06-30,barangay-725
1380610041,133910041,Barangay 726,Barangay 726,barangay,1380610000,1300000000,,1380610000,,,,,U,PSGC-2026-Q2-2026-06-30,barangay-726
1380610042,133910042,Barangay 727,Barangay 727,barangay,1380610000,1300000000,,1380610000,,,,,U,PSGC-2026-Q2-2026-06-30,barangay-727
1380610043,133910043,Barangay 728,Barangay 728,barangay,1380610000,1300000000,,1380610000,,,,,U,PSGC-2026-Q2-2026-06-30,barangay-728
1380610044,133910044,Barangay 729,Barangay 729,barangay,1380610000,1300000000,,1380610000,,,,,U,PSGC-2026-Q2-2026-06-30,barangay-729
1380610045,133910045,Barangay 730,Barangay 730,barangay,1380610000,1300000000,,1380610000,,,,,U,PSGC-2026-Q2-2026-06-30,barangay-730
1380610046,133910046,Barangay 731,Barangay 731,barangay,1380610000,1300000000,,1380610000,,,,,U,PSGC-2026-Q2-2026-06-30,barangay-731
1380610047,133910047,Barangay 732,Barangay 732,barangay,1380610000,1300000000,,1380610000,,,,,U,PSGC-2026-Q2-2026-06-30,barangay-732
1380610048,133910048,Barangay 733,Barangay 733,barangay,1380610000,1300000000,,1380610000,,,,,U,PSGC-2026-Q2-2026-06-30,barangay-733
1380610052,133910052,Barangay 738,Barangay 738,barangay,1380610000,1300000000,,1380610000,,,,,U,PSGC-2026-Q2-2026-06-30,barangay-738
1380610053,133910053,Barangay 739,Barangay 739,barangay,1380610000,1300000000,,1380610000,,,,,U,PSGC-2026-Q2-2026-06-30,barangay-739
1380610054,133910054,Barangay 740,Barangay 740,barangay,1380610000,1300000000,,1380610000,,,,,U,PSGC-2026-Q2-2026-06-30,barangay-740
1380610055,133910055,Barangay 741,Barangay 741,barangay,1380610000,1300000000,,1380610000,,,,,U,PSGC-2026-Q2-2026-06-30,barangay-741
1380610056,133910056,Barangay 742,Barangay 742,barangay,1380610000,1300000000,,1380610000,,,,,U,PSGC-2026-Q2-2026-06-30,barangay-742
1380610057,133910057,Barangay 743,Barangay 743,barangay,1380610000,1300000000,,1380610000,,,,,U,PSGC-2026-Q2-2026-06-30,barangay-743
1380610058,133910058,Barangay 744,Barangay 744,barangay,1380610000,1300000000,,1380610000,,,,,U,PSGC-2026-Q2-2026-06-30,barangay-744
1380610059,133910059,Barangay 688,Barangay 688,barangay,1380610000,1300000000,,1380610000,,,,,U,PSGC-2026-Q2-2026-06-30,barangay-688
1380610060,133910060,Barangay 735,Barangay 735,barangay,1380610000,1300000000,,1380610000,,,,,U,PSGC-2026-Q2-2026-06-30,barangay-735
1380610061,133910061,Barangay 736,Barangay 736,barangay,1380610000,1300000000,,1380610000,,,,,U,PSGC-2026-Q2-2026-06-30,barangay-736
1380610062,133910062,Barangay 737,Barangay 737,barangay,1380610000,1300000000,,1380610000,,,,,U,PSGC-2026-Q2-2026-06-30,barangay-737
1380610063,133910063,Barangay 734,Barangay 734,barangay,1380610000,1300000000,,1380610000,,,,,U,PSGC-2026-Q2-2026-06-30,barangay-734
1380611000,133911000,Paco,Paco,submunicipality,1380600000,1300000000,,1380600000,,,,,,PSGC-2026-Q2-2026-06-30,paco-national-capital-region-ncr
1380611001,133911001,Barangay 662,Barangay 662,barangay,1380611000,1300000000,,1380611000,,,,,U,PSGC-2026-Q2-2026-06-30,barangay-662
1380611004,133911004,Barangay 664-A,Barangay 664-A,barangay,1380611000,1300000000,,1380611000,,,,,U,PSGC-2026-Q2-2026-06-30,barangay-664-a
1380611005,133911005,Barangay 671,Barangay 671,barangay,1380611000,1300000000,,1380611000,,,,,U,PSGC-2026-Q2-2026-06-30,barangay-671
1380611006,133911006,Barangay 672,Barangay 672,barangay,1380611000,1300000000,,1380611000,,,,,U,PSGC-2026-Q2-2026-06-30,barangay-672
1380611007,133911007,Barangay 673,Barangay 673,barangay,1380611000,1300000000,,1380611000,,,,,U,PSGC-2026-Q2-2026-06-30,barangay-673
1380611008,133911008,Barangay 674,Barangay 674,barangay,1380611000,1300000000,,1380611000,,,,,U,PSGC-2026-Q2-2026-06-30,barangay-674
1380611009,133911009,Barangay 675,Barangay 675,barangay,1380611000,1300000000,,1380611000,,,,,U,PSGC-2026-Q2-2026-06-30,barangay-675
1380611010,133911010,Barangay 676,Barangay 676,barangay,1380611000,1300000000,,1380611000,,,,,U,PSGC-2026-Q2-2026-06-30,barangay-676
1380611011,133911011,Barangay 677,Barangay 677,barangay,1380611000,1300000000,,1380611000,,,,,U,PSGC-2026-Q2-2026-06-30,barangay-677
1380611012,133911012,Barangay 678,Barangay 678,barangay,1380611000,1300000000,,1380611000,,,,,U,PSGC-2026-Q2-2026-06-30,barangay-678
1380611013,133911013,Barangay 679,Barangay 679,barangay,1380611000,1300000000,,1380611000,,,,,U,PSGC-2026-Q2-2026-06-30,barangay-679
1380611014,133911014,Barangay 680,Barangay 680,barangay,1380611000,1300000000,,1380611000,,,,,U,PSGC-2026-Q2-2026-06-30,barangay-680
1380611015,133911015,Barangay 681,Barangay 681,barangay,1380611000,1300000000,,1380611000,,,,,U,PSGC-2026-Q2-2026-06-30,barangay-681
1380611016,133911016,Barangay 682,Barangay 682,barangay,1380611000,1300000000,,1380611000,,,,,U,PSGC-2026-Q2-2026-06-30,barangay-682
1380611017,133911017,Barangay 683,Barangay 683,barangay,1380611000,1300000000,,1380611000,,,,,U,PSGC-2026-Q2-2026-06-30,barangay-683
1380611018,133911018,Barangay 684,Barangay 684,barangay,1380611000,1300000000,,1380611000,,,,,U,PSGC-2026-Q2-2026-06-30,barangay-684
1380611019,133911019,Barangay 685,Barangay 685,barangay,1380611000,1300000000,,1380611000,,,,,U,PSGC-2026-Q2-2026-06-30,barangay-685
1380611023,133911023,Barangay 809,Barangay 809,barangay,1380611000,1300000000,,1380611000,,,,,U,PSGC-2026-Q2-2026-06-30,barangay-809
1380611024,133911024,Barangay 810,Barangay 810,barangay,1380611000,1300000000,,1380611000,,,,,U,PSGC-2026-Q2-2026-06-30,barangay-810
1380611025,133911025,Barangay 811,Barangay 811,barangay,1380611000,1300000000,,1380611000,,,,,U,PSGC-2026-Q2-2026-06-30,barangay-811
1380611026,133911026,Barangay 812,Barangay 812,barangay,1380611000,1300000000,,1380611000,,,,,U,PSGC-2026-Q2-2026-06-30,barangay-812
1380611027,133911027,Barangay 813,Barangay 813,barangay,1380611000,1300000000,,1380611000,,,,,U,PSGC-2026-Q2-2026-06-30,barangay-813
1380611028,133911028,Barangay 814,Barangay 814,barangay,1380611000,1300000000,,1380611000,,,,,U,PSGC-2026-Q2-2026-06-30,barangay-814
1380611029,133911029,Barangay 815,Barangay 815,barangay,1380611000,1300000000,,1380611000,,,,,U,PSGC-2026-Q2-2026-06-30,barangay-815
1380611030,133911030,Barangay 816,Barangay 816,barangay,1380611000,1300000000,,1380611000,,,,,U,PSGC-2026-Q2-2026-06-30,barangay-816
1380611031,133911031,Barangay 817,Barangay 817,barangay,1380611000,1300000000,,1380611000,,,,,U,PSGC-2026-Q2-2026-06-30,barangay-817
1380611032,133911032,Barangay 818,Barangay 818,barangay,1380611000,1300000000,,1380611000,,,,,U,PSGC-2026-Q2-2026-06-30,barangay-818
1380611034,133911034,Barangay 819,Barangay 819,barangay,1380611000,1300000000,,1380611000,,,,,U,PSGC-2026-Q2-2026-06-30,barangay-819
1380611035,133911035,Barangay 820,Barangay 820,barangay,1380611000,1300000000,,1380611000,,,,,U,PSGC-2026-Q2-2026-06-30,barangay-820
1380611036,133911036,Barangay 821,Barangay 821,barangay,1380611000,1300000000,,1380611000,,,,,U,PSGC-2026-Q2-2026-06-30,barangay-821
1380611037,133911037,Barangay 822,Barangay 822,barangay,1380611000,1300000000,,1380611000,,,,,U,PSGC-2026-Q2-2026-06-30,barangay-822
1380611038,133911038,Barangay 823,Barangay 823,barangay,1380611000,1300000000,,1380611000,,,,,U,PSGC-2026-Q2-2026-06-30,barangay-823
1380611039,133911039,Barangay 824,Barangay 824,barangay,1380611000,1300000000,,1380611000,,,,,U,PSGC-2026-Q2-2026-06-30,barangay-824
1380611040,133911040,Barangay 825,Barangay 825,barangay,1380611000,1300000000,,1380611000,,,,,U,PSGC-2026-Q2-2026-06-30,barangay-825
1380611041,133911041,Barangay 826,Barangay 826,barangay,1380611000,1300000000,,1380611000,,,,,U,PSGC-2026-Q2-2026-06-30,barangay-826
1380611042,133911042,Barangay 827,Barangay 827,barangay,1380611000,1300000000,,1380611000,,,,,U,PSGC-2026-Q2-2026-06-30,barangay-827
1380611043,133911043,Barangay 828,Barangay 828,barangay,1380611000,1300000000,,1380611000,,,,,U,PSGC-2026-Q2-2026-06-30,barangay-828
1380611044,133911044,Barangay 829,Barangay 829,barangay,1380611000,1300000000,,1380611000,,,,,U,PSGC-2026-Q2-2026-06-30,barangay-829
1380611045,133911045,Barangay 830,Barangay 830,barangay,1380611000,1300000000,,1380611000,,,,,U,PSGC-2026-Q2-2026-06-30,barangay-830
1380611046,133911046,Barangay 831,Barangay 831,barangay,1380611000,1300000000,,1380611000,,,,,U,PSGC-2026-Q2-2026-06-30,barangay-831
1380611047,133911047,Barangay 832,Barangay 832,barangay,1380611000,1300000000,,1380611000,,,,,U,PSGC-2026-Q2-2026-06-30,barangay-832
1380611048,133911048,Barangay 686,Barangay 686,barangay,1380611000,1300000000,,1380611000,,,,,U,PSGC-2026-Q2-2026-06-30,barangay-686
1380611049,133911049,Barangay 687,Barangay 687,barangay,1380611000,1300000000,,1380611000,,,,,U,PSGC-2026-Q2-2026-06-30,barangay-687
1380612000,133912000,Pandacan,Pandacan,submunicipality,1380600000,1300000000,,1380600000,,,,,,PSGC-2026-Q2-2026-06-30,pandacan
1380612001,133912001,Barangay 833,Barangay 833,barangay,1380612000,1300000000,,1380612000,,,,,U,PSGC-2026-Q2-2026-06-30,barangay-833
1380612002,133912002,Barangay 834,Barangay 834,barangay,1380612000,1300000000,,1380612000,,,,,U,PSGC-2026-Q2-2026-06-30,barangay-834
1380612003,133912003,Barangay 835,Barangay 835,barangay,1380612000,1300000000,,1380612000,,,,,U,PSGC-2026-Q2-2026-06-30,barangay-835
1380612004,133912004,Barangay 836,Barangay 836,barangay,1380612000,1300000000,,1380612000,,,,,U,PSGC-2026-Q2-2026-06-30,barangay-836
1380612005,133912005,Barangay 837,Barangay 837,barangay,1380612000,1300000000,,1380612000,,,,,U,PSGC-2026-Q2-2026-06-30,barangay-837
1380612006,133912006,Barangay 838,Barangay 838,barangay,1380612000,1300000000,,1380612000,,,,,U,PSGC-2026-Q2-2026-06-30,barangay-838
1380612007,133912007,Barangay 839,Barangay 839,barangay,1380612000,1300000000,,1380612000,,,,,U,PSGC-2026-Q2-2026-06-30,barangay-839
1380612008,133912008,Barangay 840,Barangay 840,barangay,1380612000,1300000000,,1380612000,,,,,U,PSGC-2026-Q2-2026-06-30,barangay-840
1380612009,133912009,Barangay 841,Barangay 841,barangay,1380612000,1300000000,,1380612000,,,,,U,PSGC-2026-Q2-2026-06-30,barangay-841
1380612010,133912010,Barangay 842,Barangay 842,barangay,1380612000,1300000000,,1380612000,,,,,U,PSGC-2026-Q2-2026-06-30,barangay-842
1380612011,133912011,Barangay 843,Barangay 843,barangay,1380612000,1300000000,,1380612000,,,,,U,PSGC-2026-Q2-2026-06-30,barangay-843
1380612012,133912012,Barangay 844,Barangay 844,barangay,1380612000,1300000000,,1380612000,,,,,U,PSGC-2026-Q2-2026-06-30,barangay-844
1380612013,133912013,Barangay 845,Barangay 845,barangay,1380612000,1300000000,,1380612000,,,,,U,PSGC-2026-Q2-2026-06-30,barangay-845
1380612014,133912014,Barangay 846,Barangay 846,barangay,1380612000,1300000000,,1380612000,,,,,U,PSGC-2026-Q2-2026-06-30,barangay-846
1380612015,133912015,Barangay 847,Barangay 847,barangay,1380612000,1300000000,,1380612000,,,,,U,PSGC-2026-Q2-2026-06-30,barangay-847
1380612016,133912016,Barangay 848,Barangay 848,barangay,1380612000,1300000000,,1380612000,,,,,U,PSGC-2026-Q2-2026-06-30,barangay-848
1380612017,133912017,Barangay 849,Barangay 849,barangay,1380612000,1300000000,,1380612000,,,,,U,PSGC-2026-Q2-2026-06-30,barangay-849
1380612018,133912018,Barangay 850,Barangay 850,barangay,1380612000,1300000000,,1380612000,,,,,U,PSGC-2026-Q2-2026-06-30,barangay-850
1380612019,133912019,Barangay 851,Barangay 851,barangay,1380612000,1300000000,,1380612000,,,,,U,PSGC-2026-Q2-2026-06-30,barangay-851
1380612020,133912020,Barangay 852,Barangay 852,barangay,1380612000,1300000000,,1380612000,,,,,U,PSGC-2026-Q2-2026-06-30,barangay-852
1380612021,133912021,Barangay 853,Barangay 853,barangay,1380612000,1300000000,,1380612000,,,,,U,PSGC-2026-Q2-2026-06-30,barangay-853
1380612023,133912023,Barangay 855,Barangay 855,barangay,1380612000,1300000000,,1380612000,,,,,U,PSGC-2026-Q2-2026-06-30,barangay-855
1380612024,133912024,Barangay 856,Barangay 856,barangay,1380612000,1300000000,,1380612000,,,,,U,PSGC-2026-Q2-2026-06-30,barangay-856
1380612025,133912025,Barangay 857,Barangay 857,barangay,1380612000,1300000000,,1380612000,,,,,U,PSGC-2026-Q2-2026-06-30,barangay-857
1380612026,133912026,Barangay 858,Barangay 858,barangay,1380612000,1300000000,,1380612000,,,,,U,PSGC-2026-Q2-2026-06-30,barangay-858
1380612027,133912027,Barangay 859,Barangay 859,barangay,1380612000,1300000000,,1380612000,,,,,U,PSGC-2026-Q2-2026-06-30,barangay-859
1380612028,133912028,Barangay 860,Barangay 860,barangay,1380612000,1300000000,,1380612000,,,,,U,PSGC-2026-Q2-2026-06-30,barangay-860
1380612029,133912029,Barangay 861,Barangay 861,barangay,1380612000,1300000000,,1380612000,,,,,U,PSGC-2026-Q2-2026-06-30,barangay-861
1380612030,133912030,Barangay 862,Barangay 862,barangay,1380612000,1300000000,,1380612000,,,,,U,PSGC-2026-Q2-2026-06-30,barangay-862
1380612031,133912031,Barangay 863,Barangay 863,barangay,1380612000,1300000000,,1380612000,,,,,U,PSGC-2026-Q2-2026-06-30,barangay-863
1380612032,133912032,Barangay 864,Barangay 864,barangay,1380612000,1300000000,,1380612000,,,,,U,PSGC-2026-Q2-2026-06-30,barangay-864
1380612033,133912033,Barangay 865,Barangay 865,barangay,1380612000,1300000000,,1380612000,,,,,U,PSGC-2026-Q2-2026-06-30,barangay-865
1380612034,133912034,Barangay 867,Barangay 867,barangay,1380612000,1300000000,,1380612000,,,,,U,PSGC-2026-Q2-2026-06-30,barangay-867
1380612035,133912035,Barangay 868,Barangay 868,barangay,1380612000,1300000000,,1380612000,,,,,U,PSGC-2026-Q2-2026-06-30,barangay-868
1380612036,133912036,Barangay 870,Barangay 870,barangay,1380612000,1300000000,,1380612000,,,,,U,PSGC-2026-Q2-2026-06-30,barangay-870
1380612037,133912037,Barangay 871,Barangay 871,barangay,1380612000,1300000000,,1380612000,,,,,U,PSGC-2026-Q2-2026-06-30,barangay-871
1380612038,133912038,Barangay 872,Barangay 872,barangay,1380612000,1300000000,,1380612000,,,,,U,PSGC-2026-Q2-2026-06-30,barangay-872
1380612039,133912039,Barangay 869,Barangay 869,barangay,1380612000,1300000000,,1380612000,,,,,U,PSGC-2026-Q2-2026-06-30,barangay-869
1380613000,133913000,Port Area,Port Area,submunicipality,1380600000,1300000000,,1380600000,,,,,,PSGC-2026-Q2-2026-06-30,port-area
1380613001,133913001,Barangay 649,Barangay 649,barangay,1380613000,1300000000,,1380613000,,,,,U,PSGC-2026-Q2-2026-06-30,barangay-649
1380613002,133913002,Barangay 650,Barangay 650,barangay,1380613000,1300000000,,1380613000,,,,,U,PSGC-2026-Q2-2026-06-30,barangay-650
1380613003,133913003,Barangay 651,Barangay 651,barangay,1380613000,1300000000,,1380613000,,,,,U,PSGC-2026-Q2-2026-06-30,barangay-651
1380613004,133913004,Barangay 652,Barangay 652,barangay,1380613000,1300000000,,1380613000,,,,,U,PSGC-2026-Q2-2026-06-30,barangay-652
1380613005,133913005,Barangay 653,Barangay 653,barangay,1380613000,1300000000,,1380613000,,,,,U,PSGC-2026-Q2-2026-06-30,barangay-653
1380614000,133914000,Santa Ana,Santa Ana,submunicipality,1380600000,1300000000,,1380600000,,,,,,PSGC-2026-Q2-2026-06-30,santa-ana-national-capital-region-ncr
1380614002,133914002,Barangay 745,Barangay 745,barangay,1380614000,1300000000,,1380614000,,,,,U,PSGC-2026-Q2-2026-06-30,barangay-745
1380614003,133914003,Barangay 746,Barangay 746,barangay,1380614000,1300000000,,1380614000,,,,,U,PSGC-2026-Q2-2026-06-30,barangay-746
1380614004,133914004,Barangay 747,Barangay 747,barangay,1380614000,1300000000,,1380614000,,,,,U,PSGC-2026-Q2-2026-06-30,barangay-747
1380614005,133914005,Barangay 748,Barangay 748,barangay,1380614000,1300000000,,1380614000,,,,,U,PSGC-2026-Q2-2026-06-30,barangay-748
1380614006,133914006,Barangay 749,Barangay 749,barangay,1380614000,1300000000,,1380614000,,,,,U,PSGC-2026-Q2-2026-06-30,barangay-749
1380614007,133914007,Barangay 750,Barangay 750,barangay,1380614000,1300000000,,1380614000,,,,,U,PSGC-2026-Q2-2026-06-30,barangay-750
1380614008,133914008,Barangay 751,Barangay 751,barangay,1380614000,1300000000,,1380614000,,,,,U,PSGC-2026-Q2-2026-06-30,barangay-751
1380614009,133914009,Barangay 752,Barangay 752,barangay,1380614000,1300000000,,1380614000,,,,,U,PSGC-2026-Q2-2026-06-30,barangay-752
1380614010,133914010,Barangay 753,Barangay 753,barangay,1380614000,1300000000,,1380614000,,,,,U,PSGC-2026-Q2-2026-06-30,barangay-753
1380614011,133914011,Barangay 755,Barangay 755,barangay,1380614000,1300000000,,1380614000,,,,,U,PSGC-2026-Q2-2026-06-30,barangay-755
1380614012,133914012,Barangay 756,Barangay 756,barangay,1380614000,1300000000,,1380614000,,,,,U,PSGC-2026-Q2-2026-06-30,barangay-756
1380614013,133914013,Barangay 757,Barangay 757,barangay,1380614000,1300000000,,1380614000,,,,,U,PSGC-2026-Q2-2026-06-30,barangay-757
1380614014,133914014,Barangay 758,Barangay 758,barangay,1380614000,1300000000,,1380614000,,,,,U,PSGC-2026-Q2-2026-06-30,barangay-758
1380614015,133914015,Barangay 759,Barangay 759,barangay,1380614000,1300000000,,1380614000,,,,,U,PSGC-2026-Q2-2026-06-30,barangay-759
1380614016,133914016,Barangay 760,Barangay 760,barangay,1380614000,1300000000,,1380614000,,,,,U,PSGC-2026-Q2-2026-06-30,barangay-760
1380614017,133914017,Barangay 761,Barangay 761,barangay,1380614000,1300000000,,1380614000,,,,,U,PSGC-2026-Q2-2026-06-30,barangay-761
1380614018,133914018,Barangay 762,Barangay 762,barangay,1380614000,1300000000,,1380614000,,,,,U,PSGC-2026-Q2-2026-06-30,barangay-762
1380614019,133914019,Barangay 763,Barangay 763,barangay,1380614000,1300000000,,1380614000,,,,,U,PSGC-2026-Q2-2026-06-30,barangay-763
1380614020,133914020,Barangay 764,Barangay 764,barangay,1380614000,1300000000,,1380614000,,,,,U,PSGC-2026-Q2-2026-06-30,barangay-764
1380614021,133914021,Barangay 765,Barangay 765,barangay,1380614000,1300000000,,1380614000,,,,,U,PSGC-2026-Q2-2026-06-30,barangay-765
1380614022,133914022,Barangay 766,Barangay 766,barangay,1380614000,1300000000,,1380614000,,,,,U,PSGC-2026-Q2-2026-06-30,barangay-766
1380614023,133914023,Barangay 767,Barangay 767,barangay,1380614000,1300000000,,1380614000,,,,,U,PSGC-2026-Q2-2026-06-30,barangay-767
1380614024,133914024,Barangay 768,Barangay 768,barangay,1380614000,1300000000,,1380614000,,,,,U,PSGC-2026-Q2-2026-06-30,barangay-768
1380614025,133914025,Barangay 769,Barangay 769,barangay,1380614000,1300000000,,1380614000,,,,,U,PSGC-2026-Q2-2026-06-30,barangay-769
1380614026,133914026,Barangay 770,Barangay 770,barangay,1380614000,1300000000,,1380614000,,,,,U,PSGC-2026-Q2-2026-06-30,barangay-770
1380614027,133914027,Barangay 771,Barangay 771,barangay,1380614000,1300000000,,1380614000,,,,,U,PSGC-2026-Q2-2026-06-30,barangay-771
1380614028,133914028,Barangay 772,Barangay 772,barangay,1380614000,1300000000,,1380614000,,,,,U,PSGC-2026-Q2-2026-06-30,barangay-772
1380614029,133914029,Barangay 773,Barangay 773,barangay,1380614000,1300000000,,1380614000,,,,,U,PSGC-2026-Q2-2026-06-30,barangay-773
1380614030,133914030,Barangay 774,Barangay 774,barangay,1380614000,1300000000,,1380614000,,,,,U,PSGC-2026-Q2-2026-06-30,barangay-774
1380614031,133914031,Barangay 775,Barangay 775,barangay,1380614000,1300000000,,1380614000,,,,,U,PSGC-2026-Q2-2026-06-30,barangay-775
1380614032,133914032,Barangay 776,Barangay 776,barangay,1380614000,1300000000,,1380614000,,,,,U,PSGC-2026-Q2-2026-06-30,barangay-776
1380614033,133914033,Barangay 777,Barangay 777,barangay,1380614000,1300000000,,1380614000,,,,,U,PSGC-2026-Q2-2026-06-30,barangay-777
1380614034,133914034,Barangay 778,Barangay 778,barangay,1380614000,1300000000,,1380614000,,,,,U,PSGC-2026-Q2-2026-06-30,barangay-778
1380614035,133914035,Barangay 779,Barangay 779,barangay,1380614000,1300000000,,1380614000,,,,,U,PSGC-2026-Q2-2026-06-30,barangay-779
1380614036,133914036,Barangay 780,Barangay 780,barangay,1380614000,1300000000,,1380614000,,,,,U,PSGC-2026-Q2-2026-06-30,barangay-780
1380614037,133914037,Barangay 781,Barangay 781,barangay,1380614000,1300000000,,1380614000,,,,,U,PSGC-2026-Q2-2026-06-30,barangay-781
1380614038,133914038,Barangay 782,Barangay 782,barangay,1380614000,1300000000,,1380614000,,,,,U,PSGC-2026-Q2-2026-06-30,barangay-782
1380614039,133914039,Barangay 783,Barangay 783,barangay,1380614000,1300000000,,1380614000,,,,,U,PSGC-2026-Q2-2026-06-30,barangay-783
1380614040,133914040,Barangay 784,Barangay 784,barangay,1380614000,1300000000,,1380614000,,,,,U,PSGC-2026-Q2-2026-06-30,barangay-784
1380614041,133914041,Barangay 785,Barangay 785,barangay,1380614000,1300000000,,1380614000,,,,,U,PSGC-2026-Q2-2026-06-30,barangay-785
1380614042,133914042,Barangay 786,Barangay 786,barangay,1380614000,1300000000,,1380614000,,,,,U,PSGC-2026-Q2-2026-06-30,barangay-786
1380614043,133914043,Barangay 787,Barangay 787,barangay,1380614000,1300000000,,1380614000,,,,,U,PSGC-2026-Q2-2026-06-30,barangay-787
1380614044,133914044,Barangay 788,Barangay 788,barangay,1380614000,1300000000,,1380614000,,,,,U,PSGC-2026-Q2-2026-06-30,barangay-788
1380614045,133914045,Barangay 789,Barangay 789,barangay,1380614000,1300000000,,1380614000,,,,,U,PSGC-2026-Q2-2026-06-30,barangay-789
1380614046,133914046,Barangay 790,Barangay 790,barangay,1380614000,1300000000,,1380614000,,,,,U,PSGC-2026-Q2-2026-06-30,barangay-790
1380614047,133914047,Barangay 791,Barangay 791,barangay,1380614000,1300000000,,1380614000,,,,,U,PSGC-2026-Q2-2026-06-30,barangay-791
1380614048,133914048,Barangay 792,Barangay 792,barangay,1380614000,1300000000,,1380614000,,,,,U,PSGC-2026-Q2-2026-06-30,barangay-792
1380614049,133914049,Barangay 793,Barangay 793,barangay,1380614000,1300000000,,1380614000,,,,,U,PSGC-2026-Q2-2026-06-30,barangay-793
1380614050,133914050,Barangay 794,Barangay 794,barangay,1380614000,1300000000,,1380614000,,,,,U,PSGC-2026-Q2-2026-06-30,barangay-794
1380614051,133914051,Barangay 795,Barangay 795,barangay,1380614000,1300000000,,1380614000,,,,,U,PSGC-2026-Q2-2026-06-30,barangay-795
1380614052,133914052,Barangay 796,Barangay 796,barangay,1380614000,1300000000,,1380614000,,,,,U,PSGC-2026-Q2-2026-06-30,barangay-796
1380614053,133914053,Barangay 797,Barangay 797,barangay,1380614000,1300000000,,1380614000,,,,,U,PSGC-2026-Q2-2026-06-30,barangay-797
1380614054,133914054,Barangay 798,Barangay 798,barangay,1380614000,1300000000,,1380614000,,,,,U,PSGC-2026-Q2-2026-06-30,barangay-798
1380614055,133914055,Barangay 799,Barangay 799,barangay,1380614000,1300000000,,1380614000,,,,,U,PSGC-2026-Q2-2026-06-30,barangay-799
1380614056,133914056,Barangay 800,Barangay 800,barangay,1380614000,1300000000,,1380614000,,,,,U,PSGC-2026-Q2-2026-06-30,barangay-800
1380614057,133914057,Barangay 801,Barangay 801,barangay,1380614000,1300000000,,1380614000,,,,,U,PSGC-2026-Q2-2026-06-30,barangay-801
1380614058,133914058,Barangay 802,Barangay 802,barangay,1380614000,1300000000,,1380614000,,,,,U,PSGC-2026-Q2-2026-06-30,barangay-802
1380614059,133914059,Barangay 803,Barangay 803,barangay,1380614000,1300000000,,1380614000,,,,,U,PSGC-2026-Q2-2026-06-30,barangay-803
1380614060,133914060,Barangay 804,Barangay 804,barangay,1380614000,1300000000,,1380614000,,,,,U,PSGC-2026-Q2-2026-06-30,barangay-804
1380614061,133914061,Barangay 805,Barangay 805,barangay,1380614000,1300000000,,1380614000,,,,,U,PSGC-2026-Q2-2026-06-30,barangay-805
1380614062,133914062,Barangay 806,Barangay 806,barangay,1380614000,1300000000,,1380614000,,,,,U,PSGC-2026-Q2-2026-06-30,barangay-806
1380614063,133914063,Barangay 807,Barangay 807,barangay,1380614000,1300000000,,1380614000,,,,,U,PSGC-2026-Q2-2026-06-30,barangay-807
1380614064,133914064,Barangay 866,Barangay 866,barangay,1380614000,1300000000,,1380614000,,,,,U,PSGC-2026-Q2-2026-06-30,barangay-866
1380614066,133914066,Barangay 873,Barangay 873,barangay,1380614000,1300000000,,1380614000,,,,,U,PSGC-2026-Q2-2026-06-30,barangay-873
1380614067,133914067,Barangay 874,Barangay 874,barangay,1380614000,1300000000,,1380614000,,,,,U,PSGC-2026-Q2-2026-06-30,barangay-874
1380614068,133914068,Barangay 875,Barangay 875,barangay,1380614000,1300000000,,1380614000,,,,,U,PSGC-2026-Q2-2026-06-30,barangay-875
1380614069,133914069,Barangay 876,Barangay 876,barangay,1380614000,1300000000,,1380614000,,,,,U,PSGC-2026-Q2-2026-06-30,barangay-876
1380614070,133914070,Barangay 877,Barangay 877,barangay,1380614000,1300000000,,1380614000,,,,,U,PSGC-2026-Q2-2026-06-30,barangay-877
1380614071,133914071,Barangay 878,Barangay 878,barangay,1380614000,1300000000,,1380614000,,,,,U,PSGC-2026-Q2-2026-06-30,barangay-878
1380614072,133914072,Barangay 879,Barangay 879,barangay,1380614000,1300000000,,1380614000,,,,,U,PSGC-2026-Q2-2026-06-30,barangay-879
1380614073,133914073,Barangay 880,Barangay 880,barangay,1380614000,1300000000,,1380614000,,,,,U,PSGC-2026-Q2-2026-06-30,barangay-880
1380614074,133914074,Barangay 881,Barangay 881,barangay,1380614000,1300000000,,1380614000,,,,,U,PSGC-2026-Q2-2026-06-30,barangay-881
1380614075,133914075,Barangay 882,Barangay 882,barangay,1380614000,1300000000,,1380614000,,,,,U,PSGC-2026-Q2-2026-06-30,barangay-882
1380614076,133914076,Barangay 883,Barangay 883,barangay,1380614000,1300000000,,1380614000,,,,,U,PSGC-2026-Q2-2026-06-30,barangay-883
1380614077,133914077,Barangay 884,Barangay 884,barangay,1380614000,1300000000,,1380614000,,,,,U,PSGC-2026-Q2-2026-06-30,barangay-884
1380614078,133914078,Barangay 885,Barangay 885,barangay,1380614000,1300000000,,1380614000,,,,,U,PSGC-2026-Q2-2026-06-30,barangay-885
1380614079,133914079,Barangay 886,Barangay 886,barangay,1380614000,1300000000,,1380614000,,,,,U,PSGC-2026-Q2-2026-06-30,barangay-886
1380614080,133914080,Barangay 887,Barangay 887,barangay,1380614000,1300000000,,1380614000,,,,,U,PSGC-2026-Q2-2026-06-30,barangay-887
1380614081,133914081,Barangay 888,Barangay 888,barangay,1380614000,1300000000,,1380614000,,,,,U,PSGC-2026-Q2-2026-06-30,barangay-888
1380614082,133914082,Barangay 889,Barangay 889,barangay,1380614000,1300000000,,1380614000,,,,,U,PSGC-2026-Q2-2026-06-30,barangay-889
1380614083,133914083,Barangay 890,Barangay 890,barangay,1380614000,1300000000,,1380614000,,,,,U,PSGC-2026-Q2-2026-06-30,barangay-890
1380614084,133914084,Barangay 891,Barangay 891,barangay,1380614000,1300000000,,1380614000,,,,,U,PSGC-2026-Q2-2026-06-30,barangay-891
1380614085,133914085,Barangay 892,Barangay 892,barangay,1380614000,1300000000,,1380614000,,,,,U,PSGC-2026-Q2-2026-06-30,barangay-892
1380614086,133914086,Barangay 893,Barangay 893,barangay,1380614000,1300000000,,1380614000,,,,,U,PSGC-2026-Q2-2026-06-30,barangay-893
1380614087,133914087,Barangay 894,Barangay 894,barangay,1380614000,1300000000,,1380614000,,,,,U,PSGC-2026-Q2-2026-06-30,barangay-894
1380614088,133914088,Barangay 895,Barangay 895,barangay,1380614000,1300000000,,1380614000,,,,,U,PSGC-2026-Q2-2026-06-30,barangay-895
1380614089,133914089,Barangay 896,Barangay 896,barangay,1380614000,1300000000,,1380614000,,,,,U,PSGC-2026-Q2-2026-06-30,barangay-896
1380614090,133914090,Barangay 897,Barangay 897,barangay,1380614000,1300000000,,1380614000,,,,,U,PSGC-2026-Q2-2026-06-30,barangay-897
1380614091,133914091,Barangay 898,Barangay 898,barangay,1380614000,1300000000,,1380614000,,,,,U,PSGC-2026-Q2-2026-06-30,barangay-898
1380614092,133914092,Barangay 899,Barangay 899,barangay,1380614000,1300000000,,1380614000,,,,,U,PSGC-2026-Q2-2026-06-30,barangay-899
1380614093,133914093,Barangay 900,Barangay 900,barangay,1380614000,1300000000,,1380614000,,,,,U,PSGC-2026-Q2-2026-06-30,barangay-900
1380614094,133914094,Barangay 901,Barangay 901,barangay,1380614000,1300000000,,1380614000,,,,,U,PSGC-2026-Q2-2026-06-30,barangay-901
1380614095,133914095,Barangay 902,Barangay 902,barangay,1380614000,1300000000,,1380614000,,,,,U,PSGC-2026-Q2-2026-06-30,barangay-902
1380614096,133914096,Barangay 903,Barangay 903,barangay,1380614000,1300000000,,1380614000,,,,,U,PSGC-2026-Q2-2026-06-30,barangay-903
1380614097,133914097,Barangay 904,Barangay 904,barangay,1380614000,1300000000,,1380614000,,,,,U,PSGC-2026-Q2-2026-06-30,barangay-904
1380614098,133914098,Barangay 905,Barangay 905,barangay,1380614000,1300000000,,1380614000,,,,,U,PSGC-2026-Q2-2026-06-30,barangay-905
1380614099,133914099,Barangay 754,Barangay 754,barangay,1380614000,1300000000,,1380614000,,,,,U,PSGC-2026-Q2-2026-06-30,barangay-754
1380614100,133914100,Barangay 808,Barangay 808,barangay,1380614000,1300000000,,1380614000,,,,,U,PSGC-2026-Q2-2026-06-30,barangay-808
1380614101,133914101,Barangay 818-A,Barangay 818-A,barangay,1380614000,1300000000,,1380614000,,,,,U,PSGC-2026-Q2-2026-06-30,barangay-818-a
1380700000,137402000,City of Marikina,Marikina City,city,1300000000,1300000000,,1380700000,Highly Urbanized City,1st,,,,PSGC-2026-Q2-2026-06-30,marikina
1380700001,137402001,Barangka,Barangka,barangay,1380700000,1300000000,,1380700000,,,,,U,PSGC-2026-Q2-2026-06-30,barangka
1380700002,137402002,Calumpang,Calumpang,barangay,1380700000,1300000000,,1380700000,,,,,U,PSGC-2026-Q2-2026-06-30,calumpang-national-capital-region-ncr
1380700003,137402003,Concepcion Uno,Concepcion Uno,barangay,1380700000,1300000000,,1380700000,,,,,U,PSGC-2026-Q2-2026-06-30,concepcion-uno
1380700004,137402004,Jesus De La Peña,Jesus De La Peña,barangay,1380700000,1300000000,,1380700000,,,,,U,PSGC-2026-Q2-2026-06-30,jesus-de-la-pena
1380700005,137402005,Malanday,Malanday,barangay,1380700000,1300000000,,1380700000,,,,,U,PSGC-2026-Q2-2026-06-30,malanday-national-capital-region-ncr
1380700006,137402006,Nangka,Nangka,barangay,1380700000,1300000000,,1380700000,,,,,U,PSGC-2026-Q2-2026-06-30,nangka-national-capital-region-ncr
1380700007,137402007,Parang,Parang,barangay,1380700000,1300000000,,1380700000,,,,,U,PSGC-2026-Q2-2026-06-30,parang-national-capital-region-ncr
1380700008,137402008,San Roque,San Roque,barangay,1380700000,1300000000,,1380700000,,,,,U,PSGC-2026-Q2-2026-06-30,san-roque-national-capital-region-ncr
1380700009,137402009,Santa Elena,Santa Elena,barangay,1380700000,1300000000,,1380700000,,,,Pob.,U,PSGC-2026-Q2-2026-06-30,santa-elena-national-capital-region-ncr
1380700010,137402010,Santo Niño,Santo Niño,barangay,1380700000,1300000000,,1380700000,,,,,U,PSGC-2026-Q2-2026-06-30,santo-nino-national-capital-region-ncr
1380700011,137402011,Tañong,Tañong,barangay,1380700000,1300000000,,1380700000,,,,,U,PSGC-2026-Q2-2026-06-30,tanong-national-capital-region-ncr-1380700011
1380700012,137402012,Concepcion Dos,Concepcion Dos,barangay,1380700000,1300000000,,1380700000,,,,,U,PSGC-2026-Q2-2026-06-30,concepcion-dos
1380700013,137402013,Marikina Heights,Marikina Heights,barangay,1380700000,1300000000,,1380700000,,,Concepcion,,U,PSGC-2026-Q2-2026-06-30,marikina-heights
1380700014,137402014,Industrial Valley,Industrial Valley,barangay,1380700000,1300000000,,1380700000,,,,,U,PSGC-2026-Q2-2026-06-30,industrial-valley
1380700015,137402015,Fortune,Fortune,barangay,1380700000,1300000000,,1380700000,,,,,U,PSGC-2026-Q2-2026-06-30,fortune
1380700016,137402016,Tumana,Tumana,barangay,1380700000,1300000000,,1380700000,,,,,U,PSGC-2026-Q2-2026-06-30,tumana-national-capital-region-ncr
1380800000,137603000,City of Muntinlupa,Muntinlupa City,city,1300000000,1300000000,,1380800000,Highly Urbanized City,1st,,,,PSGC-2026-Q2-2026-06-30,muntinlupa
1380800001,137603001,Alabang,Alabang,barangay,1380800000,1300000000,,1380800000,,,,,U,PSGC-2026-Q2-2026-06-30,alabang
1380800002,137603002,Bayanan,Bayanan,barangay,1380800000,1300000000,,1380800000,,,,,U,PSGC-2026-Q2-2026-06-30,bayanan-national-capital-region-ncr
1380800003,137603003,Buli,Buli,barangay,1380800000,1300000000,,1380800000,,,,,U,PSGC-2026-Q2-2026-06-30,buli-national-capital-region-ncr
1380800004,137603004,Cupang,Cupang,barangay,1380800000,1300000000,,1380800000,,,,,U,PSGC-2026-Q2-2026-06-30,cupang-national-capital-region-ncr
1380800005,137603005,Poblacion,Poblacion,barangay,1380800000,1300000000,,1380800000,,,,,U,PSGC-2026-Q2-2026-06-30,poblacion-national-capital-region-ncr-1380800005
1380800006,137603006,Putatan,Putatan,barangay,1380800000,1300000000,,1380800000,,,,,U,PSGC-2026-Q2-2026-06-30,putatan
1380800007,137603007,Sucat,Sucat,barangay,1380800000,1300000000,,1380800000,,,,,U,PSGC-2026-Q2-2026-06-30,sucat
1380800008,137603008,Tunasan,Tunasan,barangay,1380800000,1300000000,,1380800000,,,,,U,PSGC-2026-Q2-2026-06-30,tunasan
1380800009,137603009,New Alabang Village,New Alabang Village,barangay,1380800000,1300000000,,1380800000,,,,,U,PSGC-2026-Q2-2026-06-30,new-alabang-village
1380900000,137503000,City of Navotas,Navotas City,city,1300000000,1300000000,,1380900000,Highly Urbanized City,1st,,,,PSGC-2026-Q2-2026-06-30,navotas
1380900001,137503001,Sipac-Almacen,Sipac-Almacen,barangay,1380900000,1300000000,,1380900000,,,,,U,PSGC-2026-Q2-2026-06-30,sipac-almacen
1380900002,137503002,Bagumbayan North,Bagumbayan North,barangay,1380900000,1300000000,,1380900000,,,,,U,PSGC-2026-Q2-2026-06-30,bagumbayan-north
1380900003,137503003,Bagumbayan South,Bagumbayan South,barangay,1380900000,1300000000,,1380900000,,,,,U,PSGC-2026-Q2-2026-06-30,bagumbayan-south
1380900004,137503004,Bangculasi,Bangculasi,barangay,1380900000,1300000000,,1380900000,,,,,U,PSGC-2026-Q2-2026-06-30,bangculasi
1380900005,137503005,Daanghari,Daanghari,barangay,1380900000,1300000000,,1380900000,,,,,U,PSGC-2026-Q2-2026-06-30,daanghari
1380900006,137503006,Navotas East,Navotas East,barangay,1380900000,1300000000,,1380900000,,,,,U,PSGC-2026-Q2-2026-06-30,navotas-east
1380900007,137503007,Navotas West,Navotas West,barangay,1380900000,1300000000,,1380900000,,,,,U,PSGC-2026-Q2-2026-06-30,navotas-west
1380900008,137503008,North Bay Boulevard North,North Bay Boulevard North,barangay,1380900000,1300000000,,1380900000,,,,,U,PSGC-2026-Q2-2026-06-30,north-bay-boulevard-north
1380900009,137503009,NBBS Kaunlaran,NBBS Kaunlaran,barangay,1380900000,1300000000,,1380900000,,,North Bay Boulevard South,,U,PSGC-2026-Q2-2026-06-30,nbbs-kaunlaran
1380900010,137503010,San Jose,San Jose,barangay,1380900000,1300000000,,1380900000,,,,Pob.,U,PSGC-2026-Q2-2026-06-30,san-jose-national-capital-region-ncr-1380900010
1380900011,137503011,San Rafael Village,San Rafael Village,barangay,1380900000,1300000000,,1380900000,,,,,U,PSGC-2026-Q2-2026-06-30,san-rafael-village
1380900012,137503012,San Roque,San Roque,barangay,1380900000,1300000000,,1380900000,,,,,U,PSGC-2026-Q2-2026-06-30,san-roque-national-capital-region-ncr-1380900012
1380900013,137503013,Tangos South,Tangos South,barangay,1380900000,1300000000,,1380900000,,,Tangos,,U,PSGC-2026-Q2-2026-06-30,tangos-south
1380900014,137503014,Tanza 1,Tanza 1,barangay,1380900000,1300000000,,1380900000,,,Tanza,,U,PSGC-2026-Q2-2026-06-30,tanza-1
1380900015,137503015,NBBS Dagat-dagatan,NBBS Dagat-dagatan,barangay,1380900000,1300000000,,1380900000,,,North Bay Boulevard South,,U,PSGC-2026-Q2-2026-06-30,nbbs-dagat-dagatan
1380900016,137503016,NBBS Proper,NBBS Proper,barangay,1380900000,1300000000,,1380900000,,,North Bay Boulevard South,,U,PSGC-2026-Q2-2026-06-30,nbbs-proper
1380900017,137503017,Tangos North,Tangos North,barangay,1380900000,1300000000,,1380900000,,,Tangos,,U,PSGC-2026-Q2-2026-06-30,tangos-north
1380900018,137503018,Tanza 2,Tanza 2,barangay,1380900000,1300000000,,1380900000,,,Tanza,,U,PSGC-2026-Q2-2026-06-30,tanza-2
1381000000,137604000,City of Parañaque,Parañaque City,city,1300000000,1300000000,,1381000000,Highly Urbanized City,1st,,,,PSGC-2026-Q2-2026-06-30,paranaque
1381000001,137604001,Baclaran,Baclaran,barangay,1381000000,1300000000,,1381000000,,,,,U,PSGC-2026-Q2-2026-06-30,baclaran-national-capital-region-ncr
1381000002,137604002,Don Galo,Don Galo,barangay,1381000000,1300000000,,1381000000,,,,,U,PSGC-2026-Q2-2026-06-30,don-galo
1381000003,137604003,La Huerta,La Huerta,barangay,1381000000,1300000000,,1381000000,,,,,U,PSGC-2026-Q2-2026-06-30,la-huerta
1381000004,137604004,San Dionisio,San Dionisio,barangay,1381000000,1300000000,,1381000000,,,,,U,PSGC-2026-Q2-2026-06-30,san-dionisio-national-capital-region-ncr
1381000005,137604005,Santo Niño,Santo Niño,barangay,1381000000,1300000000,,1381000000,,,,,U,PSGC-2026-Q2-2026-06-30,santo-nino-national-capital-region-ncr-1381000005
1381000006,137604006,Tambo,Tambo,barangay,1381000000,1300000000,,1381000000,,,,,U,PSGC-2026-Q2-2026-06-30,tambo-national-capital-region-ncr
1381000007,137604007,B. F. Homes,B. F. Homes,barangay,1381000000,1300000000,,1381000000,,,,,U,PSGC-2026-Q2-2026-06-30,b-f-homes
1381000008,137604008,Don Bosco,Don Bosco,barangay,1381000000,1300000000,,1381000000,,,,,U,PSGC-2026-Q2-2026-06-30,don-bosco
1381000009,137604009,Marcelo Green Village,Marcelo Green Village,barangay,1381000000,1300000000,,1381000000,,,,,U,PSGC-2026-Q2-2026-06-30,marcelo-green-village
1381000010,137604010,Merville,Merville,barangay,1381000000,1300000000,,1381000000,,,,,U,PSGC-2026-Q2-2026-06-30,merville
1381000011,137604011,Moonwalk,Moonwalk,barangay,1381000000,1300000000,,1381000000,,,,,U,PSGC-2026-Q2-2026-06-30,moonwalk
1381000012,137604012,San Antonio,San Antonio,barangay,1381000000,1300000000,,1381000000,,,,,U,PSGC-2026-Q2-2026-06-30,san-antonio-national-capital-region-ncr-1381000012
1381000013,137604013,San Isidro,San Isidro,barangay,1381000000,1300000000,,1381000000,,,,,U,PSGC-2026-Q2-2026-06-30,san-isidro-national-capital-region-ncr-1381000013
1381000014,137604014,San Martin De Porres,San Martin De Porres,barangay,1381000000,1300000000,,1381000000,,,,,U,PSGC-2026-Q2-2026-06-30,san-martin-de-porres-national-capital-region-ncr
1381000015,137604015,Sun Valley,Sun Valley,barangay,1381000000,1300000000,,1381000000,,,,,U,PSGC-2026-Q2-2026-06-30,sun-valley
1381000016,137604016,Vitalez,Vitalez,barangay,1381000000,1300000000,,1381000000,,,,,U,PSGC-2026-Q2-2026-06-30,vitalez
1381100000,137605000,Pasay City,Pasay City,city,1300000000,1300000000,,1381100000,Highly Urbanized City,1st,,,,PSGC-2026-Q2-2026-06-30,pasay
1381100001,137605001,Barangay 1,Barangay 1,barangay,1381100000,1300000000,,1381100000,,,,,U,PSGC-2026-Q2-2026-06-30,barangay-1-national-capital-region-ncr-1381100001
1381100002,137605002,Barangay 2,Barangay 2,barangay,1381100000,1300000000,,1381100000,,,,,U,PSGC-2026-Q2-2026-06-30,barangay-2-national-capital-region-ncr-1381100002
1381100003,137605003,Barangay 3,Barangay 3,barangay,1381100000,1300000000,,1381100000,,,,,U,PSGC-2026-Q2-2026-06-30,barangay-3-national-capital-region-ncr-1381100003
1381100004,137605004,Barangay 4,Barangay 4,barangay,1381100000,1300000000,,1381100000,,,,,U,PSGC-2026-Q2-2026-06-30,barangay-4-national-capital-region-ncr-1381100004
1381100005,137605005,Barangay 5,Barangay 5,barangay,1381100000,1300000000,,1381100000,,,,,U,PSGC-2026-Q2-2026-06-30,barangay-5-national-capital-region-ncr-1381100005
1381100006,137605006,Barangay 6,Barangay 6,barangay,1381100000,1300000000,,1381100000,,,,,U,PSGC-2026-Q2-2026-06-30,barangay-6-national-capital-region-ncr-1381100006
1381100007,137605007,Barangay 7,Barangay 7,barangay,1381100000,1300000000,,1381100000,,,,,U,PSGC-2026-Q2-2026-06-30,barangay-7-national-capital-region-ncr-1381100007
1381100008,137605008,Barangay 8,Barangay 8,barangay,1381100000,1300000000,,1381100000,,,,,U,PSGC-2026-Q2-2026-06-30,barangay-8-national-capital-region-ncr-1381100008
1381100009,137605009,Barangay 9,Barangay 9,barangay,1381100000,1300000000,,1381100000,,,,,U,PSGC-2026-Q2-2026-06-30,barangay-9-national-capital-region-ncr-1381100009
1381100010,137605010,Barangay 10,Barangay 10,barangay,1381100000,1300000000,,1381100000,,,,,U,PSGC-2026-Q2-2026-06-30,barangay-10-national-capital-region-ncr-1381100010
1381100011,137605011,Barangay 11,Barangay 11,barangay,1381100000,1300000000,,1381100000,,,,,U,PSGC-2026-Q2-2026-06-30,barangay-11-national-capital-region-ncr-1381100011
1381100012,137605012,Barangay 12,Barangay 12,barangay,1381100000,1300000000,,1381100000,,,,,U,PSGC-2026-Q2-2026-06-30,barangay-12-national-capital-region-ncr-1381100012
1381100013,137605013,Barangay 13,Barangay 13,barangay,1381100000,1300000000,,1381100000,,,,,U,PSGC-2026-Q2-2026-06-30,barangay-13-national-capital-region-ncr-1381100013
1381100014,137605014,Barangay 14,Barangay 14,barangay,1381100000,1300000000,,1381100000,,,,,U,PSGC-2026-Q2-2026-06-30,barangay-14-national-capital-region-ncr-1381100014
1381100015,137605015,Barangay 15,Barangay 15,barangay,1381100000,1300000000,,1381100000,,,,,U,PSGC-2026-Q2-2026-06-30,barangay-15-national-capital-region-ncr-1381100015
1381100016,137605016,Barangay 16,Barangay 16,barangay,1381100000,1300000000,,1381100000,,,,,U,PSGC-2026-Q2-2026-06-30,barangay-16-national-capital-region-ncr-1381100016
1381100017,137605017,Barangay 17,Barangay 17,barangay,1381100000,1300000000,,1381100000,,,,,U,PSGC-2026-Q2-2026-06-30,barangay-17-national-capital-region-ncr-1381100017
1381100018,137605018,Barangay 18,Barangay 18,barangay,1381100000,1300000000,,1381100000,,,,,U,PSGC-2026-Q2-2026-06-30,barangay-18-national-capital-region-ncr-1381100018
1381100019,137605019,Barangay 19,Barangay 19,barangay,1381100000,1300000000,,1381100000,,,,,U,PSGC-2026-Q2-2026-06-30,barangay-19-national-capital-region-ncr-1381100019
1381100020,137605020,Barangay 20,Barangay 20,barangay,1381100000,1300000000,,1381100000,,,,,U,PSGC-2026-Q2-2026-06-30,barangay-20-national-capital-region-ncr-1381100020
1381100021,137605021,Barangay 21,Barangay 21,barangay,1381100000,1300000000,,1381100000,,,,,U,PSGC-2026-Q2-2026-06-30,barangay-21-national-capital-region-ncr-1381100021
1381100022,137605022,Barangay 22,Barangay 22,barangay,1381100000,1300000000,,1381100000,,,,,U,PSGC-2026-Q2-2026-06-30,barangay-22-national-capital-region-ncr-1381100022
1381100023,137605023,Barangay 23,Barangay 23,barangay,1381100000,1300000000,,1381100000,,,,,U,PSGC-2026-Q2-2026-06-30,barangay-23-national-capital-region-ncr-1381100023
1381100024,137605024,Barangay 24,Barangay 24,barangay,1381100000,1300000000,,1381100000,,,,,U,PSGC-2026-Q2-2026-06-30,barangay-24-national-capital-region-ncr-1381100024
1381100025,137605025,Barangay 25,Barangay 25,barangay,1381100000,1300000000,,1381100000,,,,,U,PSGC-2026-Q2-2026-06-30,barangay-25-national-capital-region-ncr-1381100025
1381100026,137605026,Barangay 26,Barangay 26,barangay,1381100000,1300000000,,1381100000,,,,,U,PSGC-2026-Q2-2026-06-30,barangay-26-national-capital-region-ncr-1381100026
1381100027,137605027,Barangay 27,Barangay 27,barangay,1381100000,1300000000,,1381100000,,,,,U,PSGC-2026-Q2-2026-06-30,barangay-27-national-capital-region-ncr-1381100027
1381100028,137605028,Barangay 28,Barangay 28,barangay,1381100000,1300000000,,1381100000,,,,,U,PSGC-2026-Q2-2026-06-30,barangay-28-national-capital-region-ncr-1381100028
1381100029,137605029,Barangay 29,Barangay 29,barangay,1381100000,1300000000,,1381100000,,,,,U,PSGC-2026-Q2-2026-06-30,barangay-29-national-capital-region-ncr-1381100029
1381100030,137605030,Barangay 30,Barangay 30,barangay,1381100000,1300000000,,1381100000,,,,,U,PSGC-2026-Q2-2026-06-30,barangay-30-national-capital-region-ncr-1381100030
1381100031,137605031,Barangay 31,Barangay 31,barangay,1381100000,1300000000,,1381100000,,,,,U,PSGC-2026-Q2-2026-06-30,barangay-31-national-capital-region-ncr-1381100031
1381100032,137605032,Barangay 32,Barangay 32,barangay,1381100000,1300000000,,1381100000,,,,,U,PSGC-2026-Q2-2026-06-30,barangay-32-national-capital-region-ncr-1381100032
1381100033,137605033,Barangay 33,Barangay 33,barangay,1381100000,1300000000,,1381100000,,,,,U,PSGC-2026-Q2-2026-06-30,barangay-33-national-capital-region-ncr-1381100033
1381100034,137605034,Barangay 34,Barangay 34,barangay,1381100000,1300000000,,1381100000,,,,,U,PSGC-2026-Q2-2026-06-30,barangay-34-national-capital-region-ncr-1381100034
1381100035,137605035,Barangay 35,Barangay 35,barangay,1381100000,1300000000,,1381100000,,,,,U,PSGC-2026-Q2-2026-06-30,barangay-35-national-capital-region-ncr-1381100035
1381100036,137605036,Barangay 36,Barangay 36,barangay,1381100000,1300000000,,1381100000,,,,,U,PSGC-2026-Q2-2026-06-30,barangay-36-national-capital-region-ncr-1381100036
1381100037,137605037,Barangay 37,Barangay 37,barangay,1381100000,1300000000,,1381100000,,,,,U,PSGC-2026-Q2-2026-06-30,barangay-37-national-capital-region-ncr-1381100037
1381100038,137605038,Barangay 38,Barangay 38,barangay,1381100000,1300000000,,1381100000,,,,,U,PSGC-2026-Q2-2026-06-30,barangay-38-national-capital-region-ncr-1381100038
1381100039,137605039,Barangay 39,Barangay 39,barangay,1381100000,1300000000,,1381100000,,,,,U,PSGC-2026-Q2-2026-06-30,barangay-39-national-capital-region-ncr-1381100039
1381100040,137605040,Barangay 40,Barangay 40,barangay,1381100000,1300000000,,1381100000,,,,,U,PSGC-2026-Q2-2026-06-30,barangay-40-national-capital-region-ncr-1381100040
1381100041,137605041,Barangay 41,Barangay 41,barangay,1381100000,1300000000,,1381100000,,,,,U,PSGC-2026-Q2-2026-06-30,barangay-41-national-capital-region-ncr-1381100041
1381100042,137605042,Barangay 42,Barangay 42,barangay,1381100000,1300000000,,1381100000,,,,,U,PSGC-2026-Q2-2026-06-30,barangay-42-national-capital-region-ncr-1381100042
1381100043,137605043,Barangay 43,Barangay 43,barangay,1381100000,1300000000,,1381100000,,,,,U,PSGC-2026-Q2-2026-06-30,barangay-43-national-capital-region-ncr-1381100043
1381100044,137605044,Barangay 44,Barangay 44,barangay,1381100000,1300000000,,1381100000,,,,,U,PSGC-2026-Q2-2026-06-30,barangay-44-national-capital-region-ncr-1381100044
1381100045,137605045,Barangay 45,Barangay 45,barangay,1381100000,1300000000,,1381100000,,,,,U,PSGC-2026-Q2-2026-06-30,barangay-45-national-capital-region-ncr-1381100045
1381100046,137605046,Barangay 46,Barangay 46,barangay,1381100000,1300000000,,1381100000,,,,,U,PSGC-2026-Q2-2026-06-30,barangay-46-national-capital-region-ncr-1381100046
1381100047,137605047,Barangay 47,Barangay 47,barangay,1381100000,1300000000,,1381100000,,,,,U,PSGC-2026-Q2-2026-06-30,barangay-47-national-capital-region-ncr-1381100047
1381100048,137605048,Barangay 48,Barangay 48,barangay,1381100000,1300000000,,1381100000,,,,,U,PSGC-2026-Q2-2026-06-30,barangay-48-national-capital-region-ncr-1381100048
1381100049,137605049,Barangay 49,Barangay 49,barangay,1381100000,1300000000,,1381100000,,,,,U,PSGC-2026-Q2-2026-06-30,barangay-49-national-capital-region-ncr-1381100049
1381100050,137605050,Barangay 50,Barangay 50,barangay,1381100000,1300000000,,1381100000,,,,,U,PSGC-2026-Q2-2026-06-30,barangay-50-national-capital-region-ncr-1381100050
1381100051,137605051,Barangay 51,Barangay 51,barangay,1381100000,1300000000,,1381100000,,,,,U,PSGC-2026-Q2-2026-06-30,barangay-51-national-capital-region-ncr-1381100051
1381100052,137605052,Barangay 52,Barangay 52,barangay,1381100000,1300000000,,1381100000,,,,,U,PSGC-2026-Q2-2026-06-30,barangay-52-national-capital-region-ncr-1381100052
1381100053,137605053,Barangay 53,Barangay 53,barangay,1381100000,1300000000,,1381100000,,,,,U,PSGC-2026-Q2-2026-06-30,barangay-53-national-capital-region-ncr-1381100053
1381100054,137605054,Barangay 54,Barangay 54,barangay,1381100000,1300000000,,1381100000,,,,,U,PSGC-2026-Q2-2026-06-30,barangay-54-national-capital-region-ncr-1381100054
1381100055,137605055,Barangay 55,Barangay 55,barangay,1381100000,1300000000,,1381100000,,,,,U,PSGC-2026-Q2-2026-06-30,barangay-55-national-capital-region-ncr-1381100055
1381100056,137605056,Barangay 56,Barangay 56,barangay,1381100000,1300000000,,1381100000,,,,,U,PSGC-2026-Q2-2026-06-30,barangay-56-national-capital-region-ncr-1381100056
1381100057,137605057,Barangay 57,Barangay 57,barangay,1381100000,1300000000,,1381100000,,,,,U,PSGC-2026-Q2-2026-06-30,barangay-57-national-capital-region-ncr-1381100057
1381100058,137605058,Barangay 58,Barangay 58,barangay,1381100000,1300000000,,1381100000,,,,,U,PSGC-2026-Q2-2026-06-30,barangay-58-national-capital-region-ncr-1381100058
1381100059,137605059,Barangay 59,Barangay 59,barangay,1381100000,1300000000,,1381100000,,,,,U,PSGC-2026-Q2-2026-06-30,barangay-59-national-capital-region-ncr-1381100059
1381100060,137605060,Barangay 60,Barangay 60,barangay,1381100000,1300000000,,1381100000,,,,,U,PSGC-2026-Q2-2026-06-30,barangay-60-national-capital-region-ncr-1381100060
1381100061,137605061,Barangay 61,Barangay 61,barangay,1381100000,1300000000,,1381100000,,,,,U,PSGC-2026-Q2-2026-06-30,barangay-61-national-capital-region-ncr-1381100061
1381100062,137605062,Barangay 62,Barangay 62,barangay,1381100000,1300000000,,1381100000,,,,,U,PSGC-2026-Q2-2026-06-30,barangay-62-national-capital-region-ncr-1381100062
1381100063,137605063,Barangay 63,Barangay 63,barangay,1381100000,1300000000,,1381100000,,,,,U,PSGC-2026-Q2-2026-06-30,barangay-63-national-capital-region-ncr-1381100063
1381100064,137605064,Barangay 64,Barangay 64,barangay,1381100000,1300000000,,1381100000,,,,,U,PSGC-2026-Q2-2026-06-30,barangay-64-national-capital-region-ncr-1381100064
1381100065,137605065,Barangay 65,Barangay 65,barangay,1381100000,1300000000,,1381100000,,,,,U,PSGC-2026-Q2-2026-06-30,barangay-65-national-capital-region-ncr-1381100065
1381100066,137605066,Barangay 66,Barangay 66,barangay,1381100000,1300000000,,1381100000,,,,,U,PSGC-2026-Q2-2026-06-30,barangay-66-national-capital-region-ncr-1381100066
1381100067,137605067,Barangay 67,Barangay 67,barangay,1381100000,1300000000,,1381100000,,,,,U,PSGC-2026-Q2-2026-06-30,barangay-67-national-capital-region-ncr-1381100067
1381100068,137605068,Barangay 68,Barangay 68,barangay,1381100000,1300000000,,1381100000,,,,,U,PSGC-2026-Q2-2026-06-30,barangay-68-national-capital-region-ncr-1381100068
1381100069,137605069,Barangay 69,Barangay 69,barangay,1381100000,1300000000,,1381100000,,,,,U,PSGC-2026-Q2-2026-06-30,barangay-69-national-capital-region-ncr-1381100069
1381100070,137605070,Barangay 70,Barangay 70,barangay,1381100000,1300000000,,1381100000,,,,,U,PSGC-2026-Q2-2026-06-30,barangay-70-national-capital-region-ncr-1381100070
1381100071,137605071,Barangay 71,Barangay 71,barangay,1381100000,1300000000,,1381100000,,,,,U,PSGC-2026-Q2-2026-06-30,barangay-71-national-capital-region-ncr-1381100071
1381100072,137605072,Barangay 72,Barangay 72,barangay,1381100000,1300000000,,1381100000,,,,,U,PSGC-2026-Q2-2026-06-30,barangay-72-national-capital-region-ncr-1381100072
1381100073,137605073,Barangay 73,Barangay 73,barangay,1381100000,1300000000,,1381100000,,,,,U,PSGC-2026-Q2-2026-06-30,barangay-73-national-capital-region-ncr-1381100073
1381100074,137605074,Barangay 74,Barangay 74,barangay,1381100000,1300000000,,1381100000,,,,,U,PSGC-2026-Q2-2026-06-30,barangay-74-national-capital-region-ncr-1381100074
1381100075,137605075,Barangay 75,Barangay 75,barangay,1381100000,1300000000,,1381100000,,,,,U,PSGC-2026-Q2-2026-06-30,barangay-75-national-capital-region-ncr-1381100075
1381100076,137605076,Barangay 76,Barangay 76,barangay,1381100000,1300000000,,1381100000,,,,,U,PSGC-2026-Q2-2026-06-30,barangay-76-national-capital-region-ncr-1381100076
1381100077,137605077,Barangay 77,Barangay 77,barangay,1381100000,1300000000,,1381100000,,,,,U,PSGC-2026-Q2-2026-06-30,barangay-77-national-capital-region-ncr-1381100077
1381100078,137605078,Barangay 78,Barangay 78,barangay,1381100000,1300000000,,1381100000,,,,,U,PSGC-2026-Q2-2026-06-30,barangay-78-national-capital-region-ncr-1381100078
1381100079,137605079,Barangay 79,Barangay 79,barangay,1381100000,1300000000,,1381100000,,,,,U,PSGC-2026-Q2-2026-06-30,barangay-79-national-capital-region-ncr-1381100079
1381100080,137605080,Barangay 80,Barangay 80,barangay,1381100000,1300000000,,1381100000,,,,,U,PSGC-2026-Q2-2026-06-30,barangay-80-national-capital-region-ncr-1381100080
1381100081,137605081,Barangay 81,Barangay 81,barangay,1381100000,1300000000,,1381100000,,,,,U,PSGC-2026-Q2-2026-06-30,barangay-81-national-capital-region-ncr-1381100081
1381100082,137605082,Barangay 82,Barangay 82,barangay,1381100000,1300000000,,1381100000,,,,,U,PSGC-2026-Q2-2026-06-30,barangay-82-national-capital-region-ncr-1381100082
1381100083,137605083,Barangay 83,Barangay 83,barangay,1381100000,1300000000,,1381100000,,,,,U,PSGC-2026-Q2-2026-06-30,barangay-83-national-capital-region-ncr-1381100083
1381100084,137605084,Barangay 84,Barangay 84,barangay,1381100000,1300000000,,1381100000,,,,,U,PSGC-2026-Q2-2026-06-30,barangay-84-national-capital-region-ncr-1381100084
1381100085,137605085,Barangay 85,Barangay 85,barangay,1381100000,1300000000,,1381100000,,,,,U,PSGC-2026-Q2-2026-06-30,barangay-85-national-capital-region-ncr-1381100085
1381100086,137605086,Barangay 86,Barangay 86,barangay,1381100000,1300000000,,1381100000,,,,,U,PSGC-2026-Q2-2026-06-30,barangay-86-national-capital-region-ncr-1381100086
1381100087,137605087,Barangay 87,Barangay 87,barangay,1381100000,1300000000,,1381100000,,,,,U,PSGC-2026-Q2-2026-06-30,barangay-87-national-capital-region-ncr-1381100087
1381100088,137605088,Barangay 88,Barangay 88,barangay,1381100000,1300000000,,1381100000,,,,,U,PSGC-2026-Q2-2026-06-30,barangay-88-national-capital-region-ncr-1381100088
1381100089,137605089,Barangay 89,Barangay 89,barangay,1381100000,1300000000,,1381100000,,,,,U,PSGC-2026-Q2-2026-06-30,barangay-89-national-capital-region-ncr-1381100089
1381100090,137605090,Barangay 90,Barangay 90,barangay,1381100000,1300000000,,1381100000,,,,,U,PSGC-2026-Q2-2026-06-30,barangay-90-national-capital-region-ncr-1381100090
1381100091,137605091,Barangay 91,Barangay 91,barangay,1381100000,1300000000,,1381100000,,,,,U,PSGC-2026-Q2-2026-06-30,barangay-91-national-capital-region-ncr-1381100091
1381100092,137605092,Barangay 92,Barangay 92,barangay,1381100000,1300000000,,1381100000,,,,,U,PSGC-2026-Q2-2026-06-30,barangay-92-national-capital-region-ncr-1381100092
1381100093,137605093,Barangay 93,Barangay 93,barangay,1381100000,1300000000,,1381100000,,,,,U,PSGC-2026-Q2-2026-06-30,barangay-93-national-capital-region-ncr-1381100093
1381100094,137605094,Barangay 94,Barangay 94,barangay,1381100000,1300000000,,1381100000,,,,,U,PSGC-2026-Q2-2026-06-30,barangay-94-national-capital-region-ncr-1381100094
1381100095,137605095,Barangay 95,Barangay 95,barangay,1381100000,1300000000,,1381100000,,,,,U,PSGC-2026-Q2-2026-06-30,barangay-95-national-capital-region-ncr-1381100095
1381100096,137605096,Barangay 96,Barangay 96,barangay,1381100000,1300000000,,1381100000,,,,,U,PSGC-2026-Q2-2026-06-30,barangay-96-national-capital-region-ncr-1381100096
1381100097,137605097,Barangay 97,Barangay 97,barangay,1381100000,1300000000,,1381100000,,,,,U,PSGC-2026-Q2-2026-06-30,barangay-97-national-capital-region-ncr-1381100097
1381100098,137605098,Barangay 98,Barangay 98,barangay,1381100000,1300000000,,1381100000,,,,,U,PSGC-2026-Q2-2026-06-30,barangay-98-national-capital-region-ncr-1381100098
1381100099,137605099,Barangay 99,Barangay 99,barangay,1381100000,1300000000,,1381100000,,,,,U,PSGC-2026-Q2-2026-06-30,barangay-99-national-capital-region-ncr-1381100099
1381100100,137605100,Barangay 100,Barangay 100,barangay,1381100000,1300000000,,1381100000,,,,,U,PSGC-2026-Q2-2026-06-30,barangay-100-national-capital-region-ncr-1381100100
1381100101,137605101,Barangay 101,Barangay 101,barangay,1381100000,1300000000,,1381100000,,,,,U,PSGC-2026-Q2-2026-06-30,barangay-101-national-capital-region-ncr-1381100101
1381100102,137605102,Barangay 102,Barangay 102,barangay,1381100000,1300000000,,1381100000,,,,,U,PSGC-2026-Q2-2026-06-30,barangay-102-national-capital-region-ncr-1381100102
1381100103,137605103,Barangay 103,Barangay 103,barangay,1381100000,1300000000,,1381100000,,,,,U,PSGC-2026-Q2-2026-06-30,barangay-103-national-capital-region-ncr-1381100103
1381100104,137605104,Barangay 104,Barangay 104,barangay,1381100000,1300000000,,1381100000,,,,,U,PSGC-2026-Q2-2026-06-30,barangay-104-national-capital-region-ncr-1381100104
1381100105,137605105,Barangay 105,Barangay 105,barangay,1381100000,1300000000,,1381100000,,,,,U,PSGC-2026-Q2-2026-06-30,barangay-105-national-capital-region-ncr-1381100105
1381100106,137605106,Barangay 106,Barangay 106,barangay,1381100000,1300000000,,1381100000,,,,,U,PSGC-2026-Q2-2026-06-30,barangay-106-national-capital-region-ncr-1381100106
1381100107,137605107,Barangay 107,Barangay 107,barangay,1381100000,1300000000,,1381100000,,,,,U,PSGC-2026-Q2-2026-06-30,barangay-107-national-capital-region-ncr-1381100107
1381100108,137605108,Barangay 108,Barangay 108,barangay,1381100000,1300000000,,1381100000,,,,,U,PSGC-2026-Q2-2026-06-30,barangay-108-national-capital-region-ncr-1381100108
1381100109,137605109,Barangay 109,Barangay 109,barangay,1381100000,1300000000,,1381100000,,,,,U,PSGC-2026-Q2-2026-06-30,barangay-109-national-capital-region-ncr-1381100109
1381100110,137605110,Barangay 110,Barangay 110,barangay,1381100000,1300000000,,1381100000,,,,,U,PSGC-2026-Q2-2026-06-30,barangay-110-national-capital-region-ncr-1381100110
1381100111,137605111,Barangay 111,Barangay 111,barangay,1381100000,1300000000,,1381100000,,,,,U,PSGC-2026-Q2-2026-06-30,barangay-111-national-capital-region-ncr-1381100111
1381100112,137605112,Barangay 112,Barangay 112,barangay,1381100000,1300000000,,1381100000,,,,,U,PSGC-2026-Q2-2026-06-30,barangay-112-national-capital-region-ncr-1381100112
1381100113,137605113,Barangay 113,Barangay 113,barangay,1381100000,1300000000,,1381100000,,,,,U,PSGC-2026-Q2-2026-06-30,barangay-113-national-capital-region-ncr-1381100113
1381100114,137605114,Barangay 114,Barangay 114,barangay,1381100000,1300000000,,1381100000,,,,,U,PSGC-2026-Q2-2026-06-30,barangay-114-national-capital-region-ncr-1381100114
1381100115,137605115,Barangay 115,Barangay 115,barangay,1381100000,1300000000,,1381100000,,,,,U,PSGC-2026-Q2-2026-06-30,barangay-115-national-capital-region-ncr-1381100115
1381100116,137605116,Barangay 116,Barangay 116,barangay,1381100000,1300000000,,1381100000,,,,,U,PSGC-2026-Q2-2026-06-30,barangay-116-national-capital-region-ncr-1381100116
1381100117,137605117,Barangay 117,Barangay 117,barangay,1381100000,1300000000,,1381100000,,,,,U,PSGC-2026-Q2-2026-06-30,barangay-117-national-capital-region-ncr-1381100117
1381100118,137605118,Barangay 118,Barangay 118,barangay,1381100000,1300000000,,1381100000,,,,,U,PSGC-2026-Q2-2026-06-30,barangay-118-national-capital-region-ncr-1381100118
1381100119,137605119,Barangay 119,Barangay 119,barangay,1381100000,1300000000,,1381100000,,,,,U,PSGC-2026-Q2-2026-06-30,barangay-119-national-capital-region-ncr-1381100119
1381100120,137605120,Barangay 120,Barangay 120,barangay,1381100000,1300000000,,1381100000,,,,,U,PSGC-2026-Q2-2026-06-30,barangay-120-national-capital-region-ncr-1381100120
1381100121,137605121,Barangay 121,Barangay 121,barangay,1381100000,1300000000,,1381100000,,,,,U,PSGC-2026-Q2-2026-06-30,barangay-121-national-capital-region-ncr-1381100121
1381100122,137605122,Barangay 122,Barangay 122,barangay,1381100000,1300000000,,1381100000,,,,,U,PSGC-2026-Q2-2026-06-30,barangay-122-national-capital-region-ncr-1381100122
1381100123,137605123,Barangay 123,Barangay 123,barangay,1381100000,1300000000,,1381100000,,,,,U,PSGC-2026-Q2-2026-06-30,barangay-123-national-capital-region-ncr-1381100123
1381100124,137605124,Barangay 124,Barangay 124,barangay,1381100000,1300000000,,1381100000,,,,,U,PSGC-2026-Q2-2026-06-30,barangay-124-national-capital-region-ncr-1381100124
1381100125,137605125,Barangay 125,Barangay 125,barangay,1381100000,1300000000,,1381100000,,,,,U,PSGC-2026-Q2-2026-06-30,barangay-125-national-capital-region-ncr-1381100125
1381100126,137605126,Barangay 126,Barangay 126,barangay,1381100000,1300000000,,1381100000,,,,,U,PSGC-2026-Q2-2026-06-30,barangay-126-national-capital-region-ncr-1381100126
1381100127,137605127,Barangay 127,Barangay 127,barangay,1381100000,1300000000,,1381100000,,,,,U,PSGC-2026-Q2-2026-06-30,barangay-127-national-capital-region-ncr-1381100127
1381100128,137605128,Barangay 128,Barangay 128,barangay,1381100000,1300000000,,1381100000,,,,,U,PSGC-2026-Q2-2026-06-30,barangay-128-national-capital-region-ncr-1381100128
1381100129,137605129,Barangay 129,Barangay 129,barangay,1381100000,1300000000,,1381100000,,,,,U,PSGC-2026-Q2-2026-06-30,barangay-129-national-capital-region-ncr-1381100129
1381100130,137605130,Barangay 130,Barangay 130,barangay,1381100000,1300000000,,1381100000,,,,,U,PSGC-2026-Q2-2026-06-30,barangay-130-national-capital-region-ncr-1381100130
1381100131,137605131,Barangay 131,Barangay 131,barangay,1381100000,1300000000,,1381100000,,,,,U,PSGC-2026-Q2-2026-06-30,barangay-131-national-capital-region-ncr-1381100131
1381100132,137605132,Barangay 132,Barangay 132,barangay,1381100000,1300000000,,1381100000,,,,,U,PSGC-2026-Q2-2026-06-30,barangay-132-national-capital-region-ncr-1381100132
1381100133,137605133,Barangay 133,Barangay 133,barangay,1381100000,1300000000,,1381100000,,,,,U,PSGC-2026-Q2-2026-06-30,barangay-133-national-capital-region-ncr-1381100133
1381100134,137605134,Barangay 134,Barangay 134,barangay,1381100000,1300000000,,1381100000,,,,,U,PSGC-2026-Q2-2026-06-30,barangay-134-national-capital-region-ncr-1381100134
1381100135,137605135,Barangay 135,Barangay 135,barangay,1381100000,1300000000,,1381100000,,,,,U,PSGC-2026-Q2-2026-06-30,barangay-135-national-capital-region-ncr-1381100135
1381100136,137605136,Barangay 136,Barangay 136,barangay,1381100000,1300000000,,1381100000,,,,,U,PSGC-2026-Q2-2026-06-30,barangay-136-national-capital-region-ncr-1381100136
1381100137,137605137,Barangay 137,Barangay 137,barangay,1381100000,1300000000,,1381100000,,,,,U,PSGC-2026-Q2-2026-06-30,barangay-137-national-capital-region-ncr-1381100137
1381100138,137605138,Barangay 138,Barangay 138,barangay,1381100000,1300000000,,1381100000,,,,,U,PSGC-2026-Q2-2026-06-30,barangay-138-national-capital-region-ncr-1381100138
1381100139,137605139,Barangay 139,Barangay 139,barangay,1381100000,1300000000,,1381100000,,,,,U,PSGC-2026-Q2-2026-06-30,barangay-139-national-capital-region-ncr-1381100139
1381100140,137605140,Barangay 140,Barangay 140,barangay,1381100000,1300000000,,1381100000,,,,,U,PSGC-2026-Q2-2026-06-30,barangay-140-national-capital-region-ncr-1381100140
1381100141,137605141,Barangay 141,Barangay 141,barangay,1381100000,1300000000,,1381100000,,,,,U,PSGC-2026-Q2-2026-06-30,barangay-141-national-capital-region-ncr-1381100141
1381100142,137605142,Barangay 142,Barangay 142,barangay,1381100000,1300000000,,1381100000,,,,,U,PSGC-2026-Q2-2026-06-30,barangay-142-national-capital-region-ncr-1381100142
1381100143,137605143,Barangay 143,Barangay 143,barangay,1381100000,1300000000,,1381100000,,,,,U,PSGC-2026-Q2-2026-06-30,barangay-143-national-capital-region-ncr-1381100143
1381100144,137605144,Barangay 144,Barangay 144,barangay,1381100000,1300000000,,1381100000,,,,,U,PSGC-2026-Q2-2026-06-30,barangay-144-national-capital-region-ncr-1381100144
1381100145,137605145,Barangay 145,Barangay 145,barangay,1381100000,1300000000,,1381100000,,,,,U,PSGC-2026-Q2-2026-06-30,barangay-145-national-capital-region-ncr-1381100145
1381100146,137605146,Barangay 146,Barangay 146,barangay,1381100000,1300000000,,1381100000,,,,,U,PSGC-2026-Q2-2026-06-30,barangay-146-national-capital-region-ncr-1381100146
1381100147,137605147,Barangay 147,Barangay 147,barangay,1381100000,1300000000,,1381100000,,,,,U,PSGC-2026-Q2-2026-06-30,barangay-147-national-capital-region-ncr-1381100147
1381100148,137605148,Barangay 148,Barangay 148,barangay,1381100000,1300000000,,1381100000,,,,,U,PSGC-2026-Q2-2026-06-30,barangay-148-national-capital-region-ncr-1381100148
1381100149,137605149,Barangay 149,Barangay 149,barangay,1381100000,1300000000,,1381100000,,,,,U,PSGC-2026-Q2-2026-06-30,barangay-149-national-capital-region-ncr-1381100149
1381100150,137605150,Barangay 150,Barangay 150,barangay,1381100000,1300000000,,1381100000,,,,,U,PSGC-2026-Q2-2026-06-30,barangay-150-national-capital-region-ncr-1381100150
1381100151,137605151,Barangay 151,Barangay 151,barangay,1381100000,1300000000,,1381100000,,,,,U,PSGC-2026-Q2-2026-06-30,barangay-151-national-capital-region-ncr-1381100151
1381100152,137605152,Barangay 152,Barangay 152,barangay,1381100000,1300000000,,1381100000,,,,,U,PSGC-2026-Q2-2026-06-30,barangay-152-national-capital-region-ncr-1381100152
1381100153,137605153,Barangay 153,Barangay 153,barangay,1381100000,1300000000,,1381100000,,,,,U,PSGC-2026-Q2-2026-06-30,barangay-153-national-capital-region-ncr-1381100153
1381100154,137605154,Barangay 154,Barangay 154,barangay,1381100000,1300000000,,1381100000,,,,,U,PSGC-2026-Q2-2026-06-30,barangay-154-national-capital-region-ncr-1381100154
1381100155,137605155,Barangay 155,Barangay 155,barangay,1381100000,1300000000,,1381100000,,,,,U,PSGC-2026-Q2-2026-06-30,barangay-155-national-capital-region-ncr-1381100155
1381100156,137605156,Barangay 156,Barangay 156,barangay,1381100000,1300000000,,1381100000,,,,,U,PSGC-2026-Q2-2026-06-30,barangay-156-national-capital-region-ncr-1381100156
1381100157,137605157,Barangay 157,Barangay 157,barangay,1381100000,1300000000,,1381100000,,,,,U,PSGC-2026-Q2-2026-06-30,barangay-157-national-capital-region-ncr-1381100157
1381100158,137605158,Barangay 158,Barangay 158,barangay,1381100000,1300000000,,1381100000,,,,,U,PSGC-2026-Q2-2026-06-30,barangay-158-national-capital-region-ncr-1381100158
1381100159,137605159,Barangay 159,Barangay 159,barangay,1381100000,1300000000,,1381100000,,,,,U,PSGC-2026-Q2-2026-06-30,barangay-159-national-capital-region-ncr-1381100159
1381100160,137605160,Barangay 160,Barangay 160,barangay,1381100000,1300000000,,1381100000,,,,,U,PSGC-2026-Q2-2026-06-30,barangay-160-national-capital-region-ncr-1381100160
1381100161,137605161,Barangay 161,Barangay 161,barangay,1381100000,1300000000,,1381100000,,,,,U,PSGC-2026-Q2-2026-06-30,barangay-161-national-capital-region-ncr-1381100161
1381100162,137605162,Barangay 162,Barangay 162,barangay,1381100000,1300000000,,1381100000,,,,,U,PSGC-2026-Q2-2026-06-30,barangay-162-national-capital-region-ncr-1381100162
1381100163,137605163,Barangay 163,Barangay 163,barangay,1381100000,1300000000,,1381100000,,,,,U,PSGC-2026-Q2-2026-06-30,barangay-163-national-capital-region-ncr-1381100163
1381100164,137605164,Barangay 164,Barangay 164,barangay,1381100000,1300000000,,1381100000,,,,,U,PSGC-2026-Q2-2026-06-30,barangay-164-national-capital-region-ncr-1381100164
1381100165,137605165,Barangay 165,Barangay 165,barangay,1381100000,1300000000,,1381100000,,,,,U,PSGC-2026-Q2-2026-06-30,barangay-165-national-capital-region-ncr-1381100165
1381100166,137605166,Barangay 166,Barangay 166,barangay,1381100000,1300000000,,1381100000,,,,,U,PSGC-2026-Q2-2026-06-30,barangay-166-national-capital-region-ncr-1381100166
1381100167,137605167,Barangay 167,Barangay 167,barangay,1381100000,1300000000,,1381100000,,,,,U,PSGC-2026-Q2-2026-06-30,barangay-167-national-capital-region-ncr-1381100167
1381100168,137605168,Barangay 168,Barangay 168,barangay,1381100000,1300000000,,1381100000,,,,,U,PSGC-2026-Q2-2026-06-30,barangay-168-national-capital-region-ncr-1381100168
1381100169,137605169,Barangay 169,Barangay 169,barangay,1381100000,1300000000,,1381100000,,,,,U,PSGC-2026-Q2-2026-06-30,barangay-169-national-capital-region-ncr-1381100169
1381100170,137605170,Barangay 170,Barangay 170,barangay,1381100000,1300000000,,1381100000,,,,,U,PSGC-2026-Q2-2026-06-30,barangay-170-national-capital-region-ncr-1381100170
1381100171,137605171,Barangay 171,Barangay 171,barangay,1381100000,1300000000,,1381100000,,,,,U,PSGC-2026-Q2-2026-06-30,barangay-171-national-capital-region-ncr-1381100171
1381100172,137605172,Barangay 172,Barangay 172,barangay,1381100000,1300000000,,1381100000,,,,,U,PSGC-2026-Q2-2026-06-30,barangay-172-national-capital-region-ncr-1381100172
1381100173,137605173,Barangay 173,Barangay 173,barangay,1381100000,1300000000,,1381100000,,,,,U,PSGC-2026-Q2-2026-06-30,barangay-173-national-capital-region-ncr-1381100173
1381100174,137605174,Barangay 174,Barangay 174,barangay,1381100000,1300000000,,1381100000,,,,,U,PSGC-2026-Q2-2026-06-30,barangay-174-national-capital-region-ncr-1381100174
1381100175,137605175,Barangay 175,Barangay 175,barangay,1381100000,1300000000,,1381100000,,,,,U,PSGC-2026-Q2-2026-06-30,barangay-175-national-capital-region-ncr-1381100175
1381100176,137605176,Barangay 176,Barangay 176,barangay,1381100000,1300000000,,1381100000,,,,,U,PSGC-2026-Q2-2026-06-30,barangay-176-national-capital-region-ncr-1381100176
1381100177,137605177,Barangay 177,Barangay 177,barangay,1381100000,1300000000,,1381100000,,,,,U,PSGC-2026-Q2-2026-06-30,barangay-177-national-capital-region-ncr-1381100177
1381100178,137605178,Barangay 178,Barangay 178,barangay,1381100000,1300000000,,1381100000,,,,,U,PSGC-2026-Q2-2026-06-30,barangay-178-national-capital-region-ncr-1381100178
1381100179,137605179,Barangay 179,Barangay 179,barangay,1381100000,1300000000,,1381100000,,,,,U,PSGC-2026-Q2-2026-06-30,barangay-179-national-capital-region-ncr-1381100179
1381100180,137605180,Barangay 180,Barangay 180,barangay,1381100000,1300000000,,1381100000,,,,,U,PSGC-2026-Q2-2026-06-30,barangay-180-national-capital-region-ncr-1381100180
1381100181,137605181,Barangay 181,Barangay 181,barangay,1381100000,1300000000,,1381100000,,,,,U,PSGC-2026-Q2-2026-06-30,barangay-181-national-capital-region-ncr-1381100181
1381100182,137605182,Barangay 182,Barangay 182,barangay,1381100000,1300000000,,1381100000,,,,,U,PSGC-2026-Q2-2026-06-30,barangay-182-national-capital-region-ncr-1381100182
1381100183,137605183,Barangay 183,Barangay 183,barangay,1381100000,1300000000,,1381100000,,,,,U,PSGC-2026-Q2-2026-06-30,barangay-183-national-capital-region-ncr-1381100183
1381100184,137605184,Barangay 184,Barangay 184,barangay,1381100000,1300000000,,1381100000,,,,,U,PSGC-2026-Q2-2026-06-30,barangay-184-national-capital-region-ncr-1381100184
1381100185,137605185,Barangay 185,Barangay 185,barangay,1381100000,1300000000,,1381100000,,,,,U,PSGC-2026-Q2-2026-06-30,barangay-185-national-capital-region-ncr-1381100185
1381100186,137605186,Barangay 186,Barangay 186,barangay,1381100000,1300000000,,1381100000,,,,,U,PSGC-2026-Q2-2026-06-30,barangay-186-national-capital-region-ncr-1381100186
1381100187,137605187,Barangay 187,Barangay 187,barangay,1381100000,1300000000,,1381100000,,,,,U,PSGC-2026-Q2-2026-06-30,barangay-187-national-capital-region-ncr-1381100187
1381100188,137605188,Barangay 188,Barangay 188,barangay,1381100000,1300000000,,1381100000,,,,,U,PSGC-2026-Q2-2026-06-30,barangay-188-national-capital-region-ncr-1381100188
1381100189,137605189,Barangay 189,Barangay 189,barangay,1381100000,1300000000,,1381100000,,,,,U,PSGC-2026-Q2-2026-06-30,barangay-189-national-capital-region-ncr-1381100189
1381100190,137605190,Barangay 190,Barangay 190,barangay,1381100000,1300000000,,1381100000,,,,,U,PSGC-2026-Q2-2026-06-30,barangay-190-national-capital-region-ncr-1381100190
1381100191,137605191,Barangay 191,Barangay 191,barangay,1381100000,1300000000,,1381100000,,,,,U,PSGC-2026-Q2-2026-06-30,barangay-191-national-capital-region-ncr-1381100191
1381100192,137605192,Barangay 192,Barangay 192,barangay,1381100000,1300000000,,1381100000,,,,,U,PSGC-2026-Q2-2026-06-30,barangay-192-national-capital-region-ncr-1381100192
1381100193,137605193,Barangay 193,Barangay 193,barangay,1381100000,1300000000,,1381100000,,,,,U,PSGC-2026-Q2-2026-06-30,barangay-193-national-capital-region-ncr-1381100193
1381100194,137605194,Barangay 194,Barangay 194,barangay,1381100000,1300000000,,1381100000,,,,,U,PSGC-2026-Q2-2026-06-30,barangay-194-national-capital-region-ncr-1381100194
1381100195,137605195,Barangay 195,Barangay 195,barangay,1381100000,1300000000,,1381100000,,,,,U,PSGC-2026-Q2-2026-06-30,barangay-195-national-capital-region-ncr-1381100195
1381100196,137605196,Barangay 196,Barangay 196,barangay,1381100000,1300000000,,1381100000,,,,,U,PSGC-2026-Q2-2026-06-30,barangay-196-national-capital-region-ncr-1381100196
1381100197,137605197,Barangay 197,Barangay 197,barangay,1381100000,1300000000,,1381100000,,,,,U,PSGC-2026-Q2-2026-06-30,barangay-197-national-capital-region-ncr-1381100197
1381100198,137605198,Barangay 198,Barangay 198,barangay,1381100000,1300000000,,1381100000,,,,,U,PSGC-2026-Q2-2026-06-30,barangay-198-national-capital-region-ncr-1381100198
1381100199,137605199,Barangay 199,Barangay 199,barangay,1381100000,1300000000,,1381100000,,,,,U,PSGC-2026-Q2-2026-06-30,barangay-199-national-capital-region-ncr-1381100199
1381100200,137605200,Barangay 200,Barangay 200,barangay,1381100000,1300000000,,1381100000,,,,,U,PSGC-2026-Q2-2026-06-30,barangay-200-national-capital-region-ncr-1381100200
1381100201,137605201,Barangay 201,Barangay 201,barangay,1381100000,1300000000,,1381100000,,,,,U,PSGC-2026-Q2-2026-06-30,barangay-201-national-capital-region-ncr-1381100201
1381200000,137403000,City of Pasig,Pasig City,city,1300000000,1300000000,,1381200000,Highly Urbanized City,1st,,,,PSGC-2026-Q2-2026-06-30,pasig
1381200001,137403001,Bagong Ilog,Bagong Ilog,barangay,1381200000,1300000000,,1381200000,,,,,U,PSGC-2026-Q2-2026-06-30,bagong-ilog
1381200002,137403002,Bagong Katipunan,Bagong Katipunan,barangay,1381200000,1300000000,,1381200000,,,,,U,PSGC-2026-Q2-2026-06-30,bagong-katipunan
1381200003,137403003,Bambang,Bambang,barangay,1381200000,1300000000,,1381200000,,,,,U,PSGC-2026-Q2-2026-06-30,bambang-national-capital-region-ncr
1381200004,137403004,Buting,Buting,barangay,1381200000,1300000000,,1381200000,,,,,U,PSGC-2026-Q2-2026-06-30,buting
1381200005,137403005,Caniogan,Caniogan,barangay,1381200000,1300000000,,1381200000,,,,,U,PSGC-2026-Q2-2026-06-30,caniogan-national-capital-region-ncr
1381200006,137403006,Dela Paz,Dela Paz,barangay,1381200000,1300000000,,1381200000,,,,,U,PSGC-2026-Q2-2026-06-30,dela-paz-national-capital-region-ncr
1381200007,137403007,Kalawaan,Kalawaan,barangay,1381200000,1300000000,,1381200000,,,,,U,PSGC-2026-Q2-2026-06-30,kalawaan-national-capital-region-ncr
1381200008,137403008,Kapasigan,Kapasigan,barangay,1381200000,1300000000,,1381200000,,,,,U,PSGC-2026-Q2-2026-06-30,kapasigan
1381200009,137403009,Kapitolyo,Kapitolyo,barangay,1381200000,1300000000,,1381200000,,,,,U,PSGC-2026-Q2-2026-06-30,kapitolyo
1381200010,137403010,Malinao,Malinao,barangay,1381200000,1300000000,,1381200000,,,,,U,PSGC-2026-Q2-2026-06-30,malinao-national-capital-region-ncr
1381200011,137403011,Manggahan,Manggahan,barangay,1381200000,1300000000,,1381200000,,,,,U,PSGC-2026-Q2-2026-06-30,manggahan-national-capital-region-ncr
1381200012,137403012,Maybunga,Maybunga,barangay,1381200000,1300000000,,1381200000,,,,,U,PSGC-2026-Q2-2026-06-30,maybunga
1381200013,137403013,Oranbo,Oranbo,barangay,1381200000,1300000000,,1381200000,,,,,U,PSGC-2026-Q2-2026-06-30,oranbo
1381200014,137403014,Palatiw,Palatiw,barangay,1381200000,1300000000,,1381200000,,,,,U,PSGC-2026-Q2-2026-06-30,palatiw
1381200015,137403015,Pinagbuhatan,Pinagbuhatan,barangay,1381200000,1300000000,,1381200000,,,,,U,PSGC-2026-Q2-2026-06-30,pinagbuhatan
1381200016,137403016,Pineda,Pineda,barangay,1381200000,1300000000,,1381200000,,,,,U,PSGC-2026-Q2-2026-06-30,pineda-national-capital-region-ncr
1381200017,137403017,Rosario,Rosario,barangay,1381200000,1300000000,,1381200000,,,,,U,PSGC-2026-Q2-2026-06-30,rosario-national-capital-region-ncr
1381200018,137403018,Sagad,Sagad,barangay,1381200000,1300000000,,1381200000,,,,,U,PSGC-2026-Q2-2026-06-30,sagad
1381200019,137403019,San Antonio,San Antonio,barangay,1381200000,1300000000,,1381200000,,,,,U,PSGC-2026-Q2-2026-06-30,san-antonio-national-capital-region-ncr-1381200019
1381200020,137403020,San Joaquin,San Joaquin,barangay,1381200000,1300000000,,1381200000,,,,,U,PSGC-2026-Q2-2026-06-30,san-joaquin-national-capital-region-ncr
1381200021,137403021,San Jose,San Jose,barangay,1381200000,1300000000,,1381200000,,,,,U,PSGC-2026-Q2-2026-06-30,san-jose-national-capital-region-ncr-1381200021
1381200022,137403022,San Miguel,San Miguel,barangay,1381200000,1300000000,,1381200000,,,,,U,PSGC-2026-Q2-2026-06-30,san-miguel-national-capital-region-ncr-1381200022
1381200023,137403023,San Nicolas,San Nicolas,barangay,1381200000,1300000000,,1381200000,,,,Pob.,U,PSGC-2026-Q2-2026-06-30,san-nicolas-national-capital-region-ncr-1381200023
1381200024,137403024,Santa Cruz,Santa Cruz,barangay,1381200000,1300000000,,1381200000,,,,,U,PSGC-2026-Q2-2026-06-30,santa-cruz-national-capital-region-ncr-1381200024
1381200025,137403025,Santa Rosa,Santa Rosa,barangay,1381200000,1300000000,,1381200000,,,,,U,PSGC-2026-Q2-2026-06-30,santa-rosa-national-capital-region-ncr
1381200026,137403026,Santo Tomas,Santo Tomas,barangay,1381200000,1300000000,,1381200000,,,,,U,PSGC-2026-Q2-2026-06-30,santo-tomas-national-capital-region-ncr
1381200027,137403027,Santolan,Santolan,barangay,1381200000,1300000000,,1381200000,,,,,U,PSGC-2026-Q2-2026-06-30,santolan-national-capital-region-ncr-1381200027
1381200028,137403028,Sumilang,Sumilang,barangay,1381200000,1300000000,,1381200000,,,,,U,PSGC-2026-Q2-2026-06-30,sumilang-national-capital-region-ncr
1381200029,137403029,Ugong,Ugong,barangay,1381200000,1300000000,,1381200000,,,,,U,PSGC-2026-Q2-2026-06-30,ugong-national-capital-region-ncr
1381200030,137403030,Santa Lucia,Santa Lucia,barangay,1381200000,1300000000,,1381200000,,,,,U,PSGC-2026-Q2-2026-06-30,santa-lucia-national-capital-region-ncr
1381300000,137404000,Quezon City,Quezon City,city,1300000000,1300000000,,1381300000,Highly Urbanized City,1st,,,,PSGC-2026-Q2-2026-06-30,quezon-city
1381300001,137404001,Alicia,Alicia,barangay,1381300000,1300000000,,1381300000,,,,,U,PSGC-2026-Q2-2026-06-30,alicia-national-capital-region-ncr
1381300002,137404002,Amihan,Amihan,barangay,1381300000,1300000000,,1381300000,,,,,U,PSGC-2026-Q2-2026-06-30,amihan
1381300003,137404003,Apolonio Samson,Apolonio Samson,barangay,1381300000,1300000000,,1381300000,,,,,U,PSGC-2026-Q2-2026-06-30,apolonio-samson
1381300004,137404004,Aurora,Aurora,barangay,1381300000,1300000000,,1381300000,,,,,U,PSGC-2026-Q2-2026-06-30,aurora-national-capital-region-ncr
1381300005,137404005,Baesa,Baesa,barangay,1381300000,1300000000,,1381300000,,,,,U,PSGC-2026-Q2-2026-06-30,baesa
1381300006,137404006,Bagbag,Bagbag,barangay,1381300000,1300000000,,1381300000,,,,,U,PSGC-2026-Q2-2026-06-30,bagbag-national-capital-region-ncr
1381300007,137404007,Bagumbuhay,Bagumbuhay,barangay,1381300000,1300000000,,1381300000,,,,,U,PSGC-2026-Q2-2026-06-30,bagumbuhay
1381300008,137404008,Bagong Lipunan Ng Crame,Bagong Lipunan Ng Crame,barangay,1381300000,1300000000,,1381300000,,,,,U,PSGC-2026-Q2-2026-06-30,bagong-lipunan-ng-crame
1381300009,137404009,Bagong Pag-asa,Bagong Pag-asa,barangay,1381300000,1300000000,,1381300000,,,,,U,PSGC-2026-Q2-2026-06-30,bagong-pag-asa-national-capital-region-ncr
1381300010,137404010,Bagong Silangan,Bagong Silangan,barangay,1381300000,1300000000,,1381300000,,,,,U,PSGC-2026-Q2-2026-06-30,bagong-silangan
1381300011,137404011,Bagumbayan,Bagumbayan,barangay,1381300000,1300000000,,1381300000,,,,,U,PSGC-2026-Q2-2026-06-30,bagumbayan-national-capital-region-ncr
1381300012,137404012,Bahay Toro,Bahay Toro,barangay,1381300000,1300000000,,1381300000,,,,,U,PSGC-2026-Q2-2026-06-30,bahay-toro
1381300013,137404013,Balingasa,Balingasa,barangay,1381300000,1300000000,,1381300000,,,,,U,PSGC-2026-Q2-2026-06-30,balingasa
1381300014,137404014,Bayanihan,Bayanihan,barangay,1381300000,1300000000,,1381300000,,,,,U,PSGC-2026-Q2-2026-06-30,bayanihan-national-capital-region-ncr
1381300015,137404015,Blue Ridge A,Blue Ridge A,barangay,1381300000,1300000000,,1381300000,,,,,U,PSGC-2026-Q2-2026-06-30,blue-ridge-a
1381300016,137404016,Blue Ridge B,Blue Ridge B,barangay,1381300000,1300000000,,1381300000,,,,,U,PSGC-2026-Q2-2026-06-30,blue-ridge-b
1381300017,137404017,Botocan,Botocan,barangay,1381300000,1300000000,,1381300000,,,,,U,PSGC-2026-Q2-2026-06-30,botocan-national-capital-region-ncr
1381300018,137404018,Bungad,Bungad,barangay,1381300000,1300000000,,1381300000,,,,,U,PSGC-2026-Q2-2026-06-30,bungad-national-capital-region-ncr
1381300019,137404019,Camp Aguinaldo,Camp Aguinaldo,barangay,1381300000,1300000000,,1381300000,,,,,U,PSGC-2026-Q2-2026-06-30,camp-aguinaldo
1381300020,137404020,Central,Central,barangay,1381300000,1300000000,,1381300000,,,,,U,PSGC-2026-Q2-2026-06-30,central-national-capital-region-ncr
1381300021,137404021,Claro,Claro,barangay,1381300000,1300000000,,1381300000,,,,,U,PSGC-2026-Q2-2026-06-30,claro
1381300022,137404022,Commonwealth,Commonwealth,barangay,1381300000,1300000000,,1381300000,,,,,U,PSGC-2026-Q2-2026-06-30,commonwealth
1381300023,137404023,New Era,New Era,barangay,1381300000,1300000000,,1381300000,,,Constitution Hills,,U,PSGC-2026-Q2-2026-06-30,new-era
1381300024,137404024,Kristong Hari,Kristong Hari,barangay,1381300000,1300000000,,1381300000,,,,,U,PSGC-2026-Q2-2026-06-30,kristong-hari
1381300025,137404025,Culiat,Culiat,barangay,1381300000,1300000000,,1381300000,,,,,U,PSGC-2026-Q2-2026-06-30,culiat-national-capital-region-ncr
1381300026,137404026,Damar,Damar,barangay,1381300000,1300000000,,1381300000,,,,,U,PSGC-2026-Q2-2026-06-30,damar
1381300027,137404027,Damayan,Damayan,barangay,1381300000,1300000000,,1381300000,,,,,U,PSGC-2026-Q2-2026-06-30,damayan-national-capital-region-ncr
1381300028,137404028,Damayang Lagi,Damayang Lagi,barangay,1381300000,1300000000,,1381300000,,,,,U,PSGC-2026-Q2-2026-06-30,damayang-lagi
1381300029,137404029,Del Monte,Del Monte,barangay,1381300000,1300000000,,1381300000,,,,,U,PSGC-2026-Q2-2026-06-30,del-monte
1381300030,137404030,Dioquino Zobel,Dioquino Zobel,barangay,1381300000,1300000000,,1381300000,,,,,U,PSGC-2026-Q2-2026-06-30,dioquino-zobel
1381300031,137404031,Doña Imelda,Doña Imelda,barangay,1381300000,1300000000,,1381300000,,,,,U,PSGC-2026-Q2-2026-06-30,dona-imelda-national-capital-region-ncr
1381300032,137404032,Doña Josefa,Doña Josefa,barangay,1381300000,1300000000,,1381300000,,,,,U,PSGC-2026-Q2-2026-06-30,dona-josefa-national-capital-region-ncr
1381300033,137404033,Don Manuel,Don Manuel,barangay,1381300000,1300000000,,1381300000,,,,,U,PSGC-2026-Q2-2026-06-30,don-manuel
1381300034,137404034,Duyan-duyan,Duyan-duyan,barangay,1381300000,1300000000,,1381300000,,,,,U,PSGC-2026-Q2-2026-06-30,duyan-duyan
1381300035,137404035,E. Rodriguez,E. Rodriguez,barangay,1381300000,1300000000,,1381300000,,,,,U,PSGC-2026-Q2-2026-06-30,e-rodriguez
1381300036,137404036,East Kamias,East Kamias,barangay,1381300000,1300000000,,1381300000,,,,,U,PSGC-2026-Q2-2026-06-30,east-kamias
1381300037,137404037,Escopa I,Escopa I,barangay,1381300000,1300000000,,1381300000,,,,,U,PSGC-2026-Q2-2026-06-30,escopa-i
1381300038,137404038,Escopa II,Escopa II,barangay,1381300000,1300000000,,1381300000,,,,,U,PSGC-2026-Q2-2026-06-30,escopa-ii
1381300039,137404039,Escopa III,Escopa III,barangay,1381300000,1300000000,,1381300000,,,,,U,PSGC-2026-Q2-2026-06-30,escopa-iii
1381300040,137404040,Escopa IV,Escopa IV,barangay,1381300000,1300000000,,1381300000,,,,,U,PSGC-2026-Q2-2026-06-30,escopa-iv
1381300041,137404041,Fairview,Fairview,barangay,1381300000,1300000000,,1381300000,,,,,U,PSGC-2026-Q2-2026-06-30,fairview
1381300042,137404042,N.S. Amoranto,N.S. Amoranto,barangay,1381300000,1300000000,,1381300000,,,Gintong Silahis,,U,PSGC-2026-Q2-2026-06-30,n-s-amoranto
1381300043,137404043,Gulod,Gulod,barangay,1381300000,1300000000,,1381300000,,,,,U,PSGC-2026-Q2-2026-06-30,gulod-national-capital-region-ncr
1381300044,137404044,Horseshoe,Horseshoe,barangay,1381300000,1300000000,,1381300000,,,,,U,PSGC-2026-Q2-2026-06-30,horseshoe
1381300045,137404045,Immaculate Concepcion,Immaculate Concepcion,barangay,1381300000,1300000000,,1381300000,,,,,U,PSGC-2026-Q2-2026-06-30,immaculate-concepcion
1381300046,137404046,Kaligayahan,Kaligayahan,barangay,1381300000,1300000000,,1381300000,,,,,U,PSGC-2026-Q2-2026-06-30,kaligayahan
1381300047,137404047,Kalusugan,Kalusugan,barangay,1381300000,1300000000,,1381300000,,,,,U,PSGC-2026-Q2-2026-06-30,kalusugan
1381300048,137404048,Kamuning,Kamuning,barangay,1381300000,1300000000,,1381300000,,,,,U,PSGC-2026-Q2-2026-06-30,kamuning-national-capital-region-ncr
1381300049,137404049,Katipunan,Katipunan,barangay,1381300000,1300000000,,1381300000,,,,,U,PSGC-2026-Q2-2026-06-30,katipunan-national-capital-region-ncr
1381300050,137404050,Kaunlaran,Kaunlaran,barangay,1381300000,1300000000,,1381300000,,,,,U,PSGC-2026-Q2-2026-06-30,kaunlaran
1381300051,137404051,Krus Na Ligas,Krus Na Ligas,barangay,1381300000,1300000000,,1381300000,,,,,U,PSGC-2026-Q2-2026-06-30,krus-na-ligas
1381300052,137404052,Laging Handa,Laging Handa,barangay,1381300000,1300000000,,1381300000,,,,,U,PSGC-2026-Q2-2026-06-30,laging-handa
1381300053,137404053,Libis,Libis,barangay,1381300000,1300000000,,1381300000,,,,,U,PSGC-2026-Q2-2026-06-30,libis-national-capital-region-ncr
1381300054,137404054,Lourdes,Lourdes,barangay,1381300000,1300000000,,1381300000,,,,,U,PSGC-2026-Q2-2026-06-30,lourdes-national-capital-region-ncr
1381300055,137404055,Loyola Heights,Loyola Heights,barangay,1381300000,1300000000,,1381300000,,,,,U,PSGC-2026-Q2-2026-06-30,loyola-heights
1381300056,137404056,Maharlika,Maharlika,barangay,1381300000,1300000000,,1381300000,,,,,U,PSGC-2026-Q2-2026-06-30,maharlika-national-capital-region-ncr
1381300057,137404057,Malaya,Malaya,barangay,1381300000,1300000000,,1381300000,,,,,U,PSGC-2026-Q2-2026-06-30,malaya-national-capital-region-ncr
1381300058,137404058,Manresa,Manresa,barangay,1381300000,1300000000,,1381300000,,,,,U,PSGC-2026-Q2-2026-06-30,manresa
1381300059,137404059,Mangga,Mangga,barangay,1381300000,1300000000,,1381300000,,,,,U,PSGC-2026-Q2-2026-06-30,mangga-national-capital-region-ncr
1381300060,137404060,Mariana,Mariana,barangay,1381300000,1300000000,,1381300000,,,,,U,PSGC-2026-Q2-2026-06-30,mariana
1381300061,137404061,Mariblo,Mariblo,barangay,1381300000,1300000000,,1381300000,,,,,U,PSGC-2026-Q2-2026-06-30,mariblo
1381300062,137404062,Marilag,Marilag,barangay,1381300000,1300000000,,1381300000,,,,,U,PSGC-2026-Q2-2026-06-30,marilag-national-capital-region-ncr
1381300063,137404063,Masagana,Masagana,barangay,1381300000,1300000000,,1381300000,,,,,U,PSGC-2026-Q2-2026-06-30,masagana-national-capital-region-ncr
1381300064,137404064,Masambong,Masambong,barangay,1381300000,1300000000,,1381300000,,,,,U,PSGC-2026-Q2-2026-06-30,masambong
1381300065,137404065,Santo Domingo,Santo Domingo,barangay,1381300000,1300000000,,1381300000,,,Matalahib,,U,PSGC-2026-Q2-2026-06-30,santo-domingo-national-capital-region-ncr
1381300066,137404066,Matandang Balara,Matandang Balara,barangay,1381300000,1300000000,,1381300000,,,,,U,PSGC-2026-Q2-2026-06-30,matandang-balara
1381300067,137404067,Milagrosa,Milagrosa,barangay,1381300000,1300000000,,1381300000,,,,,U,PSGC-2026-Q2-2026-06-30,milagrosa-national-capital-region-ncr
1381300068,137404068,Nagkaisang Nayon,Nagkaisang Nayon,barangay,1381300000,1300000000,,1381300000,,,,,U,PSGC-2026-Q2-2026-06-30,nagkaisang-nayon
1381300069,137404069,Nayong Kanluran,Nayong Kanluran,barangay,1381300000,1300000000,,1381300000,,,,,U,PSGC-2026-Q2-2026-06-30,nayong-kanluran
1381300070,137404070,Novaliches Proper,Novaliches Proper,barangay,1381300000,1300000000,,1381300000,,,,,U,PSGC-2026-Q2-2026-06-30,novaliches-proper
1381300071,137404071,Obrero,Obrero,barangay,1381300000,1300000000,,1381300000,,,,,U,PSGC-2026-Q2-2026-06-30,obrero-national-capital-region-ncr
1381300072,137404072,Old Capitol Site,Old Capitol Site,barangay,1381300000,1300000000,,1381300000,,,,,U,PSGC-2026-Q2-2026-06-30,old-capitol-site
1381300073,137404073,Paang Bundok,Paang Bundok,barangay,1381300000,1300000000,,1381300000,,,,,U,PSGC-2026-Q2-2026-06-30,paang-bundok-national-capital-region-ncr
1381300074,137404074,Pag-ibig Sa Nayon,Pag-ibig Sa Nayon,barangay,1381300000,1300000000,,1381300000,,,,,U,PSGC-2026-Q2-2026-06-30,pag-ibig-sa-nayon
1381300075,137404075,Paligsahan,Paligsahan,barangay,1381300000,1300000000,,1381300000,,,,,U,PSGC-2026-Q2-2026-06-30,paligsahan
1381300076,137404076,Paltok,Paltok,barangay,1381300000,1300000000,,1381300000,,,,,U,PSGC-2026-Q2-2026-06-30,paltok-national-capital-region-ncr
1381300077,137404077,Pansol,Pansol,barangay,1381300000,1300000000,,1381300000,,,,,U,PSGC-2026-Q2-2026-06-30,pansol-national-capital-region-ncr
1381300078,137404078,Paraiso,Paraiso,barangay,1381300000,1300000000,,1381300000,,,,,U,PSGC-2026-Q2-2026-06-30,paraiso-national-capital-region-ncr
1381300079,137404079,Pasong Putik Proper,Pasong Putik Proper,barangay,1381300000,1300000000,,1381300000,,,Pasong Putik,,U,PSGC-2026-Q2-2026-06-30,pasong-putik-proper
1381300080,137404080,Pasong Tamo,Pasong Tamo,barangay,1381300000,1300000000,,1381300000,,,,,U,PSGC-2026-Q2-2026-06-30,pasong-tamo
1381300081,137404081,Phil-Am,Phil-Am,barangay,1381300000,1300000000,,1381300000,,,,,U,PSGC-2026-Q2-2026-06-30,phil-am-national-capital-region-ncr
1381300082,137404082,Pinyahan,Pinyahan,barangay,1381300000,1300000000,,1381300000,,,,,U,PSGC-2026-Q2-2026-06-30,pinyahan
1381300083,137404083,Pinagkaisahan,Pinagkaisahan,barangay,1381300000,1300000000,,1381300000,,,,,U,PSGC-2026-Q2-2026-06-30,pinagkaisahan-national-capital-region-ncr-1381300083
1381300084,137404084,Project 6,Project 6,barangay,1381300000,1300000000,,1381300000,,,,,U,PSGC-2026-Q2-2026-06-30,project-6
1381300085,137404085,Quirino 2-A,Quirino 2-A,barangay,1381300000,1300000000,,1381300000,,,,,U,PSGC-2026-Q2-2026-06-30,quirino-2-a
1381300086,137404086,Quirino 2-B,Quirino 2-B,barangay,1381300000,1300000000,,1381300000,,,,,U,PSGC-2026-Q2-2026-06-30,quirino-2-b
1381300087,137404087,Quirino 2-C,Quirino 2-C,barangay,1381300000,1300000000,,1381300000,,,,,U,PSGC-2026-Q2-2026-06-30,quirino-2-c
1381300088,137404088,Quirino 3-A,Quirino 3-A,barangay,1381300000,1300000000,,1381300000,,,,,U,PSGC-2026-Q2-2026-06-30,quirino-3-a
1381300089,137404089,Ramon Magsaysay,Ramon Magsaysay,barangay,1381300000,1300000000,,1381300000,,,,,U,PSGC-2026-Q2-2026-06-30,ramon-magsaysay-national-capital-region-ncr
1381300090,137404090,Roxas,Roxas,barangay,1381300000,1300000000,,1381300000,,,,,U,PSGC-2026-Q2-2026-06-30,roxas-national-capital-region-ncr
1381300091,137404091,Sacred Heart,Sacred Heart,barangay,1381300000,1300000000,,1381300000,,,,,U,PSGC-2026-Q2-2026-06-30,sacred-heart
1381300092,137404092,Saint Ignatius,Saint Ignatius,barangay,1381300000,1300000000,,1381300000,,,,,U,PSGC-2026-Q2-2026-06-30,saint-ignatius
1381300093,137404093,Saint Peter,Saint Peter,barangay,1381300000,1300000000,,1381300000,,,,,U,PSGC-2026-Q2-2026-06-30,saint-peter
1381300094,137404094,Salvacion,Salvacion,barangay,1381300000,1300000000,,1381300000,,,,,U,PSGC-2026-Q2-2026-06-30,salvacion-national-capital-region-ncr
1381300095,137404095,San Agustin,San Agustin,barangay,1381300000,1300000000,,1381300000,,,,,U,PSGC-2026-Q2-2026-06-30,san-agustin-national-capital-region-ncr-1381300095
1381300096,137404096,San Antonio,San Antonio,barangay,1381300000,1300000000,,1381300000,,,,,U,PSGC-2026-Q2-2026-06-30,san-antonio-national-capital-region-ncr-1381300096
1381300097,137404097,San Bartolome,San Bartolome,barangay,1381300000,1300000000,,1381300000,,,,,U,PSGC-2026-Q2-2026-06-30,san-bartolome-national-capital-region-ncr
1381300098,137404098,San Isidro,San Isidro,barangay,1381300000,1300000000,,1381300000,,,,,U,PSGC-2026-Q2-2026-06-30,san-isidro-national-capital-region-ncr-1381300098
1381300099,137404099,San Isidro Labrador,San Isidro Labrador,barangay,1381300000,1300000000,,1381300000,,,,,U,PSGC-2026-Q2-2026-06-30,san-isidro-labrador
1381300100,137404100,San Jose,San Jose,barangay,1381300000,1300000000,,1381300000,,,,,U,PSGC-2026-Q2-2026-06-30,san-jose-national-capital-region-ncr-1381300100
1381300101,137404101,San Martin De Porres,San Martin De Porres,barangay,1381300000,1300000000,,1381300000,,,,,U,PSGC-2026-Q2-2026-06-30,san-martin-de-porres-national-capital-region-ncr-1381300101
1381300102,137404102,San Roque,San Roque,barangay,1381300000,1300000000,,1381300000,,,,,U,PSGC-2026-Q2-2026-06-30,san-roque-national-capital-region-ncr-1381300102
1381300103,137404103,San Vicente,San Vicente,barangay,1381300000,1300000000,,1381300000,,,,,U,PSGC-2026-Q2-2026-06-30,san-vicente-national-capital-region-ncr
1381300104,137404104,Santa Cruz,Santa Cruz,barangay,1381300000,1300000000,,1381300000,,,,,U,PSGC-2026-Q2-2026-06-30,santa-cruz-national-capital-region-ncr-1381300104
1381300105,137404105,Santa Lucia,Santa Lucia,barangay,1381300000,1300000000,,1381300000,,,,,U,PSGC-2026-Q2-2026-06-30,santa-lucia-national-capital-region-ncr-1381300105
1381300106,137404106,Santa Monica,Santa Monica,barangay,1381300000,1300000000,,1381300000,,,,,U,PSGC-2026-Q2-2026-06-30,santa-monica-national-capital-region-ncr
1381300107,137404107,Santa Teresita,Santa Teresita,barangay,1381300000,1300000000,,1381300000,,,,,U,PSGC-2026-Q2-2026-06-30,santa-teresita-national-capital-region-ncr
1381300108,137404108,Santo Cristo,Santo Cristo,barangay,1381300000,1300000000,,1381300000,,,,,U,PSGC-2026-Q2-2026-06-30,santo-cristo-national-capital-region-ncr
1381300109,137404109,Santo Niño,Santo Niño,barangay,1381300000,1300000000,,1381300000,,,,,U,PSGC-2026-Q2-2026-06-30,santo-nino-national-capital-region-ncr-1381300109
1381300110,137404110,Santol,Santol,barangay,1381300000,1300000000,,1381300000,,,,,U,PSGC-2026-Q2-2026-06-30,santol-national-capital-region-ncr
1381300111,137404111,Sauyo,Sauyo,barangay,1381300000,1300000000,,1381300000,,,,,U,PSGC-2026-Q2-2026-06-30,sauyo
1381300112,137404112,Sienna,Sienna,barangay,1381300000,1300000000,,1381300000,,,,,U,PSGC-2026-Q2-2026-06-30,sienna
1381300113,137404113,Sikatuna Village,Sikatuna Village,barangay,1381300000,1300000000,,1381300000,,,,,U,PSGC-2026-Q2-2026-06-30,sikatuna-village
1381300114,137404114,Silangan,Silangan,barangay,1381300000,1300000000,,1381300000,,,,,U,PSGC-2026-Q2-2026-06-30,silangan-national-capital-region-ncr
1381300115,137404115,Socorro,Socorro,barangay,1381300000,1300000000,,1381300000,,,,,U,PSGC-2026-Q2-2026-06-30,socorro-national-capital-region-ncr
1381300116,137404116,South Triangle,South Triangle,barangay,1381300000,1300000000,,1381300000,,,,,U,PSGC-2026-Q2-2026-06-30,south-triangle
1381300117,137404117,Tagumpay,Tagumpay,barangay,1381300000,1300000000,,1381300000,,,,,U,PSGC-2026-Q2-2026-06-30,tagumpay-national-capital-region-ncr
1381300118,137404118,Talayan,Talayan,barangay,1381300000,1300000000,,1381300000,,,,,U,PSGC-2026-Q2-2026-06-30,talayan
1381300119,137404119,Talipapa,Talipapa,barangay,1381300000,1300000000,,1381300000,,,,,U,PSGC-2026-Q2-2026-06-30,talipapa-national-capital-region-ncr
1381300120,137404120,Tandang Sora,Tandang Sora,barangay,1381300000,1300000000,,1381300000,,,,,U,PSGC-2026-Q2-2026-06-30,tandang-sora-national-capital-region-ncr
1381300121,137404121,Tatalon,Tatalon,barangay,1381300000,1300000000,,1381300000,,,,,U,PSGC-2026-Q2-2026-06-30,tatalon
1381300122,137404122,Teachers Village East,Teachers Village East,barangay,1381300000,1300000000,,1381300000,,,,,U,PSGC-2026-Q2-2026-06-30,teachers-village-east
1381300123,137404123,Teachers Village West,Teachers Village West,barangay,1381300000,1300000000,,1381300000,,,,,U,PSGC-2026-Q2-2026-06-30,teachers-village-west
1381300124,137404124,U.P. Campus,U.P. Campus,barangay,1381300000,1300000000,,1381300000,,,,,U,PSGC-2026-Q2-2026-06-30,u-p-campus
1381300125,137404125,U.P. Village,U.P. Village,barangay,1381300000,1300000000,,1381300000,,,,,U,PSGC-2026-Q2-2026-06-30,u-p-village
1381300126,137404126,Ugong Norte,Ugong Norte,barangay,1381300000,1300000000,,1381300000,,,,,U,PSGC-2026-Q2-2026-06-30,ugong-norte
1381300127,137404127,Unang Sigaw,Unang Sigaw,barangay,1381300000,1300000000,,1381300000,,,,,U,PSGC-2026-Q2-2026-06-30,unang-sigaw
1381300128,137404128,Valencia,Valencia,barangay,1381300000,1300000000,,1381300000,,,,,U,PSGC-2026-Q2-2026-06-30,valencia-national-capital-region-ncr
1381300129,137404129,Vasra,Vasra,barangay,1381300000,1300000000,,1381300000,,,,,U,PSGC-2026-Q2-2026-06-30,vasra
1381300130,137404130,Veterans Village,Veterans Village,barangay,1381300000,1300000000,,1381300000,,,,,U,PSGC-2026-Q2-2026-06-30,veterans-village
1381300131,137404131,Villa Maria Clara,Villa Maria Clara,barangay,1381300000,1300000000,,1381300000,,,,,U,PSGC-2026-Q2-2026-06-30,villa-maria-clara
1381300132,137404132,West Kamias,West Kamias,barangay,1381300000,1300000000,,1381300000,,,,,U,PSGC-2026-Q2-2026-06-30,west-kamias
1381300133,137404133,West Triangle,West Triangle,barangay,1381300000,1300000000,,1381300000,,,,,U,PSGC-2026-Q2-2026-06-30,west-triangle
1381300134,137404134,White Plains,White Plains,barangay,1381300000,1300000000,,1381300000,,,,,U,PSGC-2026-Q2-2026-06-30,white-plains
1381300135,137404135,Balong Bato,Balong Bato,barangay,1381300000,1300000000,,1381300000,,,,,U,PSGC-2026-Q2-2026-06-30,balong-bato-national-capital-region-ncr
1381300136,137404136,Capri,Capri,barangay,1381300000,1300000000,,1381300000,,,,,U,PSGC-2026-Q2-2026-06-30,capri
1381300137,137404137,Sangandaan,Sangandaan,barangay,1381300000,1300000000,,1381300000,,,,,U,PSGC-2026-Q2-2026-06-30,sangandaan
1381300138,137404138,Payatas,Payatas,barangay,1381300000,1300000000,,1381300000,,,,,U,PSGC-2026-Q2-2026-06-30,payatas
1381300139,137404139,Batasan Hills,Batasan Hills,barangay,1381300000,1300000000,,1381300000,,,,,U,PSGC-2026-Q2-2026-06-30,batasan-hills
1381300140,137404140,Holy Spirit,Holy Spirit,barangay,1381300000,1300000000,,1381300000,,,,,U,PSGC-2026-Q2-2026-06-30,holy-spirit
1381300141,137404141,Greater Lagro,Greater Lagro,barangay,1381300000,1300000000,,1381300000,,,,,U,PSGC-2026-Q2-2026-06-30,greater-lagro
1381300142,137404142,North Fairview,North Fairview,barangay,1381300000,1300000000,,1381300000,,,,,U,PSGC-2026-Q2-2026-06-30,north-fairview
1381400000,137405000,City of San Juan,San Juan City,city,1300000000,1300000000,,1381400000,Highly Urbanized City,1st,,,,PSGC-2026-Q2-2026-06-30,san-juan
1381400001,137405001,Addition Hills,Addition Hills,barangay,1381400000,1300000000,,1381400000,,,,,U,PSGC-2026-Q2-2026-06-30,addition-hills-national-capital-region-ncr-1381400001
1381400002,137405002,Balong-Bato,Balong-Bato,barangay,1381400000,1300000000,,1381400000,,,,,U,PSGC-2026-Q2-2026-06-30,balong-bato-national-capital-region-ncr-1381400002
1381400003,137405003,Batis,Batis,barangay,1381400000,1300000000,,1381400000,,,,,U,PSGC-2026-Q2-2026-06-30,batis
1381400004,137405004,Corazon De Jesus,Corazon De Jesus,barangay,1381400000,1300000000,,1381400000,,,,,U,PSGC-2026-Q2-2026-06-30,corazon-de-jesus-national-capital-region-ncr
1381400005,137405005,Ermitaño,Ermitaño,barangay,1381400000,1300000000,,1381400000,,,,,U,PSGC-2026-Q2-2026-06-30,ermitano
1381400006,137405006,Halo-halo,Halo-halo,barangay,1381400000,1300000000,,1381400000,,,St. Joseph,,U,PSGC-2026-Q2-2026-06-30,halo-halo
1381400007,137405007,Isabelita,Isabelita,barangay,1381400000,1300000000,,1381400000,,,,,U,PSGC-2026-Q2-2026-06-30,isabelita
1381400008,137405008,Kabayanan,Kabayanan,barangay,1381400000,1300000000,,1381400000,,,,,U,PSGC-2026-Q2-2026-06-30,kabayanan
1381400009,137405009,Little Baguio,Little Baguio,barangay,1381400000,1300000000,,1381400000,,,,,U,PSGC-2026-Q2-2026-06-30,little-baguio
1381400010,137405010,Maytunas,Maytunas,barangay,1381400000,1300000000,,1381400000,,,,,U,PSGC-2026-Q2-2026-06-30,maytunas
1381400011,137405011,Onse,Onse,barangay,1381400000,1300000000,,1381400000,,,,,U,PSGC-2026-Q2-2026-06-30,onse
1381400012,137405012,Pasadeña,Pasadeña,barangay,1381400000,1300000000,,1381400000,,,,,U,PSGC-2026-Q2-2026-06-30,pasadena-national-capital-region-ncr
1381400013,137405013,Pedro Cruz,Pedro Cruz,barangay,1381400000,1300000000,,1381400000,,,,,U,PSGC-2026-Q2-2026-06-30,pedro-cruz
1381400014,137405014,Progreso,Progreso,barangay,1381400000,1300000000,,1381400000,,,,,U,PSGC-2026-Q2-2026-06-30,progreso-national-capital-region-ncr
1381400015,137405015,Rivera,Rivera,barangay,1381400000,1300000000,,1381400000,,,,,U,PSGC-2026-Q2-2026-06-30,rivera
1381400016,137405016,Salapan,Salapan,barangay,1381400000,1300000000,,1381400000,,,,,U,PSGC-2026-Q2-2026-06-30,salapan
1381400017,137405017,San Perfecto,San Perfecto,barangay,1381400000,1300000000,,1381400000,,,,,U,PSGC-2026-Q2-2026-06-30,san-perfecto
1381400018,137405018,Santa Lucia,Santa Lucia,barangay,1381400000,1300000000,,1381400000,,,,,U,PSGC-2026-Q2-2026-06-30,santa-lucia-national-capital-region-ncr-1381400018
1381400019,137405019,Tibagan,Tibagan,barangay,1381400000,1300000000,,1381400000,,,,,U,PSGC-2026-Q2-2026-06-30,tibagan-national-capital-region-ncr
1381400020,137405020,West Crame,West Crame,barangay,1381400000,1300000000,,1381400000,,,,,U,PSGC-2026-Q2-2026-06-30,west-crame
1381400021,137405021,Greenhills,Greenhills,barangay,1381400000,1300000000,,1381400000,,,,,U,PSGC-2026-Q2-2026-06-30,greenhills
1381500000,137607000,City of Taguig,Taguig City,city,1300000000,1300000000,,1381500000,Highly Urbanized City,1st,,,,PSGC-2026-Q2-2026-06-30,taguig
1381500001,137607001,Tanyag,Tanyag,barangay,1381500000,1300000000,,1381500000,,,Bagong Tanyag,,U,PSGC-2026-Q2-2026-06-30,tanyag-national-capital-region-ncr
1381500002,137607002,Bagumbayan,Bagumbayan,barangay,1381500000,1300000000,,1381500000,,,,,U,PSGC-2026-Q2-2026-06-30,bagumbayan-national-capital-region-ncr-1381500002
1381500003,137607003,Bambang,Bambang,barangay,1381500000,1300000000,,1381500000,,,,,U,PSGC-2026-Q2-2026-06-30,bambang-national-capital-region-ncr-1381500003
1381500004,137607004,Calzada,Calzada,barangay,1381500000,1300000000,,1381500000,,,,,U,PSGC-2026-Q2-2026-06-30,calzada-national-capital-region-ncr
1381500005,137607005,Hagonoy,Hagonoy,barangay,1381500000,1300000000,,1381500000,,,,,U,PSGC-2026-Q2-2026-06-30,hagonoy-national-capital-region-ncr
1381500006,137607006,Ibayo-Tipas,Ibayo-Tipas,barangay,1381500000,1300000000,,1381500000,,,,,U,PSGC-2026-Q2-2026-06-30,ibayo-tipas
1381500007,137607007,Ligid-Tipas,Ligid-Tipas,barangay,1381500000,1300000000,,1381500000,,,,,U,PSGC-2026-Q2-2026-06-30,ligid-tipas
1381500008,137607008,Lower Bicutan,Lower Bicutan,barangay,1381500000,1300000000,,1381500000,,,,,U,PSGC-2026-Q2-2026-06-30,lower-bicutan
1381500009,137607009,Maharlika Village,Maharlika Village,barangay,1381500000,1300000000,,1381500000,,,,,U,PSGC-2026-Q2-2026-06-30,maharlika-village
1381500010,137607010,Napindan,Napindan,barangay,1381500000,1300000000,,1381500000,,,,,U,PSGC-2026-Q2-2026-06-30,napindan
1381500011,137607011,Palingon,Palingon,barangay,1381500000,1300000000,,1381500000,,,,,U,PSGC-2026-Q2-2026-06-30,palingon-national-capital-region-ncr
1381500012,137607012,Santa Ana,Santa Ana,barangay,1381500000,1300000000,,1381500000,,,,,U,PSGC-2026-Q2-2026-06-30,santa-ana-national-capital-region-ncr-1381500012
1381500013,137607013,Central Signal Village,Central Signal Village,barangay,1381500000,1300000000,,1381500000,,,Signal Village,,U,PSGC-2026-Q2-2026-06-30,central-signal-village
1381500014,137607014,Tuktukan,Tuktukan,barangay,1381500000,1300000000,,1381500000,,,,,U,PSGC-2026-Q2-2026-06-30,tuktukan-national-capital-region-ncr
1381500015,137607015,Upper Bicutan,Upper Bicutan,barangay,1381500000,1300000000,,1381500000,,,,,U,PSGC-2026-Q2-2026-06-30,upper-bicutan
1381500016,137607016,Ususan,Ususan,barangay,1381500000,1300000000,,1381500000,,,,,U,PSGC-2026-Q2-2026-06-30,ususan
1381500017,137607017,Wawa,Wawa,barangay,1381500000,1300000000,,1381500000,,,,,U,PSGC-2026-Q2-2026-06-30,wawa-national-capital-region-ncr
1381500018,137607018,Western Bicutan,Western Bicutan,barangay,1381500000,1300000000,,1381500000,,,,,U,PSGC-2026-Q2-2026-06-30,western-bicutan
1381500019,137607019,Central Bicutan,Central Bicutan,barangay,1381500000,1300000000,,1381500000,,,,,U,PSGC-2026-Q2-2026-06-30,central-bicutan
1381500020,137607020,Fort Bonifacio,Fort Bonifacio,barangay,1381500000,1300000000,,1381500000,,,,,U,PSGC-2026-Q2-2026-06-30,fort-bonifacio
1381500021,137607021,Katuparan,Katuparan,barangay,1381500000,1300000000,,1381500000,,,,,U,PSGC-2026-Q2-2026-06-30,katuparan
1381500022,137607022,New Lower Bicutan,New Lower Bicutan,barangay,1381500000,1300000000,,1381500000,,,,,U,PSGC-2026-Q2-2026-06-30,new-lower-bicutan
1381500023,137607023,North Daang Hari,North Daang Hari,barangay,1381500000,1300000000,,1381500000,,,,,U,PSGC-2026-Q2-2026-06-30,north-daang-hari
1381500024,137607024,North Signal Village,North Signal Village,barangay,1381500000,1300000000,,1381500000,,,,,U,PSGC-2026-Q2-2026-06-30,north-signal-village
1381500025,137607025,Pinagsama,Pinagsama,barangay,1381500000,1300000000,,1381500000,,,,,U,PSGC-2026-Q2-2026-06-30,pinagsama
1381500026,137607026,San Miguel,San Miguel,barangay,1381500000,1300000000,,1381500000,,,,,U,PSGC-2026-Q2-2026-06-30,san-miguel-national-capital-region-ncr-1381500026
1381500027,137607027,South Daang Hari,South Daang Hari,barangay,1381500000,1300000000,,1381500000,,,,,U,PSGC-2026-Q2-2026-06-30,south-daang-hari
1381500028,137607028,South Signal Village,South Signal Village,barangay,1381500000,1300000000,,1381500000,,,,,U,PSGC-2026-Q2-2026-06-30,south-signal-village
1381500029,137602003,Cembo,Cembo,barangay,1381500000,1300000000,,1381500000,,,,,U,PSGC-2026-Q2-2026-06-30,cembo
1381500030,137602004,Comembo,Comembo,barangay,1381500000,1300000000,,1381500000,,,,,U,PSGC-2026-Q2-2026-06-30,comembo
1381500031,137602007,East Rembo,East Rembo,barangay,1381500000,1300000000,,1381500000,,,,,U,PSGC-2026-Q2-2026-06-30,east-rembo
1381500032,137602016,Pembo,Pembo,barangay,1381500000,1300000000,,1381500000,,,,,U,PSGC-2026-Q2-2026-06-30,pembo
1381500033,137602019,Pitogo,Pitogo,barangay,1381500000,1300000000,,1381500000,,,,,U,PSGC-2026-Q2-2026-06-30,pitogo-national-capital-region-ncr
1381500034,137602021,Post Proper Northside,Post Proper Northside,barangay,1381500000,1300000000,,1381500000,,,,,U,PSGC-2026-Q2-2026-06-30,post-proper-northside
1381500035,137602022,Post Proper Southside,Post Proper Southside,barangay,1381500000,1300000000,,1381500000,,,,,U,PSGC-2026-Q2-2026-06-30,post-proper-southside
1381500036,137602033,Rizal,Rizal,barangay,1381500000,1300000000,,1381500000,,,,,U,PSGC-2026-Q2-2026-06-30,rizal-national-capital-region-ncr
1381500037,137602028,South Cembo,South Cembo,barangay,1381500000,1300000000,,1381500000,,,,,U,PSGC-2026-Q2-2026-06-30,south-cembo
1381500038,137602032,West Rembo,West Rembo,barangay,1381500000,1300000000,,1381500000,,,,,U,PSGC-2026-Q2-2026-06-30,west-rembo
1381600000,137504000,City of Valenzuela,Valenzuela City,city,1300000000,1300000000,,1381600000,Highly Urbanized City,1st,,,,PSGC-2026-Q2-2026-06-30,valenzuela
1381600001,137504001,Arkong Bato,Arkong Bato,barangay,1381600000,1300000000,,1381600000,,,,,U,PSGC-2026-Q2-2026-06-30,arkong-bato
1381600002,137504002,Bagbaguin,Bagbaguin,barangay,1381600000,1300000000,,1381600000,,,,,U,PSGC-2026-Q2-2026-06-30,bagbaguin-national-capital-region-ncr
1381600003,137504003,Balangkas,Balangkas,barangay,1381600000,1300000000,,1381600000,,,,,U,PSGC-2026-Q2-2026-06-30,balangkas
1381600004,137504004,Parada,Parada,barangay,1381600000,1300000000,,1381600000,,,,,U,PSGC-2026-Q2-2026-06-30,parada-national-capital-region-ncr
1381600005,137504005,Bignay,Bignay,barangay,1381600000,1300000000,,1381600000,,,,,U,PSGC-2026-Q2-2026-06-30,bignay-national-capital-region-ncr
1381600006,137504006,Bisig,Bisig,barangay,1381600000,1300000000,,1381600000,,,,,U,PSGC-2026-Q2-2026-06-30,bisig
1381600007,137504007,Canumay West,Canumay West,barangay,1381600000,1300000000,,1381600000,,,Canumay,,U,PSGC-2026-Q2-2026-06-30,canumay-west
1381600008,137504008,Karuhatan,Karuhatan,barangay,1381600000,1300000000,,1381600000,,,,,U,PSGC-2026-Q2-2026-06-30,karuhatan
1381600009,137504009,Coloong,Coloong,barangay,1381600000,1300000000,,1381600000,,,,,U,PSGC-2026-Q2-2026-06-30,coloong
1381600010,137504010,Dalandanan,Dalandanan,barangay,1381600000,1300000000,,1381600000,,,,,U,PSGC-2026-Q2-2026-06-30,dalandanan
1381600011,137504011,Gen. T. De Leon,Gen. T. De Leon,barangay,1381600000,1300000000,,1381600000,,,,,U,PSGC-2026-Q2-2026-06-30,gen-t-de-leon
1381600012,137504012,Isla,Isla,barangay,1381600000,1300000000,,1381600000,,,,,U,PSGC-2026-Q2-2026-06-30,isla-national-capital-region-ncr
1381600013,137504013,Lawang Bato,Lawang Bato,barangay,1381600000,1300000000,,1381600000,,,,,U,PSGC-2026-Q2-2026-06-30,lawang-bato
1381600014,137504014,Lingunan,Lingunan,barangay,1381600000,1300000000,,1381600000,,,,,U,PSGC-2026-Q2-2026-06-30,lingunan
1381600015,137504015,Mabolo,Mabolo,barangay,1381600000,1300000000,,1381600000,,,,,U,PSGC-2026-Q2-2026-06-30,mabolo-national-capital-region-ncr
1381600016,137504016,Malanday,Malanday,barangay,1381600000,1300000000,,1381600000,,,,,U,PSGC-2026-Q2-2026-06-30,malanday-national-capital-region-ncr-1381600016
1381600017,137504017,Malinta,Malinta,barangay,1381600000,1300000000,,1381600000,,,,,U,PSGC-2026-Q2-2026-06-30,malinta-national-capital-region-ncr
1381600018,137504018,Mapulang Lupa,Mapulang Lupa,barangay,1381600000,1300000000,,1381600000,,,,,U,PSGC-2026-Q2-2026-06-30,mapulang-lupa-national-capital-region-ncr
1381600019,137504019,Marulas,Marulas,barangay,1381600000,1300000000,,1381600000,,,,,U,PSGC-2026-Q2-2026-06-30,marulas-national-capital-region-ncr
1381600020,137504020,Maysan,Maysan,barangay,1381600000,1300000000,,1381600000,,,,,U,PSGC-2026-Q2-2026-06-30,maysan
1381600021,137504021,Palasan,Palasan,barangay,1381600000,1300000000,,1381600000,,,,,U,PSGC-2026-Q2-2026-06-30,palasan-national-capital-region-ncr
1381600022,137504022,Pariancillo Villa,Pariancillo Villa,barangay,1381600000,1300000000,,1381600000,,,,,U,PSGC-2026-Q2-2026-06-30,pariancillo-villa
1381600023,137504023,Paso De Blas,Paso De Blas,barangay,1381600000,1300000000,,1381600000,,,,,U,PSGC-2026-Q2-2026-06-30,paso-de-blas
1381600024,137504024,Pasolo,Pasolo,barangay,1381600000,1300000000,,1381600000,,,,,U,PSGC-2026-Q2-2026-06-30,pasolo
1381600025,137504025,Poblacion,Poblacion,barangay,1381600000,1300000000,,1381600000,,,,,U,PSGC-2026-Q2-2026-06-30,poblacion-national-capital-region-ncr-1381600025
1381600026,137504026,Pulo,Pulo,barangay,1381600000,1300000000,,1381600000,,,,,U,PSGC-2026-Q2-2026-06-30,pulo-national-capital-region-ncr
1381600027,137504027,Punturin,Punturin,barangay,1381600000,1300000000,,1381600000,,,,,U,PSGC-2026-Q2-2026-06-30,punturin
1381600028,137504028,Rincon,Rincon,barangay,1381600000,1300000000,,1381600000,,,,,U,PSGC-2026-Q2-2026-06-30,rincon
1381600029,137504029,Tagalag,Tagalag,barangay,1381600000,1300000000,,1381600000,,,,,U,PSGC-2026-Q2-2026-06-30,tagalag
1381600030,137504030,Ugong,Ugong,barangay,1381600000,1300000000,,1381600000,,,,,U,PSGC-2026-Q2-2026-06-30,ugong-national-capital-region-ncr-1381600030
1381600031,137504031,Viente Reales,Viente Reales,barangay,1381600000,1300000000,,1381600000,,,,,U,PSGC-2026-Q2-2026-06-30,viente-reales
1381600032,137504032,Wawang Pulo,Wawang Pulo,barangay,1381600000,1300000000,,1381600000,,,,,U,PSGC-2026-Q2-2026-06-30,wawang-pulo
1381600033,137504033,Canumay East,Canumay East,barangay,1381600000,1300000000,,1381600000,,,Canumay,,U,PSGC-2026-Q2-2026-06-30,canumay-east
1381701000,137606000,Pateros,Pateros,municipality,1300000000,1300000000,,1381701000,,1st,,,,PSGC-2026-Q2-2026-06-30,pateros
1381701001,137606001,Aguho,Aguho,barangay,1381701000,1300000000,,1381701000,,,,,U,PSGC-2026-Q2-2026-06-30,aguho
1381701002,137606002,Magtanggol,Magtanggol,barangay,1381701000,1300000000,,1381701000,,,,,U,PSGC-2026-Q2-2026-06-30,magtanggol-national-capital-region-ncr
1381701003,137606003,Martires Del 96,Martires Del 96,barangay,1381701000,1300000000,,1381701000,,,,,U,PSGC-2026-Q2-2026-06-30,martires-del-96
1381701004,137606004,Poblacion,Poblacion,barangay,1381701000,1300000000,,1381701000,,,,,U,PSGC-2026-Q2-2026-06-30,poblacion-national-capital-region-ncr-1381701004
1381701005,137606005,San Pedro,San Pedro,barangay,1381701000,1300000000,,1381701000,,,,,U,PSGC-2026-Q2-2026-06-30,san-pedro-national-capital-region-ncr
1381701006,137606006,San Roque,San Roque,barangay,1381701000,1300000000,,1381701000,,,,,U,PSGC-2026-Q2-2026-06-30,san-roque-national-capital-region-ncr-1381701006
1381701007,137606007,Santa Ana,Santa Ana,barangay,1381701000,1300000000,,1381701000,,,,,U,PSGC-2026-Q2-2026-06-30,santa-ana-national-capital-region-ncr-1381701007
1381701008,137606008,Santo Rosario-Kanluran,Santo Rosario-Kanluran,barangay,1381701000,1300000000,,1381701000,,,,,U,PSGC-2026-Q2-2026-06-30,santo-rosario-kanluran
1381701009,137606009,Santo Rosario-Silangan,Santo Rosario-Silangan,barangay,1381701000,1300000000,,1381701000,,,,,U,PSGC-2026-Q2-2026-06-30,santo-rosario-silangan
1381701010,137606010,Tabacalera,Tabacalera,barangay,1381701000,1300000000,,1381701000,,,,,U,PSGC-2026-Q2-2026-06-30,tabacalera
